聲符	諧聲域	轄字(原樣)	轄字(純字)	反切	中古地位	切拼	上古音參考	考釋備註
包	PU	𨚔	𨚔	博毛	幫豪一平	paw	pˤu	
包	PU	䎂	䎂	博抱	幫豪一上	pawq		
包	PU	包 胞 枹 苞 勹	包 胞 枹 苞 勹	布交	幫肴二平	paew	prˤu	
包	PU	飽	飽	博巧	幫肴二上	paewq	prˤuʔ	
包	PU	𢶉	𢶉	普麥	滂麥二入	pheek		
包	PU	胞 𨚔 䍖 泡	胞 𨚔 䍖 泡	匹交	滂肴二平	phaew	pʰrˤu	
包	PU	炮 皰	炮 皰	匹皃	滂肴二去	phaewh	pʰrˤuh	
包	PU	颮 鞄	颮 鞄	匹角	滂覺二入	phoeuk	pʰrˤuk	
包	PU	骲	骲	普木	滂屋一入	phouk	pʰˤok	
包	PU	袍 袌 軳	袍 袌 軳	薄襃	並豪一平	baw	bˤu	
包	PU	抱	抱	薄浩	並豪一上	bawq	bˤuʔ	
包	PU	勽 菢 袍	勽 菢 袍	薄報	並豪一去	bawh	bˤuh	
包	PU	庖 咆 匏 炮 炰 鉋 瓟 颮 鞄 狍 跑 泡 㯡	庖 咆 匏 炮 炰 鉋 瓟 颮 鞄 狍 跑 泡 㯡	薄交	並肴二平	baew	brˤu	
包	PU	鮑 骲 𡂟 鞄	鮑 骲 𡂟 鞄	薄巧	並肴二上	baewq	brˤuʔ	
包	PU	靤 皰 鞄 鉋 骲	靤 皰 鞄 鉋 骲	防敎	並肴二去	baewh	brˤuh	
包	PU	雹 跑 䮀 骲 瓟 窇	雹 跑 䮀 骲 瓟 窇	蒲角	並覺二入	boeuk	brˤuk	
包	PU	䛌	䛌	徒刀	定豪開一平	daw		·䛌，《說文》：「䛬，往來言也。一曰小兒未能正言也。一曰祝也。从言，匋聲。䛌，䛬或从包。」「䛌」定母徒刀切與「包」聲不合，鄔可晶謂「䛌」本讀並母，讀同｛䛬｝音很可能是同義換讀的結果，說見：鄔可晶《說古文字裏舊釋“陶”之字》。
包	PU	枹 䍖 𢀼 <𦰮>	枹 䍖 𢀼 𦰮	縛謀	並尤三平	bu	b(r)u	·𦮹，人姓，《玉篇》作「𦰮」，又或作「𢁀」，「𦮹」蓋爲「𦰮」之訛字。
包	PU	枹 玸	枹 玸	防無	並虞三平	buo		
𩅟	PU	𩅟	𩅟	蒲角	並覺二入	boeuk	brˤuk	·𩅟，《說文》：「雹，雨冰也。从雨、包聲。𩅟，古文雹。」
𠤏	PU	鴇 駂 𠤏	鴇 駂 𠤏	博抱	幫豪一上	pawq	pˤuʔ	·𠤏，《說文》：「𠤏，相次也。从匕从十。鴇从此。」其說不可信，陳劍先生以爲「𠤏」來自古文字「瓜(匏)」，其說甚是，見「瓜」字下。
保	PU	襃 褒	襃 褒	博毛	幫豪一平	paw	pˤu	
保	PU	保 𡥀 堢 堡 褓 緥 葆 宲 賲	保 𡥀 堢 堡 褓 緥 葆 宲 賲	博抱	幫豪一上	pawq	pˤuʔ	
保	PU	𩜿	𩜿	博巧	幫肴二上	paewq	prˤuʔ	
保	PU	㨐	㨐	方垢	幫侯一上	pouq	pˤoʔ	
保	PU	裒	裒	薄侯	並侯一平	bou	bˤo	·裒，蓋爲「襃」之變體。
孚	PU	脬	脬	匹交	滂肴二平	phaew	pʰrˤu	
孚	PU	捊	捊	薄侯	並侯一平	bou		
孚	PU	捊	捊	薄交	並肴二平	baew	brˤu	
孚	PU	哹	哹	甫鳩	幫尤三平	pu	p(r)u	
孚	PU	孚 郛 筟 俘 孵 䱐 罦 稃 莩 桴 㲗	孚 郛 筟 俘 孵 䱐 罦 稃 莩 桴 㲗	芳無	滂虞三平	phuo	pʰ(r)u	
孚	PU	䞯	䞯	芳遇	滂虞三去	phuoh	pʰ(r)uh	
孚	PU	浮 哹 桴 𥰛 罦 琈 粰 䳕 䱐 蜉 烰 𡦄 艀 䨗	浮 哹 桴 𥰛 罦 琈 粰 䳕 䱐 蜉 烰 𡦄 艀 䨗	縛謀	並尤三平	bu	b(r)u	
缶	PU	寶 珤	寶 珤	博抱	幫豪一上	pawq	pˤuʔ	
缶	PU	㯱	㯱	普袍	滂豪一平	phaw	pʰˤu	
缶	PU	缶 缹 𡜊	缶 缹 𡜊	方久	幫尤三上	puq	p(r)uʔ	
缶	PU	𡜊	𡜊	普才(來)	滂尤三平	tjhu		·𡜊，《名義》甫支反；《玉篇》甫九、普來二切；《王三》方久反（又音普來反）；《裴韻》方負反（又音普來反）；《廣韻》普才、方久二切。咍韻普才切之音與「缶」聲字形不合，疑本讀尤韻、下字作「求」，訛作「來」（如《王三》《裴韻》又音普來反，《玉篇》普來切），遂據以誤附此字於《咍韻》末。
缶	PU	𠛺 <㓡>	𠛺 㓡	芳武	滂虞三上	phuoq		·𠛺，「㓡」之訛字，刀握。《廣韻》引《說文》：「又方九切。刀握也。」《說文》作「㓡」。
缶	PU	㯱	㯱	符霄	並宵三A平	biew		
髟	PU	髟	髟	甫遙	幫宵三A平	piew		
髟	PU	髟	髟	甫烋	幫幽三平	pyiw	pu	·髟，《說文》：「髟，長髮猋猋也。从長从彡。」段玉裁注：「《五經文字》必由反、在古音三部；《桼部》䰍从此爲聲，可得此字之正音矣。音轉乃爲必凋切、匹妙切。其云所銜切者，大謬，誤認爲彡聲也。」從郭店簡「髟」字對讀傳世《君奭》「冒」看，古文字「髟」確在上古幽部。郭店楚簡《君子之於教》：「《君奭》曰：『唯髟(冒)不(丕)嘼(單)爯(稱)惪(德)。』22」今本《尚書·君奭》作「惟冒丕單稱德」。
髟	PU	䰍	䰍	許尤	曉尤三平	hu		·䰍，《說文》：「䰍，桼也。从桼，髟聲。」
阜	PU	䘀 阜 𨸏 𦰺 𨹺 <𩣸> 䧞 㷆	䘀 阜 𨸏 𦰺 𨹺 𩣸 䧞 㷆	房久	並尤三上	buq	b(r)uʔ	
𨺅	—	𨺅	𨺅	扶富	並尤三去	buh		·𨺅，《說文》：「𨺅，兩𨸏之閒也。从二𨸏。凡𨺅之屬皆从𨺅。」段玉裁注：「似醉切，按此字不得其音，大徐依𤎩讀也。《廣韵》、《玉篇》扶救切，又依𨸏音讀也。」
复	PUK	覆 𧕡 𠣾	覆 𧕡 𠣾	匹北	滂德一入	pheok		
复	PUK	鰒	鰒	蒲角	並覺二入	boeuk	brˤuk	
复	PUK	腹 複 𠋩 𥳇 鍑 輹	腹 複 𠋩 𥳇 鍑 輹	方六	幫屋三入	puk	p(r)uk	
复	PUK	鍑	鍑	方副	幫尤三去	puh	p(r)ukh	
复	PUK	蝮 覆 蕧 㙏 𥨍	蝮 覆 蕧 㙏 𥨍	芳福	滂屋三入	phuk	pʰ(r)uk	
复	PUK	覆 𤸑	覆 𤸑	敷救	滂尤三去	phuh	pʰ(r)ukh	
复	PUK	復 馥 蕧 輹 澓 椱 𩋟 𤸑 𪃃 𥨍 复 鰒	復 馥 蕧 輹 澓 椱 𩋟 𤸑 𪃃 𥨍 复 鰒	房六	並屋三入	buk	b(r)uk	
复	PUK	復 𢕒 𤸑 椱 覆 複	復 𢕒 𤸑 椱 覆 複	扶富	並尤三去	buh	b(r)ukh	
复	PUK	愎 馥	愎 馥	符逼	並職三入	byik		
報	PUK	報	報	博耗	幫豪一去	pawh	pˤukh	
牟	MU	眸 牟 侔 麰 𦭷 劺 恈 鴾 蛑	眸 牟 侔 麰 𦭷 劺 恈 鴾 蛑	莫浮	明尤三平	mu	mu	·牟，《說文》：「牟，牛鳴也。从牛，象其聲气从口出。」
牡	MU	牡	牡	莫厚	明侯一上	mouq	mruʔ	·牡，《說文》：「牡，畜父也。从牛，土聲。」「土」與「牡」聲母不諧，非聲。「牡」中之「土」本爲生殖器之形，後變形音化作「土」。說見：季旭昇《說“牡”“牝”》、周忠兵《甲骨文中幾個从“丄(牡)”字的考辨》等。
戊	MU	茂 戊	茂 戊	莫候	明侯一去	mouh	mruh	
矛	MU	茅 罞 鶜	茅 罞 鶜	莫交	明肴二平	maew	mrˤu	
矛	MU	雺	雺	莫綜	明冬一去	mongh		
矛	MU	罞 髳 雺	罞 髳 雺	莫紅	明東一平	moung		
矛	MU	雺 矛 𢦧 蟊	雺 矛 𢦧 蟊	莫浮	明尤三平	mu	mu	
矛	MU	袤 楙 懋 𦼪 雺	袤 楙 懋 𦼪 雺	莫候	明侯一去	mouh	mruh	
冃	MUK	瑁 𣔺 媢 艒 萺	瑁 𣔺 媢 艒 萺	莫沃	明沃一入	mok	mˤuk	
冃	MUK	冃 帽 瑁 𤣽 冒 𥈆 媢 𢯾 𣔺	冃 帽 瑁 𤣽 冒 𥈆 媢 𢯾 𣔺	莫報	明豪一去	mawh	mˤukh	
冃	MUK	冒 艒 𤲰	冒 艒 𤲰	莫北	明德一入	meok		
冃	MUK	媢 冃	媢 冃	武道	明豪一上	mawq		
冃	MUK	艒	艒	莫卜	明屋一入	mouk	mˤok	
冃	MUK	𠔼	𠔼	莫候	明侯一去	mouh		
冃	MUK	瑁	瑁	莫佩	明灰一去	mojh		
冃	MUK	賵	賵	撫鳳	滂東三去	phungh	pʰ(r)uŋh	
冃	MUK	𣻥 𢞦 𦑹	𣻥 𢞦 𦑹	防無	並虞三平	buo		
冃	MUK	𥈆	𥈆	許竹	曉屋三入	huk	m̥(r)uk	
冃	MUK	勖	勖	許玉	曉燭三入	huok	m̥(r)ok	
冃	MUK	萺	萺	莫六	明屋三入	muk		
冃	MUK	媢	媢	彌二	明脂三A去	mih		
𠃬	TU	𩕯	𩕯	都牢	端豪開一平	taw		
𠃬	TU	擣 䮻 檮 禱 㿒 壔 懤	擣 䮻 檮 禱 㿒 壔 懤	都晧	端豪開一上	tawq	tˤuʔ	
𠃬	TU	禱	禱	都導	端豪開一去	tawh	tˤuh	
𠃬	TU	㹗	㹗	土刀	透豪開一平	thaw	tʰˤu	
𠃬	TU	燾 濤 檮 翿 䬞	燾 濤 檮 翿 䬞	徒刀	定豪開一平	daw	dˤu	
𠃬	TU	翿 燾 幬 儔 䊭	翿 燾 幬 儔 䊭	徒到	定豪開一去	dawh	dˤuh	
𠃬	TU	鑄	鑄	之戍	章虞合三去	tjuoh	toh	
𠃬	TU	譸	譸	張流	知尤三平	tru	tru	
𠃬	TU	㹗	㹗	昌來	昌尤三平	tjhu		·㹗，牛羊無子。《說文》：「𤛒，牛羊無子也。从牛、𠷎聲。讀若糗糧之糗。」昌來切爲昌母咍韻，於韻例不合、亦與諧聲不合。葛信益曰：「案『㹗』，昌來切，與『壽』聲不諧。考《說文》『㹗』徒刀切。《玉篇》『㹗』徒刀、充刀二切。並無昌來之音。《切韻》及內府本、敦煌本、故宮影印本王韻咍韻亦不收『㹗』字。昌來之『來』，本『求』字之訛。查本書（廣韻）豪韻土刀切有『㹗』字，其注云『又昌來切』之『來』，元泰定本、小學彙函刻明本及《切韻》均作『求』，可證。」（說見：葛信益《〈廣韻〉訛奪舉正（增定稿）》）按葛氏所據本無作「求」者，然中古「求」「來」確係形近，謂下字本作「求」似可從。
𠃬	TU	𣫐 𣀓 醻 魗 𨞪	𣫐 𣀓 醻 魗 𨞪	市流	常尤三平	dju	du	
𠃬	TU	壽 𨞪 璹	壽 𨞪 璹	殖酉	常尤三上	djuq	duʔ	
𠃬	TU	壽	壽	承呪	常尤三去	djuh	duh	
𠃬	TU	璹	璹	殊六	常屋三入	djuk	duk	
𠃬	TU	儔 檮 躊 幬 𠷎 疇 燽 薵 籌 𪆇 𪇘 𦡴 懤 䬞 𨞪 𥲅	儔 檮 躊 幬 𠷎 疇 燽 薵 籌 𪆇 𪇘 𦡴 懤 䬞 𨞪 𥲅	直由	澄尤三平	dru	dru	
𠃬	TU	𦡴	𦡴	除柳	澄尤三上	druq		
𠃬	TU	㿒 懤	㿒 懤	直祐	澄尤三去	druh	druh	
舟	TU	鵃	鵃	陟交	知肴開二平	traew		
舟	TU	舟	舟	職流	章尤三平	tju	tu	
舟	TU	鵃	鵃	止遙	章宵開三平	tjiew		
舟	TU	輈 侜 𩢸 𧻖 𥎻 矪	輈 侜 𩢸 𧻖 𥎻 矪	張流	知尤三平	tru	tru	
受	TU	𤓾	𤓾	都導	端豪開一去	tawh		·𤓾，姓也，「受」之變體，可見北魏墓誌碑文。
受	TU	受 綬	受 綬	殖酉	常尤三上	djuq	duʔ	
受	TU	授 㖟 綬	授 㖟 綬	承呪	常尤三去	djuh	duh	
獸	TU	獸	獸	舒救	書尤三去	sjuh	stuh	
肘	TU	討	討	他浩	透豪開一上	thawq	tʰˤuʔ	
肘	TU	肘 疛 𤶡	肘 疛 𤶡	陟柳	知尤三上	truq	truʔ	
肘	TU	紂 䈙 葤	紂 䈙 葤	除柳	澄尤三上	druq	druʔ	
肘	TU	酎 疛	酎 疛	直祐	澄尤三去	druh		
肘	TU	守	守	書九	書尤三上	sjuq	stuʔ	
肘	TU	狩 守	狩 守	舒救	書尤三去	sjuh	stuh	
州	TU	州 洲 喌	州 洲 喌	職流	章尤三平	tju	tu	
州	TU	喌	喌	之六	章屋三入	tjuk	tuk	
州	TU	酬 詶	酬 詶	市流	常尤三平	dju	du	
州	TU	詶	詶	承呪	常尤三去	djuh		
晝	TU	晝	晝	陟救	知尤三去	truh	truh	·晝，《說文》：「从畫省，从日。」今人或說爲从「日」、「聿」聲（說見：何琳儀、黃錫全《㝬簋考釋六則》、劉釗《古璽格言璽考釋一則》），乖違音理，不可信。未詳。
帚	TU	帚 箒 鯞	帚 箒 鯞	之九	章尤三上	tjuq	tuʔ	
雔	TU	犫 犨	犫 犨	赤周	昌尤三平	tjhu	tʰu	
雔	TU	讎 雔	讎 雔	市流	常尤三平	dju	du	
雔	TU	售	售	承呪	常尤三去	djuh	duh	·售，《說文新附》：「售，賣去手也。从口，雔省聲。《詩》曰：『賈用不售』。」
冬	TUŊ	冬 𠔙 苳 鴤 笗 𩂓 𧲴	冬 𠔙 苳 鴤 笗 𩂓 𧲴	都宗	端冬一平	tong	tˤuŋ	
冬	TUŊ	炵	炵	他冬	透冬一平	thong		
冬	TUŊ	疼 佟 炵 鼕 㤏 𧹝 䶱 𠩁 鉖 㠽	疼 佟 炵 鼕 㤏 𧹝 䶱 𠩁 鉖 㠽	徒冬	定冬一平	dong	dˤuŋ	
冬	TUŊ	終 𣧩 螽 鼨 蔠 柊 䶱 鴤 䈺 泈	終 𣧩 螽 鼨 蔠 柊 䶱 鴤 䈺 泈	職戎	章東三平	tjung	tuŋ	
中	TUŊ	中 衷 忠 𦬕	中 衷 忠 𦬕	陟弓	知東三平	trung	truŋ	
中	TUŊ	中 衷	中 衷	陟仲	知東三去	trungh	truŋh	
中	TUŊ	忡 浺 盅	忡 浺 盅	敕中	徹東三平	trhung	tʰruŋ	
中	TUŊ	沖 种 盅 𦬕 翀	沖 种 盅 𦬕 翀	直弓	澄東三平	drung	druŋ	
中	TUŊ	仲 𩿀	仲 𩿀	直衆	澄東三去	drungh	druŋh	
充	TUŊ	統 𪎽	統 𪎽	他綜	透冬一去	thongh	tʰˤuŋ	
充	TUŊ	充 珫 茺 㤝 䘪 𪎽 㳘	充 珫 茺 㤝 䘪 𪎽 㳘	昌終	昌東三平	tjhung	tʰuŋ	·充，《說文》：「充，長也。高也。从儿，育省聲。」其說不可從。未詳。
充	TUŊ	銃	銃	充仲	昌東三去	tjhungh	tʰuŋh	
眾	TUŊ	衆 潨 𧑄 𩅧 䝦	衆 潨 𧑄 𩅧 䝦	職戎	章東三平	tjung	tuŋ	
眾	TUŊ	眾	眾	之仲	章東三去	tjungh	tuŋh	
叔	TUK	督 𧝴 錖 𤬂 𥓍 裻	督 𧝴 錖 𤬂 𥓍 裻	冬毒	端沃一入	tok	tˤuk	
叔	TUK	蔋 踧	蔋 踧	徒歷	定錫開四入	dek	dˤiuk	
叔	TUK	惄	惄	奴歷	泥錫開四入	nek	nˤiuk	·惄，憂也，又作「愵」、「𧖷」。
叔	TUK	𨲂 <䦊>	𨲂 䦊	奴鳥	泥蕭開四上	newq		·𨲂，「䦊」之訛字，𨱧䦊，中古篠韻疊韻詞，長而不勁。
叔	TUK	裻	裻	先篤	心沃一入	sok		·裻，《說文》：「裻，新衣聲。一曰背縫。从衣、叔聲。」段玉裁在「新衣聲」下注：「此當依《玉篇》先鵠切」；在「一曰背縫」下注：「此則冬毒切。」是也。《廣韻》“新衣聲”之義又音冬毒切，不可信，《切三》、《王一》、《裴韻》、《王三》、《唐韻》均無此音義。“背縫”義、音冬毒切，與「叔」聲密合；然“新衣聲”、音先篤切，聲母與凡「叔」聲字迥異，待考。
叔	TUK	琡	琡	之六	章屋三入	tjuk	t(i)uk	
叔	TUK	俶 琡 𣥹 埱	俶 琡 𣥹 埱	昌六	昌屋三入	tjhuk	tʰ(i)uk	
叔	TUK	敊	敊	丑六	徹屋三入	trhuk		
叔	TUK	淑 婌	淑 婌	殊六	常屋三入	djuk	d(i)uk	
叔	TUK	叔 鮛 掓 尗 菽	叔 鮛 掓 尗 菽	式竹	書屋三入	sjuk	st(i)uk	·尗，《說文》：「尗，豆也。象尗豆生之形也。」《說文》以「叔」爲「尗」聲，然古文字「叔」實爲表意字，象以手持杙植於土之形（參考：裘錫圭《釋“弋”》、謝明文《釋甲骨文中的“叔”字》）。字書中的「尗」蓋小學家剝離自「叔」字而附會｛菽｝詞所得，來源不古。傳世系統中的「尗」「叔」聲字有兩個不同的來源（說見：施瑞峰《試論“尗”聲系及相關字詞的離析》未刊稿）：一者爲前述表意字「叔」，古音在端組幽部TUK；另一者見《集成》02012（參考：裘錫圭《戎生編鐘銘文考釋》），古音在精組幽部TSIUK，秦漢時期「叔」左旁與後者合流作「尗」形。
毒	TUK	𧛔	𧛔	都導	端豪開一去	tawh		
毒	TUK	𧛔	𧛔	冬毒	端沃一入	tok		
毒	TUK	毒 𡹆 𦺇 蝳 瑇 纛 𢃶 碡	毒 𡹆 𦺇 蝳 瑇 纛 𢃶 碡	徒沃	定沃一入	dok	dˤuk	
毒	TUK	纛	纛	徒到	定豪開一去	dawh	dˤukh	
毒	TUK	碡	碡	徒谷	定屋一入	douk		
毒	TUK	瑇	瑇	徒耐	定咍開一去	deojh		
毒	TUK	碡	碡	直六	澄屋三入	druk		
竹	TUK	篤 竺 𧞶	篤 竺 𧞶	冬毒	端沃一入	tok	tˤuk	
竹	TUK	竺	竺	丁木	端屋一入	touk		
竹	TUK	竹 竺 筑 築 𥴁 茿	竹 竺 筑 築 𥴁 茿	張六	知屋三入	truk	truk	
竹	TUK	筑	筑	直六	澄屋三入	druk	druk	
孰	TUK	熟 孰 塾 𨷙 䃞	熟 孰 塾 𨷙 䃞	殊六	常屋三入	djuk	duk	·孰，《說文》：「孰，食飪也。从丮，𦎫聲。《易》曰：『孰飪。』」徐鍇曰：「從手，丮取是孰也。會意。」段玉裁注：「此會意。各本衍『聲』字，非也。殊六切。三部。」文部「𦎫」與幽部「孰」不諧，前人以「𦎫」非聲是也。陳劍先生以爲「丮」有｛祝｝音，「夙」以之爲聲，唯聲紐不合，見「夙」下。待考。
祝	TUK	祝 柷	祝 柷	之六	章屋三入	tjuk	tuk	
祝	TUK	呪 祝	呪 祝	職救	章尤三去	tjuh	tukh	
祝	TUK	柷	柷	昌六	昌屋三入	tjhuk	tʰuk	
祝	TUK	𡎺	𡎺	側六	莊屋三入	tsruk		
矗	—	矗	矗	初六	初屋三入	tsrhuk		
矗	—	矗	矗	丑六	徹屋三入	trhuk		
𠂤	TUI	磓 塠 頧 䭔 鴭 𢈹 鎚 搥 𩈜 𠂤 𡏩	磓 塠 頧 䭔 鴭 𢈹 鎚 搥 𩈜 𠂤 𡏩	都回	端灰合一平	toj	tˤui	
𠂤	TUI	𦞙 (䏨) 𡑈 頧	𦞙 䏨 𡑈 頧	都罪	端灰合一上	tojq	tˤuiʔ	·𦞙，《玉篇》系字書反「化罪」或「火罪」，讀曉母音，與「鬼」聲字形相諧，不誤；《切韻》系韻書反「都罪」，實爲「䏨𦞙」一詞中｛䏨｝之讀音，「䏨𦞙」又作「𦞙䏨」，以至二字換讀；又見呼罪切之「䏨(𦞙)」。
𠂤	TUI	𨋱 㷟	𨋱 㷟	他回	透灰合一平	thoj		
𠂤	TUI	追 䨨	追 䨨	陟隹	知脂合三平	trwi	trui	
𠂤	TUI	鎚 槌 桘	鎚 槌 桘	直追	澄脂合三平	drwi	drui	
𠂤	TUI	鎚	鎚	直類	澄脂合三去	drwih		
𠂤	TUI	縋 膇 槌	縋 膇 槌	馳僞	澄支合三去	drwieh	droi	
隹¹	TUI	堆 䜃 嵟	堆 䜃 嵟	都回	端灰合一平	toj	tˤui	
隹¹	TUI	碓	碓	都隊	端灰合一去	tojh	tˤuih	
隹¹	TUI	𨌴 蓷 推	𨌴 蓷 推	他回	透灰合一平	thoj	tʰˤui	
隹¹	TUI	㢈 魋 𧮓	㢈 魋 𧮓	杜回	定灰合一平	doj	dˤui	
隹¹	TUI	陮 𦶏	陮 𦶏	徒猥	定灰合一上	dojq	dˤuiʔ	
隹¹	TUI	𦞠	𦞠	徒渾	定魂合一平	don	dˤun	
隹¹	TUI	𩓬 <顀>	𩓬 顀	柱懷	澄皆合二平	drweej		
隹¹	TUI	隹 𪋇 騅 㮅 䶆 萑 鵻	隹 𪋇 騅 㮅 䶆 萑 鵻	職追	章脂合三平	tjwi	tui	·隹，上古「隹」形至少有兩個聲首：①端組微部TUI，乃｛隹｝*tui之表意字；②云組脂部WI，乃｛鷕｝*wiʔ之表意字。說參：鄭張尚芳《上古音系》第四章第二節2.3《部分喻四字古歸云母》。
隹¹	TUI	準 准	準 准	之尹	章真合三上	tjwinq	tunʔ	
隹¹	TUI	準	準	職悅	章薛合三入	tjwiet		
隹¹	TUI	推 蓷	推 蓷	叉隹	昌脂合三平	tjhwi		
隹¹	TUI	誰 脽	誰 脽	視隹	常脂合三平	djwi	dui	
隹¹	TUI	椎 顀	椎 顀	直追	澄脂合三平	drwi	drui	
隹¹	TUI	趡 踓 𨿐	趡 踓 𨿐	千水	清脂合三上	tshwiq		
水	TUI	水	水	式軌	書脂合三上	sjwiq	stuiʔ	
水	TUI	㽷 𥤼	㽷 𥤼	釋類	書脂合三去	sjwih		
水	TUI	𡬄	𡬄	其季	羣脂合三A去	gwih		·𡬄，《說文》：「𡬄，孰寐也。从㝱省，水聲。讀若悸。」
沝	—	沝	沝	之累	章支合三上	tjwieq		
𦎫	TUI TUN	敦	敦	都回	端灰合一平	toj	tˤui	
𦎫	TUI TUN	䇏	䇏	都罪	端灰合一上	tojq	tˤuiʔ	
𦎫	TUI TUN	敦 惇 弴 驐 墩 𤭞	敦 惇 弴 驐 墩 𤭞	都昆	端魂合一平	ton	tˤun	
𦎫	TUI TUN	敦	敦	都困	端魂合一去	tonh	tˤunh	
𦎫	TUI TUN	暾 燉 𪏆 噋 𧑒	暾 燉 𪏆 噋 𧑒	他昆	透魂合一平	thon	tʰˤun	
𦎫	TUI TUN	𧝋	𧝋	杜回	定灰合一平	doj		
𦎫	TUI TUN	錞	錞	徒猥	定灰合一上	dojq	dˤuiʔ	
𦎫	TUI TUN	憝 憞 譈 鐓 錞	憝 憞 譈 鐓 錞	徒對	定灰合一去	dojh	dˤuih	
𦎫	TUI TUN	燉 啍	燉 啍	徒渾	定魂合一平	don	dˤun	
𦎫	TUI TUN	敦	敦	度官	定寒合一平	dwan	dˤon	
𦎫	TUI TUN	諄 惇 𥇜	諄 惇 𥇜	章倫	章真合三平	tjwin	tun	
𦎫	TUI TUN	埻	埻	之尹	章真合三上	tjwinq	tunʔ	
𦎫	TUI TUN	稕 𦽑 諄 𥇜	稕 𦽑 諄 𥇜	之閏	章真合三去	tjwinh	tunh	
𦎫	TUI TUN	醇 鶉 𦎫 錞 淳 焞	醇 鶉 𦎫 錞 淳 焞	常倫	常真合三平	djwin	dun	
𦎫	TUI TUN	犉	犉	如勻	日真合三平	njwin	nun	
屯	TUN	頓 扽	頓 扽	都困	端魂合一去	tonh	tˤunh	
屯	TUN	黗	黗	他昆	透魂合一平	thon	tʰˤun	
屯	TUN	𤊯 吨 黗	𤊯 吨 黗	他衮	透魂合一上	thonq	tʰˤunʔ	
屯	TUN	屯 㹠 豘 窀 軘 飩 坉 沌 邨 忳 芚 庉 𪎶 𤫭	屯 㹠 豘 窀 軘 飩 坉 沌 邨 忳 芚 庉 𪎶 𤫭	徒渾	定魂合一平	don	dˤun	
屯	TUN	囤 𥫱 沌 坉 庉	囤 𥫱 沌 坉 庉	徒損	定魂合一上	donq	dˤunʔ	
屯	TUN	鈍	鈍	徒困	定魂合一去	donh	dˤunh	
屯	TUN	窀	窀	墜頑	澄山合二平	drween		
屯	TUN	肫 訰	肫 訰	章倫	章真合三平	tjwin	tun	
屯	TUN	純	純	之尹	章真合三上	tjwinq	tunʔ	
屯	TUN	盹 訰	盹 訰	之閏	章真合三去	tjwinh	tunh	
屯	TUN	屯 窀 迍	屯 窀 迍	陟綸	知真合三平	trwin	trun	
屯	TUN	春	春	昌脣	昌真合三平	tjhwin	tʰun	
屯	TUN	蠢 𢧨 䐏 踳 惷 偆 𢾎	蠢 𢧨 䐏 踳 惷 偆 𢾎	尺尹	昌真合三上	tjhwinq	tʰunʔ	
屯	TUN	椿 杶 瑃	椿 杶 瑃	丑倫	徹真合三平	trhwin	tʰrun	
屯	TUN	偆	偆	癡準	徹真合三上	trhwinq	tʰrunʔ	
屯	TUN	純 蒓 𡗥 䣩	純 蒓 𡗥 䣩	常倫	常真合三平	djwin	dun	
屯	TUN	䣩	䣩	直倫	澄真合三平	drwin		
屯	TUN	沌	沌	持兖	澄仙合三上	drwienq		
屯	TUN	賰	賰	式允	書真合三上	sjwinq		
屯	TUN	鬊	鬊	舒閏	書真合三去	sjwinh	stunh	
舛	TUN	舛 荈	舛 荈	昌兖	昌仙合三上	tjhwienq	tʰunʔ	
丑	NU	峱	峱	奴刀	泥豪開一平	naw		
丑	NU	𧖷	𧖷	奴歷	泥錫開四入	nek		·𧖷，《廣韻》：「𧖷，古文〔惄〕。」「𧖷」上部應爲聲符「衄」之訛形，說見：鄭珍《汗簡箋正》、李春桃《古文異體關係整理與研究》P156。
丑	NU	丑 杻 杽	丑 杻 杽	敕久	徹尤三上	trhuq	n̥ruʔ	
丑	NU	沑 粈	沑 粈	人九	日尤三上	njuq	nuʔ	
丑	NU	衄	衄	如六	日屋三入	njuk	nuk	
丑	NU	狃 紐 鈕 杻 莥 扭 䏔 𨙺 𦱙	狃 紐 鈕 杻 莥 扭 䏔 𨙺 𦱙	女久	孃尤三上	nruq	nruʔ	
丑	NU	𩚖 狃	𩚖 狃	女救	孃尤三去	nruh	nruh	
丑	NU	忸 衄 䖡 䂇 沑	忸 衄 䖡 䂇 沑	女六	孃屋三入	nruk	nruk	
丑	NU	扭	扭	陟柳	知尤三上	truq		
好	NU	薅	薅	呼毛	曉豪開一平	haw	n̥ˤu	·薅，《說文》：「薅，拔去田艸也。从蓐，好省聲。」
好	NU	好 𡚽	好 𡚽	呼晧	曉豪開一上	hawq	n̥ˤuʔ	·好，或說从「女」「子」會意；或說與「保」或「包」有關，待考。又作「𡚽」。可參：謝明文《釋甲骨文中的“抱”——兼論“包”字》、蔣玉斌《“包”字溯源》。
好	NU	好 𡚽	好 𡚽	呼到	曉豪開一去	hawh	n̥ˤuh	
休	NU	茠 𣐾	茠 𣐾	呼毛	曉豪開一平	haw		
休	NU	恘	恘	去秋	溪尤三平	khu		
休	NU	休 貅 㹯 鵂 𩢮 㾋 庥 髤 咻	休 貅 㹯 鵂 𩢮 㾋 庥 髤 咻	許尤	曉尤三平	hu	n̥u	·髤，「休」省聲。
休	NU	烋	烋	香幽	曉幽開三B平	hyiw		
休	NU	咻	咻	況羽	曉虞合三上	huoq		
柔	NU	猱	猱	奴刀	泥豪開一平	naw	nˤu	
柔	NU	柔 鍒 㽥 騥 蝚 蹂 葇 鞣 鰇 瑈 腬 鶔 揉 䰆 𨛶 <𨜙>	柔 鍒 㽥 騥 蝚 蹂 葇 鞣 鰇 瑈 腬 鶔 揉 䰆 𨛶 𨜙	耳由	日尤三平	nju	nu	·柔，《說文》：「柔，說文木曲直也。从木、矛聲。」許慎謂「柔」爲「矛」聲，音韻學家舊或以此爲N~M交替，實非。商代晚期金文（《集成》06926）有一獨體象形字，用爲專名、無義可考，或釋爲「柔」；西周晚期召伯簋（《集成》04293）見以其爲聲、从「言」之字，李學勤釋「𫍅」、讀爲｛擾｝，文從字順，可見前述殷金文沒有問題爲「柔」。早期「柔」乃整體表意字，構字本義待考，東周時期上部類化爲「矛」（也有與「矛」音近的成分，即變形音化），遂作「柔」之形。·𨛶，蓋「𨜙」之誤字。《集韻》：「𨛶，鄉名。或作𨜙。」
柔	NU	蹂 楺 煣 輮 葇 𥠊 韖	蹂 楺 煣 輮 葇 𥠊 韖	人九	日尤三上	njuq	nuʔ	
柔	NU	輮 蹂 煣 鞣	輮 蹂 煣 鞣	人又	日尤三去	njuh	nuh	
柔	NU	𧳨	𧳨	而沼	日宵開三上	njiewq		
柔	NU	𢔟	𢔟	女久	孃尤三上	nruq	nruʔ	
柔	NU	糅 腬 猱	糅 腬 猱	女救	孃尤三去	nruh	nruh	
羞	NU	羞 䡭	羞 䡭	息流	心尤三平	su	snu	·羞，前人多已指出，古文字从「又」持「羊」，會手持羊進獻之義，非「丑」聲。後「又」變形音化爲「丑」，遂作「羞」。
禸	NU	禸	禸	人九	日尤三上	njuq	nuʔ	
禸	NU	禸	禸	女久	孃尤三上	nruq		·禸，《說文》：「禸，獸足蹂地也。象形。九聲。《尔疋》曰：『狐貍貛貉醜，其足𨆌，其迹厹。』凡厹之屬皆从厹。蹂，篆文从足，柔聲。」今本《爾雅·釋獸》作「其跡𠘯」，《初學記》卷二十九引作「其跡狃」。
夒	NU	巎 𤫕 獿	巎 𤫕 獿	奴刀	泥豪開一平	naw	nˤu	
夒	NU	獿	獿	奴巧	孃肴開二上	nraewq	nrˤuʔ	
夒	NU	䐓	䐓	耳由	日尤三平	nju	nu	·䐓，或以爲「頁（首）」聲。袁瑩以爲東周時期「夒」之分化字，「爪」訛爲「肉」形，說見：袁瑩《說“䐓”》。今從後說。
夒	NU	㹛	㹛	如招	日宵開三平	njiew		
夒	NU	擾 𢹎 𤛾	擾 𢹎 𤛾	而沼	日宵開三上	njiewq		
匘	NU	堖 腦 𠜶 惱 碯 㺁 𧳦 㛴	堖 腦 𠜶 惱 碯 㺁 𧳦 㛴	奴晧	泥豪開一上	nawq	nˤuʔ	·腦，楚簡有一字對讀｛柔｝，郭店楚簡《六德》簡31：「仁類△(柔)而速」，陳劍先生將之與後世之「匘」「𠜶」「𦭣」聯繫起來（參：陳劍《郭店簡〈六德〉用爲“柔”之字考釋》），甚是。睡虎地秦簡《封診式》簡57：「𡵩(腦)角出(䪼)皆血出。」漢簡中「𡵩」漸漸訛變，遂作「𡿺」形（也有理據重構的成分），乃有所謂「𡿺」聲諸字。陳文初稿據「△」上推出有一“以刀斷艸”之形的聲首、定爲“芻蕘”之｛蕘｝的表意初文，不可信；其補記指出楚簡「△」與「夒」字有關，是也。甲金文有一字爲「夒」反持斧鉞之形，乃此系列諸字之聲首（參：鄔可晶《“夒”及有關諸字綜理》），《說文》「匘」字中的「匕」、《墨子》「𠜶」字中的「刀」爲「夒」身形之孑遺，可與上引楚簡「△」並觀。·𧳦，又作「𧳀」，或訛作「𧴎」。見平表切之「𧴎」。
匘	NU	腦	腦	那到	泥豪開一去	nawh		
匘	NU	𣲿	𣲿	女交	孃肴開二平	nraew		·𣲿，「𣲿沙」又作「硇沙」，其「𠬦」蓋爲「囟」之訛形，本「𡿺」省聲。
匘	NU	𧴎 <𧳀>	𧴎 𧳀	平表	並宵三B上	byewq		·𧴎，雌貈，正作「𧳦」，俗作「𧳀」，訛作「惢」或「歮」旁。《切韻》系韻書置於平表切，可疑。
戎	NUŊ	戎 𢦦 茙 㭜 駥 𥬪 𠈋 狨 絨	戎 𢦦 茙 㭜 駥 𥬪 𠈋 狨 絨	如融	日東三平	njung	nuŋ	
戎	NUŊ	𢫨	𢫨	而隴	日鍾三上	njuongq	noŋʔ	
戎	NUŊ	𢫨	𢫨	穠用	孃鍾三去	nruongh	nroŋh	
戎	NUŊ	𪀚 娀 㣝 𧊕 𨱿	𪀚 娀 㣝 𧊕 𨱿	息弓	心東三平	sung	snuŋ	
農	NUŊ NOŊ	農 䢉 辳 𨑋 𩟊 噥 𩅽 憹 㺜 儂 𧗕 膿	農 䢉 辳 𨑋 𩟊 噥 𩅽 憹 㺜 儂 𧗕 膿	奴冬	泥冬一平	nong	nˤuŋ	
農	NUŊ NOŊ	𨑊	𨑊	奴動	泥東一上	noungq	nˤoŋʔ	
農	NUŊ NOŊ	齈 癑	齈 癑	奴凍	泥東一去	noungh	nˤoŋh	
農	NUŊ NOŊ	㺜 𤣜 嶩	㺜 𤣜 嶩	奴刀	泥豪開一平	naw	nˤu	
農	NUŊ NOŊ	𦗳 𣰊 噥 𩟊 鬞 䁸 𪆯	𦗳 𣰊 噥 𩟊 鬞 䁸 𪆯	女江	孃江二平	nroeung		
農	NUŊ NOŊ	䃩 㺜	䃩 㺜	女交	孃肴開二平	nraew	nrˤu	
農	NUŊ NOŊ	襛 穠	襛 穠	而容	日鍾三平	njuong		
農	NUŊ NOŊ	𩼅	𩼅	而用	日鍾三去	njuongh		
農	NUŊ NOŊ	醲 𨑊 濃 襛 穠 檂 𪒬 𨲳	醲 𨑊 濃 襛 穠 檂 𪒬 𨲳	女容	孃鍾三平	nruong	nroŋ	
肉	NUK	肉	肉	如六	日屋三入	njuk	nuk	
肉	NUK	朒	朒	女六	孃屋三入	nruk		
甤	NUI	蕤 甤	蕤 甤	儒隹	日脂合三平	njwi	nui	·蕤、甤，大徐本《說文·生部》：「甤，草木實甤甤也。从生，豨省聲。讀若綏。」小徐本作「從生，豕聲。」驗之諧聲，皆不可從。秦簡有一字作「⿱艹豕」：放馬灘秦簡《日書》乙種：「毋(無)射、大(太)族、△賓之卦。252」（「△賓」即典籍之「蕤賓」、曾侯乙編鐘銘文作「妥賓」。）「甤」、「蕤」似應以之爲聲首，傳統以「蕤」爲「甤」聲非也。其字从「艸」从「豕」，理據不明。待考。
甤	NUI	甤	甤	如壘	日脂合三上	njwiq		
甤	NUI	甤	甤	如累	日支合三上	njwieq		
夊	NUI	夊	夊	楚危	初支合三平	tsrhue		
夊	NUI	䒘 夊	䒘 夊	息遺	心脂合三平	swi	snui	·夊，《說文·夊部》：「夊，行遲曳夊夊。象人兩脛有所躧也。」《毛詩·齊風·南山》「雄狐綏綏」，《玉篇》引《詩》云：「雄狐夊夊」。《詩攷補遺》引《詩說》：「有狐綏綏，《齊詩》作『有狐夊夊』。」此字傳世音泥組微部NUI，古文字「夊」似亦有此音。任鼎：「用夊大神。」董珊說讀爲｛綏｝，見：董珊《任鼎補釋——兼說亢鼎》。古文字材料中，「夊」亦讀端組歌部TOI，其證如：①楚簡文字中「夊」聲之「𪢶」讀爲｛錘｝（參考：白於藍.郭店楚墓竹簡考釋(四篇)》《說“綏”》、劉剛《楚銅貝“𪢶朱”的釋讀及相關問題》、李天虹《由嚴倉楚簡看戰國文字資料中“才”、“𪢶”兩字的釋讀》等）；②西周早期叔卣：「夊(垂)文遺工(功)。」（說見：董珊《新見魯叔四器銘文考釋》）③金文有人名用字作「⿰𠂤𪢶」，研究者或謂「𠂤」「𪢶」皆聲（或牽連「𠂤(次)」則非），按「𠂤」TUI與「𪢶」聲域接近，當是。端組歌部TOI之音與泥組微部NUI之音有別，但亦不遠。
繠	NUI NOI	蘂 蕊 繠	蘂 蕊 繠	如累	日支合三上	njwieq	noiʔ	
繠	NUI NOI	蕊 繠	蕊 繠	如壘	日脂合三上	njwiq	nuiʔ	·繠，《說文》：「繠，垂也。从惢，糸聲。」段玉裁注：「各本下有『聲』字，今刪。此會意字。糸者，所以系而垂之也。不入《糸部》者，重惢也。『惢』亦聲。如壘切。古音在十六部。」待考。
閏	NUN	瞤	瞤	如勻	日真合三平	njwin		
閏	NUN	閏 潤	閏 潤	如順	日真合三去	njwinh	nunh	·閏，《說文》謂「从王在門中」云云，不可信。何琳儀《戰國古文字典》疑「門」亦聲，非是。構形待考。
閏	NUN	撋	撋	而緣	日仙合三平	njwien		
退	NUT	腿	腿	吐猥	透灰合一上	thojq		
退	NUT	退 𢓴 𨓤	退 𢓴 𨓤	他内	透灰合一去	thojh	n̥ˤuth	
曹	TSU	糟 𦵩 <漕> 醩 遭 㷮 槽 傮 𣩒 㡟	糟 𦵩 漕 醩 遭 㷮 槽 傮 𣩒 㡟	作曹	精豪開一平	tsaw	tsˤu	·𦵩，蓋「漕」之訛字。
曹	TSU	㡟	㡟	七刀	清豪開一平	tshaw	tsʰˤu	
曹	TSU	曹 𣍘 槽 螬 嘈 䄚 艚 䏆 䐬 蓸 漕 褿	曹 𣍘 槽 螬 嘈 䄚 艚 䏆 䐬 蓸 漕 褿	昨勞	從豪開一平	dzaw	dzˤu	
曹	TSU	漕 𢲵	漕 𢲵	在到	從豪開一去	dzawh	dzˤuh	
曹	TSU	慒	慒	藏宗	從冬一平	dzong	dzˤuŋ	
曹	TSU	䏆	䏆	昨焦	從宵開三平	dziew		
曹	TSU	慒	慒	似尤	邪尤三平	zu		
掃	SU	埽 掃	埽 掃	蘇老	心豪開一上	sawq	sˤuʔ	·埽，大徐本《說文》：「埽，棄也。从土从帚。」小徐本作「從土，帚聲。」徐鍇曰「會意。」鈕樹玉《校錄》：「《繫傳》作『從土，帚聲。』然下有『鍇曰：會意。』蓋後人疑聲不近，幷去『聲』字。」其說是也，許慎《說文》本作「帚聲」。然「帚」聲母與「埽」不合，古文字學者多謂「帚」一形多用，既讀爲｛帚｝、又可讀爲｛掃｝。
掃	SU	埽 掃	埽 掃	蘇到	心豪開一去	sawh	sˤuh	
艸	TSU	艸	艸	采老	清豪開一上	tshawq	tsʰˤuʔ	
艸	TSU	造 艁 慥 糙	造 艁 慥 糙	七到	清豪開一去	tshawh	tsʰˤuh	
艸	TSU	造 艁	造 艁	昨早	從豪開一上	dzawq	dzˤuʔ	·造，傳世文字系統中“祝告”之「告」與「造」之聲符「告」來源不同，研究者論之已詳（說見：大西克也：《戰國楚系文字中的兩種“告”字——兼釋上博楚簡〈容成氏〉的“三俈”》等）。音韻學家舊據《說文》以「造」爲「告」聲，爲「造」構擬*sK-類複輔音，非是。「造」之聲符「告」上部本爲“草木”之象形「屮」（說見：陳劍《釋造》），是可視作以｛艸｝之表意字爲聲符，今據此說置合於「艸」聲。
艸	TSU	𠻛	𠻛	蘇后	心侯一上	souq		
艸	TSU	簉 䔏	簉 䔏	初救	初尤三去	tsrhuh		
早	TSU	早	早	子晧	精豪開一上	tsawq	tsˤuʔ	·早，《說文》：「𣅼，晨也。从日在甲上。」其篆及說解皆不可信。古文字｛早｝或作「⿱日棗」。「早」字構形待考。
早	TSU	草 騲 𠹊 愺	草 騲 𠹊 愺	采老	清豪開一上	tshawq	tsʰˤuʔ	
早	TSU	皁 𦯑	皁 𦯑	昨早	從豪開一上	dzawq	dzˤuʔ	
棗	TSU	棗	棗	子晧	精豪開一上	tsawq	tsˤuʔ	
㕚	TSU	𧎮 蚤	𧎮 蚤	子晧	精豪開一上	tsawq		
㕚	TSU	㕚 瑵	㕚 瑵	側絞	莊肴開二上	tsraewq	tsrˤuʔ	
㕚	TSU	慅	慅	采老	清豪開一上	tshawq		
㕚	TSU	𧒕 鼜	𧒕 鼜	倉歷	清錫開四入	tshek		
㕚	TSU	騷 搔 鰠 溞 颾 𠋺 慅	騷 搔 鰠 溞 颾 𠋺 慅	蘇遭	心豪開一平	saw	sˤu	
㕚	TSU	瘙	瘙	蘇到	心豪開一去	sawh	sˤuh	
㕚	TSU	糔	糔	息有	心尤三上	suq		
爪	TSU	抓	抓	側交	莊肴開二平	tsraew		
爪	TSU	爪 䝖 笊 𢁬 抓 𦬔	爪 䝖 笊 𢁬 抓 𦬔	側絞	莊肴開二上	tsraewq	tsrˤuʔ	
爪	TSU	抓 笊	抓 笊	側敎	莊肴開二去	tsraewh		
叟	SU	㮴 艘	㮴 艘	蘇遭	心豪開一平	saw	sˤu	
叟	SU	㛮 嫂 㛐 䕅	㛮 嫂 㛐 䕅	蘇老	心豪開一上	sawq	sˤuʔ	·㛐，「嫂」之俗字。「叟」「更」俗書相亂，可見：裘錫圭《新發現的居延漢簡的幾個問題》、梁春勝《楷書部件演變研究》等。
叟	SU	䩳	䩳	速侯	心侯一平	sou		
叟	SU	叜 叟 傁 瞍 謏 䏂 廋	叜 叟 傁 瞍 謏 䏂 廋	蘇后	心侯一上	souq		
叟	SU	謏	謏	蘇奏	心侯一去	souh		
叟	SU	艘 瞍	艘 瞍	蘇彫	心蕭開四平	sew	sˤiu	
叟	SU	𧩮 謏	𧩮 謏	先鳥	心蕭開四上	sewq	sˤiuʔ	
叟	SU	㪢	㪢	山巧	生肴開二上	sraewq		
叟	SU	𦃈	𦃈	七由	清尤三平	tshu		
叟	SU	遚	遚	初救	初尤三去	tsrhuh		
叟	SU	醙	醙	息有	心尤三上	suq		
叟	SU	𪂸	𪂸	息逐	心屋三入	suk	suk	
叟	SU	𢯱 搜 餿 颼 溲 鎪 廋 䕅 獀 鄋 螋 騪 醙 𧽏	𢯱 搜 餿 颼 溲 鎪 廋 䕅 獀 鄋 螋 騪 醙 𧽏	所鳩	生尤三平	sru	sru	
叟	SU	溲	溲	踈有	生尤三上	sruq	sruʔ	
叟	SU	𤸃 瘦	𤸃 瘦	所佑	生尤三去	sruh	sruh	
叟	SU	𧽏 謏	𧽏 謏	所六	生屋三入	sruk	sruk	
叟	SU	螋	螋	山芻	生虞合三平	sruo		
叟	SU	㵻	㵻	許尤	曉尤三平	hu		
蒐	SU	蒐	蒐	所鳩	生尤三平	sru	sru	·蒐，大徐本《說文》：「茅蒐，茹藘。人血所生，可以染絳。从艸从鬼。」小徐本作「從艸、鬼。」說文學家多以爲會意，然以「艸」「鬼」會意可怪。苗夔《說文聲訂》以爲「艸」亦聲。何琳儀《戰國古文字典》以爲本「畟」聲，小篆訛爲「鬼」，韻部不合，不可信。未詳。
蒐	SU	謖	謖	所六	生屋三入	sruk	sruk	·謖，此字不見於《說文》，然《爾雅》有之。此字中古音其音屋韻，歸上古屋部-uk，與職部「畟」TSƏK聲不合。疑爲「蒐」省聲，古文字「蒐」下有止形，遂流入「畟」旁。
㿷	—	㿷	㿷	七到	清豪開一去	tshawh		·㿷，「糙」之異體。
宗	TSUŊ	宗 倧	宗 倧	作冬	精冬一平	tsong	tsˤuŋ	
宗	TSUŊ	綜 䝋 錝	綜 䝋 錝	子宋	精冬一去	tsongh	tsˤuŋh	
宗	TSUŊ	粽	粽	作弄	精東一去	tsoungh		
宗	TSUŊ	賨 琮 悰 淙 鬃 孮 誴 𢃏	賨 琮 悰 淙 鬃 孮 誴 𢃏	藏宗	從冬一平	dzong	dzˤuŋ	
宗	TSUŊ	淙 鬃	淙 鬃	士江	崇江二平	dzroeung		
宗	TSUŊ	漴	漴	士絳	崇江二去	dzroeungh		
宗	TSUŊ	淙	淙	色絳	生江二去	sroeungh		
宗	TSUŊ	崇 崈 㓽 𩞉	崇 崈 㓽 𩞉	鋤弓	崇東三平	dzrung	dzruŋ	
宗	TSUŊ	㓽	㓽	仕仲	崇東三去	dzrungh		
潀	—	潨	潨	徂紅	從東一平	dzoung	dzˤuŋ	·潨，大徐本《說文·水部》：「潀，小水入大水曰潨。从水从眾。《詩》曰：『鳧鷖在潀。』」小徐本作「從水，衆聲。」段玉裁注：「从水、眾聲。此形聲包會意。」「潀」中古有章母、從母兩類讀法，前者與「眾」聲相諧而後者不合。白-沙爲後者擬*N-s-tˤuŋ，難信。待考。
潀	—	潨	潨	藏宗	從冬一平	dzong		·潨，見徂紅切之「潨」。
宋	SUŊ	宋	宋	蘇統	心冬一去	songh	sˤuŋh	
鼀	TSUK	竈	竈	則到	精豪開一去	tsawh	tsˤukh	
鼀	TSUK	𣤶	𣤶	子六	精屋三入	tsuk		
鼀	TSUK	鼀	鼀	七宿	清屋三入	tshuk	tsʰ(i)uk	·鼀，《說文》：「圥鼀，詹諸也。其鳴詹諸，其皮鼀鼀，其行圥圥。从黽从圥，圥亦聲。𪓰，鼀或从酋。」陳劍先生謂其聲首來自古文字中常讀爲｛秋｝的蟲形「𬟏」。說見：陳劍《說“竈”等字所從“黽”形的來源》。
鼀	TSUK	𣤶	𣤶	才六	從屋三入	dzuk		
就	TSUK	𧑙 噈 殧 𥷼 蹴	𧑙 噈 殧 𥷼 蹴	子六	精屋三入	tsuk	tsuk	
就	TSUK	僦	僦	即救	精尤三去	tsuh	tsukh	
就	TSUK	蹴 殧	蹴 殧	七宿	清屋三入	tshuk	tsʰuk	
就	TSUK	就 鷲 殧 㠇	就 鷲 殧 㠇	疾僦	從尤三去	dzuh	dzukh	·就，「𫢁」聲。
夙	SUK	洬	洬	先篤	心沃一入	sok		
夙	SUK	夙 𤥔 㑉	夙 𤥔 㑉	息逐	心屋三入	suk	suk	·夙，《說文》：「𡖊(夙)，早敬也。从丮，持事；雖夕不休：早敬者也。」陳劍先生以爲甲骨文中的「丮」有｛祝｝音，「孰」「夙」皆「丮」聲；謝明文據西周金文“夙夜”之｛夙｝作「丮」，謂「丮」有｛夙｝音（說見：謝明文《說夙及其相關之字》），說皆有理。然「孰」TUK、「夙」SUK聲母迥異，不可混爲一談。待考。
宿	SUK	宿 蓿 𠉦 𠈇 䑿	宿 蓿 𠉦 𠈇 䑿	息逐	心屋三入	suk	suk	
宿	SUK	宿	宿	息救	心尤三去	suh	sukh	
宿	SUK	縮 樎 蹜 摍 𧐴	縮 樎 蹜 摍 𧐴	所六	生屋三入	sruk	sruk	
玊	SUK	玊	玊	息逐	心屋三入	suk	suk	
玊	SUK	玊	玊	相玉	心燭三入	suok		
衰	TSUI TSOI	縗	縗	倉回	清灰合一平	tshoj	tsʰˤui	
衰	TSUI TSOI	蓑	蓑	蘇禾	心歌合一平	swa	sˤoi	
衰	TSUI TSOI	蓑	蓑	素回	心灰合一平	soj		
衰	TSUI TSOI	衰	衰	楚危	初支合三平	tsrhue	tsʰroi	
衰	TSUI TSOI	衰 榱 𤸬	衰 榱 𤸬	所追	生脂合三平	srui	srui	
崔	TSUI	嗺	嗺	臧回	精灰合一平	tsoj		
崔	TSUI	嶊	嶊	子罪	精灰合一上	tsojq		
崔	TSUI	崔 催 𨻵 𢕘 𧽠	崔 催 𨻵 𢕘 𧽠	倉回	清灰合一平	tshoj	tsʰˤui	·崔，《說文》：「崔，大高也。从山，隹聲。」「崔」與「隹¹」端組微部TUI、「隹²」云組脂部WI音皆不近，未詳，姑且立「崔」聲。
崔	TSUI	皠 漼 璀 鏙	皠 漼 璀 鏙	七罪	清灰合一上	tshojq		
崔	TSUI	摧 崔 慛 槯	摧 崔 慛 槯	昨回	從灰合一平	dzoj	dzˤui	
崔	TSUI	膗	膗	仕懷	崇皆合二平	dzrweej		
崔	TSUI	𤗯 嗺	𤗯 嗺	素回	心灰合一平	soj		
崔	TSUI	繀	繀	蘇内	心灰合一去	sojh		
崔	TSUI	嶉	嶉	醉綏	精脂合三平	tswi	tsui	
崔	TSUI	䜅	䜅	千侯	精脂合三平	tswi	tsui	·䜅，就也。《毛詩·邶風·北門》：「室人交徧摧我。」陸德明釋文：「摧，徂回反，沮也。或作催，音同。《韓詩》作『䜅』，音于隹、子隹二反，就也。」《廣雅·釋詁三》：「䜅，就也。」《名義》千隹反；《玉篇》以隹、十惟二切；《廣雅音註》子佳〔反〕；《王三》以隹(又十隹反)、千侯(又于隹反)二反；《廣韻》以追(又十隹切)、視隹(又以隹切)、千侯三切。按「䜅」乃「崔」聲，出《韓詩》，《毛詩》作「摧」、《說文》引《詩》作「催」，上古音無疑當在合口微部精組TSUI附近，由是可考中古諸音之不可信：①千侯切，其韻母與諧聲不合，該小韻只此一字，《王三》置於幽韻末，可怪。中古「侯」「隹」形近，「侯」爲「隹」之訛字（說見：葛信益《〈廣韻〉訛奪舉正（增定稿）》），《切韻》系韻書據他書收錄此切。②視隹切，其聲母與諧聲不合，《王三》視隹切無此字，當是《廣韻》據以隹切下又音「十隹反」增，然此類切語上字「十」似本爲「千」之訛字。由是誤讀常母，與「誰脽」同音。③于隹反，《釋文》有「于隹、子隹二反」，前者云母與諧聲不合，是誤自上字「千」之訛，此正誤同出。④以追切，其聲母可疑，趙少咸疑本自前已誤之「于隹反」（說見：趙少咸《廣韻疏證》），似非，切韻云母、以母後雖合流入喻母，然其反切尚有別、不相錯雜。察此音與「惟維濰蓶琟唯」同音，或爲望形誤讀。
崔	TSUI	䜅	䜅	視(十)隹	精脂合三平	tswi	tsui	·䜅，見千侯切之「䜅」。
崔	TSUI	嶉	嶉	遵誄	精脂合三上	tswiq	tsuiʔ	
崔	TSUI	嗺	嗺	子于(誅)	精脂合三上	tswiq	tsuiʔ	·嗺，原本《玉篇·山部》：「嶉，子誅反。」是本旨韻、反切下字作「誄」，早期字韻書切語用字訛作「誅」，遂誤讀虞韻，後世韻書沿襲其誤。
崔	TSUI	䜅	䜅	以追	以脂合三平	jwi		·䜅，見千侯切之「䜅」。
辠	TSUI	𣿒 𥼺	𣿒 𥼺	七罪	清灰合一上	tshojq		
辠	TSUI	辠	辠	徂賄	從灰合一上	dzojq	dzˤuiʔ	·辠，《說文》：「辠，犯法也。从辛从自，言辠人蹙鼻苦辛之憂。秦以辠似皇字，改爲罪。」朱駿聲《同訓定聲》以爲「自」聲，非。構形待考。
罪	TSUI	𣿓 䊫	𣿓 䊫	七罪	清灰合一上	tshojq		
罪	TSUI	罪 㠑	罪 㠑	徂賄	從灰合一上	dzojq	dzˤuiʔ	·罪，《說文》：「罪，捕魚竹网。从网、非。秦以罪爲辠字。」段玉裁改作「从网，非聲」，注云：「『聲』字舊缺，今補。本形聲之字。始皇改爲會意字也。徂賄切。十五部。」其意謂先有「非」聲之「罪」（因補「聲」字）、而後有始皇帝易「辠」之爲「罪」，則有二字。然段氏所謂形聲者無徵，似不必。今人或徑說「罪」爲「非」聲，不察其聲韻之不合，謬矣。
罪	TSUI	𢶀	𢶀	仕懷	崇皆合二平	dzrweej		
罪	TSUI	㠑	㠑	徂累	從脂合三上	dzwiq		
夋	TSUN TSON	脧 䘒 𡱥	脧 䘒 𡱥	臧回	精灰合一平	tsoj	tsˤui	
夋	TSUN TSON	捘	捘	子對	精灰合一去	tsojh	tsˤuih	
夋	TSUN TSON	焌 捘	焌 捘	子寸	精魂合一去	tsonh	tsˤunh	
夋	TSUN TSON	唆 梭	唆 梭	蘇禾	心歌合一平	swa		
夋	TSUN TSON	葰 䈗	葰 䈗	蘇果	心歌合一上	swaq		
夋	TSUN TSON	酸 狻 䝜 痠 𩆑	酸 狻 䝜 痠 𩆑	素官	心寒合一平	swan	sˤon	
夋	TSUN TSON	葰 𧫝 傻	葰 𧫝 傻	沙瓦	生麻合二上	srwaeq		·𧫝、傻，其右旁爲「夋」之訛形。說見：張小豔《説“傻”》。
夋	TSUN TSON	誜 傻	誜 傻	所化	生麻合二去	srwaeh		
夋	TSUN TSON	俊 晙 餕 畯 駿 㕙 𪕞 焌	俊 晙 餕 畯 駿 㕙 𪕞 焌	子峻	精真合三去	tswinh	tsun	
夋	TSUN TSON	鋑 脧	鋑 脧	子泉	精仙合三平	tswien	tson	
夋	TSUN TSON	逡 竣 皴 㕙 捘 踆 𠣟 夋	逡 竣 皴 㕙 捘 踆 𠣟 夋	七倫	清真合三平	tshwin	tsʰun	·夋，《說文》：「夋，行夋夋也。一曰倨也。从夊，允聲。」舊多謂「允」「夋」一字之分化，唯字形加不加腳形，恐非。考早期「畯」字之人形作蹲踞狀，與站立的「允」不同。余疑「畯」之聲首與「允」有別，是“蹲踞”之｛蹲/踆｝*dzˤun的表意字。
夋	TSUN TSON	悛	悛	此緣	清仙合三平	tshwien	tsʰon	
夋	TSUN TSON	焌	焌	倉聿	清質合三入	tshwit		
夋	TSUN TSON	䞭	䞭	七溜	清尤三去	tshuh		·䞭，急速皃，《說文》：「䞭，行趚(速)䞭[䞭]也。从走、夋聲。」段玉裁注：「《廣雅·釋室》曰：『䞭、犇也。子綏反。』今本『綏』譌『繡』。」《廣雅》：「䞭，犇也。」曹憲音注：「千繡〔反〕。」字又作「夋」、「逡」、「駿」、「浚」等。此字在上古精組文部TSUN無疑,《博雅音》千繡反、《廣韻》七溜切之韻母與「夋」聲字形及古音不合，後《集韻》所增七倫切合之。不諧的尤韻音似始於曹憲音千繡反，然段注改《博雅音》反切下字「繡」爲「綏」於字形甚遠，未可信。待考。
夋	TSUN TSON	𡺲 峻 浚 陖 埈 鵕 𢏤 晙	𡺲 峻 浚 陖 埈 鵕 𢏤 晙	私閏	心真合三去	swinh	sunh	
尊	TSUN	尊 罇 樽 嶟 繜	尊 罇 樽 嶟 繜	祖昆	精魂合一平	tson	tsˤun	
尊	TSUN	𠟃 撙 噂 譐 䔿 僔	𠟃 撙 噂 譐 䔿 僔	兹損	精魂合一上	tsonq	tsˤunʔ	
尊	TSUN	𩯄	𩯄	子寸	精魂合一去	tsonh		
尊	TSUN	村	村	此尊	清魂合一平	tshon	tsʰˤun	
尊	TSUN	忖 𢩭 刌	忖 𢩭 刌	倉本	清魂合一上	tshonq	tsʰˤunʔ	
尊	TSUN	寸	寸	倉困	清魂合一去	tshonh	tsʰˤunh	·寸，《說文》：「寸，十分也。人手卻一寸，動𧖴，謂之寸口。从又从一。」舊以爲會意，實爲「尊」之省形分化字。說見：李軼《先秦度量单位“尺”“寸”用字考》、李守奎《〈楚居〉中的樊字及出土楚文獻中與樊相關文例的釋讀》等。
尊	TSUN	蹲	蹲	徂尊	從魂合一平	dzon	dzˤun	
尊	TSUN	鱒	鱒	才本	從魂合一上	dzonq	dzˤunʔ	
尊	TSUN	鐏 𦪚 鱒	鐏 𦪚 鱒	徂悶	從魂合一去	dzonh	dzˤunh	
尊	TSUN	遵 嶟 鷷	遵 嶟 鷷	將倫	精真合三平	tswin	tsun	
尊	TSUN	壿 竴	壿 竴	七倫	清真合三平	tshwin	tsʰun	
尊	TSUN	𠥙	𠥙	此緣	清仙合三平	tshwien		
尊	TSUN	鷷	鷷	昨旬	從真合三平	dzwin	dzun	
灷	TSUN	㼱 𤮪	㼱 𤮪	子峻	精真合三去	tswinh	tsunh	·㼱，《廣韻》注「獵之韋袴」，是「𤮪」之省形字，嚴格來說與日母之「㼱」非一源。·𤮪，《說文》：「𤮪，羽獵韋絝。从㼱，灷聲。」北大漢簡《蒼頡篇》：「𤮪屨幋袍。17」古文字材料中有一部分「灷」及「灷」聲字音精組文部TSUN（與後來從「朕」中離析出來的「灷」非一源，「朕」字源流參看鄔可晶、施瑞峰《説“朕”“灷”》），其例如戰國楚簡中「灷」聲字讀爲｛寸｝｛尊｝｛愻｝等（可參：沈培《上博簡〈緇衣〉篇“⿱关心”字解》等）。此字形聲與中古子峻切之「𤮪」讀音密合，「𤮪」沒有問題是以此「灷」爲聲的。
孫	SUN	孫 蓀 猻 搎	孫 蓀 猻 搎	思渾	心魂合一平	son	sˤun	
孫	SUN	𠹀 遜 愻	𠹀 遜 愻	蘇困	心魂合一去	sonh	sˤunh	
卒	TSUT	卒 倅 稡	卒 倅 稡	臧沒	精沒合一入	tsot	tsˤut	
卒	TSUT	晬 祽 𪓌 綷 𢃒	晬 祽 𪓌 綷 𢃒	子對	精灰合一去	tsojh	tsˤuth	
卒	TSUT	𢃒	𢃒	祖外	精泰合一去	tswajh		
卒	TSUT	猝 卒 𣨛	猝 卒 𣨛	倉沒	清沒合一入	tshot	tsʰˤut	
卒	TSUT	倅 淬 焠 啐	倅 淬 焠 啐	七内	清灰合一去	tshojh	tsʰˤuth	
卒	TSUT	啐	啐	倉夬	初夬合二去	tsrhwaejh		
卒	TSUT	捽 椊 𪘧 䚝 崒 𩩠	捽 椊 𪘧 䚝 崒 𩩠	昨沒	從沒合一入	dzot	dzˤut	
卒	TSUT	窣 㲞	窣 㲞	蘇骨	心沒合一入	sot	sˤut	
卒	TSUT	碎 𤭢 誶 啐	碎 𤭢 誶 啐	蘇内	心灰合一去	sojh	sˤuth	
卒	TSUT	卒 𣨛 䱣 㰵 啐	卒 𣨛 䱣 㰵 啐	子聿	精質合三入	tswit	tsut	
卒	TSUT	醉	醉	將遂	精脂合三去	tswih	tsuth	
卒	TSUT	濢 噿 臎	濢 噿 臎	遵誄	精脂合三上	tswiq		
卒	TSUT	翠 濢 臎	翠 濢 臎	七醉	清脂合三去	tshwih	tsʰuth	
卒	TSUT	𪘧	𪘧	初栗	初櫛開三入	tsrhyit		
卒	TSUT	崒 踤 誶 捽	崒 踤 誶 捽	慈卹	從質合三入	dzwit	dzut	
卒	TSUT	萃 顇 悴 㱖 瘁	萃 顇 悴 㱖 瘁	秦醉	從脂合三去	dzwih	dzuth	
卒	TSUT	誶 粹 睟 賥	誶 粹 睟 賥	雖遂	心脂合三去	swih	suth	
皋	KU	皐 皋 㟸 鷎 槔 䚌 䔌 㤒 䆁 <𥢐> 䣗	皐 皋 㟸 鷎 槔 䚌 䔌 㤒 䆁 𥢐 䣗	古勞	見豪開一平	kaw	kˤu	·皋，《說文》：「皋，气皋白之進也。从𠦍从白。《禮》：祝曰皋，登謌曰奏。故皋奏皆从夲。《周禮》曰：『詔來鼓皋舞。』皋，告之也。」其說不可信。
皋	KU	嗥 獆 䫧 𨼍	嗥 獆 䫧 𨼍	胡刀	匣豪開一平	ghaw	ɡˤu	
皋	KU	暤	暤	胡老	匣豪開一上	ghawq	ɡˤuʔ	
皋	KU	䜂 𡟷	䜂 𡟷	胡倒	匣豪開一去	ghawh		
皋	KU	䜰	䜰	呼毛	曉豪開一平	haw		
皋	KU	𦞵	𦞵	許幺	曉蕭開四平	hew		
皋	KU	翱	翱	五勞	疑豪開一平	ngaw	ŋˤu	
皋	KU	𩔇 <𩕍>	𩔇 𩕍	盧晧	來豪開一上	lawq		·𩔇，「𩕍」之訛字，本「皋」聲，《玉篇》正作「𩕍」。
皋	KU	㿁	㿁	餘昭	以宵開三平	jiew		·㿁，臃腫，又作「𦟞」。《廣雅·釋詁二》：「𦟞，腫也。」曹憲音注：「呼堯〔反〕」《名義》王聊反、《玉篇》火聊切，與字形相合；《王三》余招反、《廣韻》餘昭切，以母讀法與「皋」聲字形不合。待考。
羔	KU LEU	羔 餻	羔 餻	古勞	見豪開一平	kaw	kˤu	
羔	KU LEU	䅵	䅵	古沃	見沃一入	kok		
羔	KU LEU	㚠 䫞	㚠 䫞	許幺	曉蕭開四平	hew	hˤeu	
羔	KU LEU	窯	窯	餘昭	以宵開三平	jiew	leu	·窯，《說文》：「窯，燒瓦竈也。从穴，羔聲。」
羔	KU LEU	溔	溔	以沼	以宵開三上	jiewq		
羔	KU LEU	䫞 㚠	䫞 㚠	去遙	溪宵開三A平	khiew		
羔	KU LEU	䅵 禚	䅵 禚	之若	章藥開三入	tjyak		
昊	KU	昊 𨛴	昊 𨛴	胡老	匣豪開一上	ghawq	ɡˤuʔ	
九	KU	𠹝	𠹝	烏候	影侯一去	qouh		
九	KU	尻 訄	尻 訄	苦刀	溪豪開一平	khaw	kʰˤu	
九	KU	猇	猇	胡茅	匣肴開二平	ghaew		·猇，蓋「虓」省聲。
九	KU	虓 猇	虓 猇	許交	曉肴開二平	haew	hrˤu	·猇，蓋「虓」省聲。
九	KU	鳩 勼	鳩 勼	居求	見尤三平	ku	ku	
九	KU	九	九	舉有	見尤三上	kuq	kuʔ	
九	KU	究	究	居祐	見尤三去	kuh	kuh	
九	KU	軌 朹 𣷾 宄 匭 氿 𧗝	軌 朹 𣷾 宄 匭 氿 𧗝	居洧	見脂合三B上	kuiq	kruʔ	
九	KU	𨸰 㘲 𩬜 𣐊 𧿻 泦	𨸰 㘲 𩬜 𣐊 𧿻 泦	居六	見屋三入	kuk		
九	KU	訄	訄	去鳩	溪尤三平	khu	kʰu	
九	KU	仇 叴 厹 頄 艽 鼽 朹 㭝 馗 䊵 䜪 扏 犰 訅 釚 肍 𦬖 訄	仇 叴 厹 頄 艽 鼽 朹 㭝 馗 䊵 䜪 扏 犰 訅 釚 肍 𦬖 訄	巨鳩	羣尤三平	gu	ɡu	
九	KU	馗 艽 頄	馗 艽 頄	渠追	羣脂合三B平	gui	ɡru	
九	KU	旭	旭	許玉	曉燭三入	huok	hok	
九	KU	㙀	㙀	力救	來尤三去	luh		
韭	KU	韭	韭	舉有	見尤三上	kuq	kuʔ	
咎	KU	櫜 咎 鼛 𣓌 倃 䓘	櫜 咎 鼛 𣓌 倃 䓘	古勞	見豪開一平	kaw	kˤu	
咎	KU	𣓌	𣓌	古老	見豪開一上	kawq	kˤuʔ	
咎	KU	𥢑	𥢑	胡老	匣豪開一上	ghawq	ɡˤuʔ	
咎	KU	晷 厬	晷 厬	居洧	見脂合三B上	kuiq	kruʔ	
咎	KU	𦜵 𢛃	𦜵 𢛃	巨鳩	羣尤三平	gu	ɡu	
咎	KU	倃 麔 咎 𤷑 𢛃 䛮	倃 麔 咎 𤷑 𢛃 䛮	其九	羣尤三上	guq	ɡuʔ	
咎	KU	𦜵	𦜵	許尤	曉尤三平	hu		
咎	KU	㰶 㹾	㰶 㹾	平表	並宵三B上	byewq		·㰶、㹾，「㰶」「㹾」二字皆「咎」聲，不當音並母，察其他字韻書及音義書音群母、適與諧聲相合。趙少咸以爲《廣韻》承《龍龕》之誤（參：趙少咸《廣韻疏證》P2031），非。王仁昫《切韻》已置「㰶」「㹾」「麔」三個「咎」聲字於《小韻》平表反，誤自唐人增補《切韻》。誤因待考。
咎	KU	綹	綹	力久	來尤三上	luq		·綹，《說文》：「綹，緯十縷爲綹。从糸，咎聲。讀若柳。」
求	KU	救 𧧷	救 𧧷	居祐	見尤三去	kuh	kuh	
求	KU	捄	捄	舉朱	見虞合三平	kuo		
求	KU	求 𡨃 蛷 𧒔 逑 球 莍 䣇 賕 殏 梂 俅 脙 絿 銶 𩒮 𥭑 毬 䟵 𧻱 捄	求 𡨃 蛷 𧒔 逑 球 莍 䣇 賕 殏 梂 俅 脙 絿 銶 𩒮 𥭑 毬 䟵 𧻱 捄	巨鳩	羣尤三平	gu	ɡu	·求，傳世文字系統的「求」有兩個來源：一爲一般的「求」，裘錫圭先生以爲｛𧒔｝之初文（說見：裘錫圭《釋“求”》）；一爲陳劍先生所釋「逑」之聲首（說見：陳劍《據郭店簡釋讀西周金文一例》）。二者形音皆近，故混而一。
求	KU	觩 𤙠	觩 𤙠	渠幽	羣幽開三平	giw	ɡiu	
求	KU	脙	脙	許尤	曉尤三平	hu	hu	
𢌳	KU	䟸	䟸	居追	見脂合三B平	kui	kru	
𢌳	KU	頯	頯	居洧	見脂合三B上	kuiq	kruʔ	
𢌳	KU	䟸 頯 𢌳	䟸 頯 𢌳	渠追	羣脂合三B平	gui	ɡru	·𢌳，《說文》：「𢌳，持弩拊。从廾、肉。讀若逵。」
𣪘	KU	孂	孂	居夭	見宵開三B上	kyewq		·孂，《說文》：「孂，竦身也。从女，簋聲。讀若《詩》『糾糾葛屨』。」《名義》居黝反；《玉篇》居夭、居黝二切；《王三》居沼、下忝二反；《廣韻》居夭、兼玷、古得三切。《廣韻》「孂」字三讀同義；古得切下云：「孂，竦身皃。出《玉篇》。」驗之《玉篇》系字書，頗疑該德韻讀法爲下字「黝」省訛作「黑」而誤。兼玷切費解，或爲下字「黝」訛作「點」而誤，待考。
𣪘	KU	孂	孂	兼玷(點)	見幽開三上	kiwq		·孂，見居夭切之「孂」。
𣪘	KU	孂	孂	古得(黑)	見幽開三上	kiwq		·孂，見居夭切之「孂」。
𣪘	KU	簋 𠥗	簋 𠥗	居洧	見脂合三B上	kuiq	kruʔ	
𣪘	KU	廏 𣪘 匓 𨖏	廏 𣪘 匓 𨖏	居祐	見尤三去	kuh	ku	
𣪘	KU	𣪘	𣪘	去秋	溪尤三平	khu	kʰu	
丩	KU KO	釗 <䤛>	釗 䤛	古堯	見蕭開四平	kew	kˤiu	·釗，古堯切此字本作「䤛」，弩機名，又作「釚」。其聲符「丩」訛作「刂」，遂誤增大量同形字「釗」的訓義，非。說見：楊寶忠《疑難字續考》。
丩	KU KO	叫 訆 嘂	叫 訆 嘂	古弔	見蕭開四去	kewh	kˤiuh	
丩	KU KO	𦫶	𦫶	古肴	見肴開二平	kaew		
丩	KU KO	㽱	㽱	古巧	見肴開二上	kaewq	krˤiuʔ	
丩	KU KO	鉤 𠛎 𥴴 𪓞 𤫱 䑦 枸 句 軥 夠 鴝	鉤 𠛎 𥴴 𪓞 𤫱 䑦 枸 句 軥 夠 鴝	古侯	見侯一平	kou	kˤo	
丩	KU KO	苟 玽 狗 笱 𦊒 耇 枸 岣 敂 豿	苟 玽 狗 笱 𦊒 耇 枸 岣 敂 豿	古厚	見侯一上	kouq	kˤoʔ	
丩	KU KO	䝭 雊 句 軥 怐 𢄇	䝭 雊 句 軥 怐 𢄇	古候	見侯一去	kouh	kˤoh	·句，也可視爲「丩」「口」雙聲符。
丩	KU KO	𦫶	𦫶	匹交	溪肴開二平	khaew		
丩	KU KO	𢂁 夠	𢂁 夠	恪侯	溪侯一平	khou	kʰˤo	
丩	KU KO	竘	竘	苦后	溪侯一上	khouq	kʰˤoʔ	
丩	KU KO	怐	怐	苦候	溪侯一去	khouh	kʰˤoh	
丩	KU KO	齁	齁	呼侯	曉侯一平	hou		
丩	KU KO	呴 𤘽 蚼	呴 𤘽 蚼	呼后	曉侯一上	houq	hˤoʔ	
丩	KU KO	豞 䪷 訽 佝 怐	豞 䪷 訽 佝 怐	呼漏	曉侯一去	houh	hˤoh	
丩	KU KO	豞 𦰾	豞 𦰾	許角	曉覺二入	hoeuk		·𦰾，《名義》：「𦰾，呼學反。封狶聲丶。」《廣韻》、《玉篇》皆注云「草聲」，乃望形生訓。又作「䓼」、「豞」，《文選·左思〈吳都賦〉》：「封狶𧀔，神螭掩。」李善注：「𧀔，狶聲，呼學切。」《集韻·侯韻》引《字林》：「豞，豕鳴也。」
丩	KU KO	鼼	鼼	五弔	疑蕭開四去	ngewh		
丩	KU KO	𥃧	𥃧	居夭	見宵開三B上	kyewq		
丩	KU KO	𠃚 𦭺 朻 㽱	𠃚 𦭺 朻 㽱	居虯	見幽開三平	kiw	kiu	
丩	KU KO	糾 赳 朻	糾 赳 朻	居黝	見幽開三上	kiwq	kiuʔ	
丩	KU KO	𦫶 𠠳 朻 䡂 㽱 丩	𦫶 𠠳 朻 䡂 㽱 丩	居求	見尤三平	ku	ku	
丩	KU KO	拘 駒 眗 岣 跔 鮈 痀	拘 駒 眗 岣 跔 鮈 痀	舉朱	見虞合三平	kuo	k(r)o	
丩	KU KO	枸 䅓 𦐛 蒟	枸 䅓 𦐛 蒟	俱雨	見虞合三上	kuoq	k(r)oʔ	
丩	KU KO	句 蒟 絇 怐 䈮 邭	句 蒟 絇 怐 䈮 邭	九遇	見虞合三去	kuoh	k(r)oh	
丩	KU KO	鋦 挶 梮	鋦 挶 梮	居玉	見燭三入	kuok	k(r)ok	
丩	KU KO	𰀧	𰀧	去秋	溪尤三平	khu		
丩	KU KO	䞤	䞤	芳(匹)武	溪虞合三上	khuoq	kʰ(r)oʔ	·䞤，健也。又作「竘」，《說文》：「竘，健也。」芳武切之聲母與「句」聲字形不合，疑上字本作「丘」（如《玉篇》系字書：《名義》丘甫反；《玉篇》丘甫切），或誤識爲「匹」，遂誤讀滂母。
丩	KU KO	竘	竘	驅雨	溪虞合三上	khuoq		
丩	KU KO	虯 觓	虯 觓	渠幽	羣幽開三平	giw	ɡiu	
丩	KU KO	𧾻	𧾻	巨幼	羣幽開三去	giwh		
丩	KU KO	荍	荍	渠遙	羣宵開三A平	giew		
丩	KU KO	劬 軥 胊 䧁 鴝 鼩 斪 句 葋 𦐛 蚼 𪓞 䞤 𠣪 絇 𡱺 姁	劬 軥 胊 䧁 鴝 鼩 斪 句 葋 𦐛 蚼 𪓞 䞤 𠣪 絇 𡱺 姁	其俱	羣虞合三平	guo	ɡ(r)o	
丩	KU KO	局 跼 駶 侷 䎤	局 跼 駶 侷 䎤	渠玉	羣燭三入	guok	ɡ(r)ok	·局，秦漢文字作「句」聲。說見：劉釗《〈說文解字〉匡謬(四則)》。
丩	KU KO	欨 𥈈 姁	欨 𥈈 姁	況于	曉虞合三平	huo	h(r)o	
丩	KU KO	姁 欨 喣 䧁 煦	姁 欨 喣 䧁 煦	況羽	曉虞合三上	huoq	h(r)oʔ	
丩	KU KO	昫 煦 呴 姁	昫 煦 呴 姁	香句	曉虞合三去	huoh	h(r)oh	
丩	KU KO	收	收	式州	書尤三平	sju	[l̥]u	·收，《說文》：「收，捕也。从攴，丩聲。」可參考：白一平《漢語上古音手冊》、魏克彬《温縣盟書T4K5、T4K6、T4K11盟辭釋讀》。
丩	KU KO	收	收	舒救	書尤三去	sjuh	[l̥]uh	
丩	KU KO	鼼	鼼	牛救	疑尤三去	nguh		
顥	KU	灝	灝	古禫	見覃開一上	komq		·灝，《說文》：「灝，豆汁也。从水、顥聲。」「灝」字本幽部，中古感韻音與之不合，待考。
顥	KU	顥 灝	顥 灝	胡老	匣豪開一上	ghawq	ɡˤuʔ	·顥，《說文》：「顥，白皃。从頁从景。《楚詞》曰：『天白顥顥。』南山四顥，白首人也。」
㚖	—	㚖	㚖	古老	見豪開一上	kawq	kˤuʔ	·《說文·亣部》：「㚖，大白、澤也。从大从白。古文以爲澤字。」段玉裁注：「古老切。二部。凡『皢皎皦皛皋縞晧杲』訓白之字皆同音部。但『㚖』字《廣韵》又昌石切，《集韵》又昌石、施隻二切，皆訓白澤。未詳其由。」古文字「𪰖」从「日」从「矢」，其形音蓋與｛射｝有關，古音在以組鐸部LAK，西周金文常見「亡(無)𪰖(斁)」一語。後上部變爲「白」而作「𬐇」（楚簡常見），《說文》所謂「古文以爲澤字」的「㚖」即此之流變。考《說文》謂其字从「大」从「白」而又爲「澤」，許慎似讀「㚖」見組幽部KU音，蓋其意屬｛皓｝、｛皋｝二詞說之——對傳世文字系統有深遠影響的許慎《說文》系統（音KU）與歷史文字史中真實的文字系統（音LAK）之不同可見一斑，前者有漢代小學家重構的成分，他們對文字音義的認識皆未必盡合乎文字史。《名義》公老反（當本自顧野王《玉篇》）、《切韻》古老反得許音。《切韻》系韻書又收昌石切一音，疑附會“鹽澤”之｛斥｝的音讀。
飍	—	飍	飍	香幽	曉幽開三平	hiw		
㥑	ɁU	憂 優 瀀 𢖒 櫌 鄾 嚘 耰 獶 𧀥 纋 㱊	憂 優 瀀 𢖒 櫌 鄾 嚘 耰 獶 𧀥 纋 㱊	於求	影尤三平	qu	ʔ(r)u	·憂，《說文》：「憂，和之行也。从夊，𢝊聲。《詩》曰：『布政憂憂。』」《說文》：「𢝊，愁也。从心从頁。」按：《說文》之說不可信。李運富指出古文字「頁」「首」音義尚未分化，「𢝊」所从的「頁」讀幽部音、應該是聲符（說見：李運富《楚國簡帛文字構形系統研究》、裘錫圭《從殷墟卜辭的“王占曰”說到上古漢語的宵談對轉》），其說具有啟發性。然讀LU的「頁（首）」與「𢝊」ɁU聲紐迥異，恐不能自然諧聲。也許「頁（首）」聲的「𢝊」本來應讀｛怞｝（同源詞如｛陶｝｛妯｝｛軸｝｛㾄｝等）一類表示“憂病”的詞，後訓讀｛憂｝（與｛怮｝同源）；抑或｛𢝊｝的聲母本有流音成分，與LU音近（秦駰玉版「永戁(歎)憂盩(怞)」仍爲同源詞連用？），後爲影母*ʔ-。未詳。
㥑	ɁU	懮	懮	於柳	影尤三上	quq		
麀	ɁU	𤏶 䥝 鏖	𤏶 䥝 鏖	於刀	影豪開一平	qaw	ʔˤu	
麀	ɁU	麀	麀	於求	影尤三平	qu	ʔ(r)u	·麀，《說文》：「麀，牝鹿也。从鹿，从牝省。[𪋎，或从幽聲。]」段玉裁注：「从鹿、牝省。會意。按『牝』本从『匕』聲、讀扶死反』。『麀』音葢本同，後人以鹿聲呦呦改其音，並改其字作『𪋎』耳。於虬切。三部。」揣摩段注「麀音葢本同〔牝〕」之語，似疑「麀」本亦「匕」聲、爲「牝」之異體，幽部音乃後起。未詳。
𦥑	KUK	𦥑 䳔 閰	𦥑 䳔 閰	居六	見屋三入	kuk	kuk	
𦥑	KUK	𦥑 𧤑	𦥑 𧤑	居玉	見燭三入	kuok		
告	KUK	梏 牿 䧼 告 郜 祰 䧊 䶜	梏 牿 䧼 告 郜 祰 䧊 䶜	古沃	見沃一入	kok	kˤuk	
告	KUK	誥 郜 告	誥 郜 告	古到	見豪開一去	kawh	kˤukh	
告	KUK	梏	梏	古岳	見覺二入	koeuk	krˤuk	
告	KUK	窖	窖	古孝	見肴開二去	kaewh	krˤukh	
告	KUK	祰	祰	苦浩	溪豪開一上	khawq	kʰˤuʔ	
告	KUK	靠	靠	苦到	溪豪開一去	khawh		
告	KUK	酷 焅 𥞴 嚳 硞 𡷥	酷 焅 𥞴 嚳 硞 𡷥	苦沃	溪沃一入	khok	kʰˤuk	
告	KUK	䧊	䧊	空谷	溪屋一入	khouk		
告	KUK	𤿩 硞	𤿩 硞	苦角	溪覺二入	khoeuk		
告	KUK	鵠 頶 𨴬	鵠 頶 𨴬	胡沃	匣沃一入	ghok	ɡˤuk	
告	KUK	䶜	䶜	胡谷	匣屋一入	ghouk		
告	KUK	晧 浩	晧 浩	胡老	匣豪開一上	ghawq	ɡˤuʔ	
𰇶	KUK	菊 鞠 蘜 𧃓 㥌 𡙳 掬 匊 𥷚 𥱩 鞫 𡫬 𥩁 㹼 𪈓 鵴 㽤 䱡 椈 巈 𩛺 諊 踘 趜	菊 鞠 蘜 𧃓 㥌 𡙳 掬 匊 𥷚 𥱩 鞫 𡫬 𥩁 㹼 𪈓 鵴 㽤 䱡 椈 巈 𩛺 諊 踘 趜	居六	見屋三入	kuk	kuk	·鞠、鞫，古文字「𰇶」是“桎梏”之｛梏｝*kˤuk的表意字；或有受刑人旁而作「⿰𰇶勹」（參考：趙平安《釋“⿰𰇶勹”及相關諸字》），「鞠」、「鞫」皆以之爲聲。·匊，「鞠」之省形分化字。
𰇶	KUK	麴 𥶶 𩍔 鞠 𠤄	麴 𥶶 𩍔 鞠 𠤄	驅匊	溪屋三入	khuk	kʰuk	
𰇶	KUK	䱡	䱡	丘玉	溪燭三入	khuok		
𰇶	KUK	驧 𩣽 趜 䱡 鵴 𪁁 鞠 毱 䗇 踘 䜯 𠤄	驧 𩣽 趜 䱡 鵴 𪁁 鞠 毱 䗇 踘 䜯 𠤄	渠竹	羣屋三入	guk	ɡuk	
𦥯	KUK	鷽 𠿟 䮸	鷽 𠿟 䮸	於角	影覺二入	qoeuk		
𦥯	KUK	鱟 䑁 䁷 觷 䮸	鱟 䑁 䁷 觷 䮸	烏酷	影沃一入	qok		
𦥯	KUK	䑁	䑁	烏谷	影屋一入	qouk		
𦥯	KUK	覺 䮸 䁷	覺 䮸 䁷	古岳	見覺二入	koeuk	krˤuk	
𦥯	KUK	覺	覺	古孝	見肴開二去	kaewh		
𦥯	KUK	攪	攪	古巧	見肴開二上	kaewq		
𦥯	KUK	嶨 礐	嶨 礐	苦角	溪覺二入	khoeuk		
𦥯	KUK	鱟	鱟	胡遘	匣侯一去	ghouh		
𦥯	KUK	學 嶨 𥀣 鷽 澩 觷	學 嶨 𥀣 鷽 澩 觷	胡覺	匣覺二入	ghoeuk	ɡrˤuk	
𦥯	KUK	斅 𣱓	斅 𣱓	胡敎	匣肴開二去	ghaewh	ɡrˤukh	
𦥯	KUK	礐	礐	胡沃	匣沃一入	ghok		
𦥯	KUK	礐 㽇	礐 㽇	胡谷	匣屋一入	ghouk		
𦥯	KUK	澩	澩	下巧	匣肴開二上	ghaewq		
𦥯	KUK	觷	觷	五角	疑覺二入	ngoeuk		
𦥯	KUK	澩	澩	士角	崇覺二入	dzroeuk		·澩，《說文》：「澩，夏有水，冬無水，曰澩。从水，學省聲。讀若學。」早期字韻書及音義書未收崇母音，宋人《廣韻》補士角切，其聲母與「𦥯」聲不諧，待考。
𦥯	KUK	礐	礐	力摘	來麥開二入	leek		·礐，「礐硞」，水石聲也。《文選·郭璞〈江賦〉》：「礐硞䃕礭。」按例「𦥯」聲字不當音來母，中古來母二等韻亦無自然的上古來源，此音似受《江賦》「䃕礭」r-kʰ-影響而得。
奧	ɁUK	奧 懊 䐿 𩟇 隩 燠 䜒 墺 𩼈 澳	奧 懊 䐿 𩟇 隩 燠 䜒 墺 𩼈 澳	烏到	影豪開一去	qawh	ʔˤukh	·奧，《說文》：「奧，宛也。室之西南隅。从宀，𢍏聲。」徐鉉曰：「𢍏非聲，未詳。」段玉裁注：「烏到切。古音在三部。按《廾部》：『𢍏，讀若書卷』，則奥宜讀若怨。而古音不尒者，取雙聲爲聲也。」「𢍏」與「奧」韻部遠隔，非聲；段玉裁謂「取雙聲爲聲」不可信。未詳。
奧	ɁUK	襖 懊 䐿 燠	襖 懊 䐿 燠	烏晧	影豪開一上	qawq		
奧	ɁUK	{㱇} [𣤡]	㱇 𣤡	火弔	曉蕭開四去	hewh		·㱇，《說文》：「㱇，悲意。从欠、嗇聲。」段注：「小怖曰㱇。《公羊傳》『㱇然而駭』是也。按今《公羊》作『色然』。…合諸書攷之㱇下當云小怖也。从欠、嗇聲。引《公羊傳》『㱇然而駭』。又出『𣤡』篆，下當云：『悲意。从欠、奧聲。』今本舛奪。故《廣韵》、《集韵》仍之，『㱇』注：悲意、火弔切，非也；《類篇》『𣤡』注：馨叫切、悲意，是也。」其說是也，當改《說文》作「㱇，小怖也。从欠、嗇聲。𣤡，悲意。从欠、奧聲。」火弔切蓋脫字「𣤡」之音，「㱇」本音所力切、與「色」同音。
奧	ɁUK	燠 噢 墺 䐿 薁 澳 隩 䉛 𨞓 懊	燠 噢 墺 䐿 薁 澳 隩 䉛 𨞓 懊	於六	影屋三入	quk	ʔuk	
奧	ɁUK	噢	噢	於武	影虞合三上	quoq		
虫	KUI KUN	䖵	䖵	古渾	見魂合一平	kon	kˤun	·䖵，古文字「虫」象蝮蛇之形、爲｛虺｝hˤui的表意字。古文字單複無別，故或作「䖵」「蟲」而亦音見系微文部，如郭店楚簡《老子》甲本｛混｝作「蟲」；傳世「䖵」字亦此類「虫」之分化字。
虫	KUI KUN	䖶 鼿 豗 虺	䖶 鼿 豗 虺	呼恢	曉灰合一平	hoj	hˤui	
虫	KUI KUN	虺	虺	呼懷	曉皆合二平	hweej	hrˤui	
虫	KUI KUN	虺 𩄁 虫	虺 𩄁 虫	許偉	曉微合三上	hujq	huiʔ	
歸	KUI	歸 㱕	歸 㱕	舉韋	見微合三平	kuj	kui	·歸，《說文》：「歸，女嫁也。从止，从婦省，𠂤聲。」甲骨文作「⿰𠂤帚」，裘錫圭先生以爲从「𠂤」、「帚(彗)」聲，其「帚」讀｛彗｝音（說見：裘錫圭《殷墟甲骨文“彗”字補說》、《説从“𡴎”聲的从“貝”與从“辵”之字》），然「歸」「彗」聲韻俱遠、不諧，其說恐非。待考。
歸	KUI	𠐽	𠐽	居胃	見微合三去	kujh	kuih	
歸	KUI	蘬 𧢦	蘬 𧢦	丘韋	溪微合三平	khuj	kʰui	
歸	KUI	巋 蘬	巋 蘬	丘追	溪脂合三B平	khui	kʰrui	
歸	KUI	巋 蘬	巋 蘬	丘軌	溪脂合三B上	khuiq	kʰruiʔ	
歸	KUI	𠐽 𧢦	𠐽 𧢦	渠追	羣脂合三B平	gui		
貴	KUI	靧 𩔁	靧 𩔁	荒内	曉灰合一去	hojh		
貴	KUI	鞼 膭	鞼 膭	公回	見灰合一平	koj		
貴	KUI	憒	憒	古對	見灰合一去	kojh		
貴	KUI	㚍	㚍	口猥	溪灰合一上	khojq		
貴	KUI	嬇 簣 嘳 蕢 墤	嬇 簣 嘳 蕢 墤	苦怪	溪皆合二去	khweejh	kʰrˤui	
貴	KUI	䜋	䜋	胡罪	匣灰合一上	ghojq		
貴	KUI	潰 繢 嬇 殨 闠 膭 僓 䜋	潰 繢 嬇 殨 闠 膭 僓 䜋	胡對	匣灰合一去	ghojh	ɡˤuih	
貴	KUI	聵	聵	五怪	疑皆合二去	ngweejh		
貴	KUI	貴 瞶	貴 瞶	居胃	見微合三去	kujh	kuih	·貴，學者或謂傳世文字系統中「貴」有兩源：①｛簣｝之初文，諧「貴」等字；②｛遺｝之初文，諧「遺」等字（可參：季旭昇《說文新證》2014年版P526、趙彤《利用古文字資料考訂幾個上古音問題》等）。然前者未有東周之上字形材料，未詳。今且分之。
貴	KUI	䙡	䙡	丘畏	溪微合三去	khujh		
貴	KUI	嘳 樻 䯣 䰎 䙡	嘳 樻 䯣 䰎 䙡	丘愧	溪脂合三B去	khuih	kʰruih	
貴	KUI	匱 蕢 臾 饋 𦆠 櫃 樻 鞼 簣	匱 蕢 臾 饋 𦆠 櫃 樻 鞼 簣	求位	羣脂合三B去	guih	ɡruih	
甶	KUI ɁUI ŊUI	隈 煨 䋿 渨 椳 偎 揋 𧤖 葨 鰃	隈 煨 䋿 渨 椳 偎 揋 𧤖 葨 鰃	烏恢	影灰合一平	qoj	ʔˤui	
甶	KUI ɁUI ŊUI	猥 腲 嵔 鍡 㛱 碨 㱬 㞇 𨝀	猥 腲 嵔 鍡 㛱 碨 㱬 㞇 𨝀	烏賄	影灰合一上	qojq	ʔˤuiʔ	
甶	KUI ɁUI ŊUI	𩲄 隈	𩲄 隈	烏繢	影灰合一去	qojh	ʔˤuih	
甶	KUI ɁUI ŊUI	碨 䴜 溾	碨 䴜 溾	乙皆(乖)	影皆合二平	qweej	ʔrˤui	
甶	KUI ɁUI ŊUI	傀 𤪿 𠐤 瑰 䕇	傀 𤪿 𠐤 瑰 䕇	公回	見灰合一平	koj	kˤui	
甶	KUI ɁUI ŊUI	魁	魁	苦回	溪灰合一平	khoj	kʰˤui	
甶	KUI ɁUI ŊUI	䫥 傀 磈	䫥 傀 磈	口猥	溪灰合一上	khojq	kʰˤuiʔ	
甶	KUI ɁUI ŊUI	塊	塊	苦對	溪灰合一去	khojh	kʰˤuih	
甶	KUI ɁUI ŊUI	槐 瑰	槐 瑰	戸恢	匣灰合一平	ghoj	ɡˤui	
甶	KUI ɁUI ŊUI	瘣 溾 㱱 廆 䕇 𨝀	瘣 溾 㱱 廆 䕇 𨝀	胡罪	匣灰合一上	ghojq	ɡˤuiʔ	
甶	KUI ɁUI ŊUI	螝	螝	胡對	匣灰合一去	ghojh	ɡˤuih	
甶	KUI ɁUI ŊUI	槐 㠢 褢	槐 㠢 褢	戸乖	匣皆合二平	ghweej		
甶	KUI ɁUI ŊUI	㾯	㾯	呼恢	曉灰合一平	hoj	hˤui	
甶	KUI ɁUI ŊUI	䏨 (𦞙)	䏨 𦞙	呼罪	曉灰合一上	hojq		·䏨，《玉篇》系字書反「竹罪」或「都罪」，讀端母音，與「𠂤」聲字形相諧，不誤；《切韻》系韻書反「呼猥」「呼罪」，實爲「䏨𦞙」一詞中｛𦞙｝之讀音。「䏨𦞙」又作「𦞙䏨」，以至二字換讀。又見都罪切之「𦞙(䏨)」。
甶	KUI ɁUI ŊUI	嵬	嵬	五灰	疑灰合一平	ngoj	ŋˤui	
甶	KUI ɁUI ŊUI	隗 嵬 䫥 䃬	隗 嵬 䫥 䃬	五罪	疑灰合一上	ngojq	ŋˤuiʔ	
甶	KUI ɁUI ŊUI	嵔	嵔	於非	影微合三平	quj	ʔui	
甶	KUI ɁUI ŊUI	磈 嵔	磈 嵔	於鬼	影微合三上	qujq		
甶	KUI ɁUI ŊUI	畏	畏	於胃	影微合三去	qujh	ʔuih	
甶	KUI ɁUI ŊUI	騩	騩	舉韋	見微合三平	kuj	kui	
甶	KUI ɁUI ŊUI	鬼	鬼	居偉	見微合三上	kujq	kuiʔ	
甶	KUI ɁUI ŊUI	螝 騩	螝 騩	居追	見脂合三B平	kui	krui	
甶	KUI ɁUI ŊUI	媿 愧 聭 謉 騩 䁛	媿 愧 聭 謉 騩 䁛	俱位	見脂合三B去	kuih	kruih	
甶	KUI ɁUI ŊUI	餽 𩌃	餽 𩌃	求位	羣脂合三B去	guih	ɡruih	
甶	KUI ɁUI ŊUI	巍 犩	巍 犩	語韋	疑微合三平	nguj	ŋui	
甶	KUI ɁUI ŊUI	魏 犩	魏 犩	魚貴	疑微合三去	ngujh	ŋuih	
夔	KUI	夔 𣦞 犪 躨	夔 𣦞 犪 躨	渠追	羣脂合三B平	gui	ɡrui	
凷	—	凷	凷	苦對	溪灰合一去	khojh		
威	ɁUI	崴	崴	乙皆(乖)	影皆合二平	qweej	ʔrˤui	
威	ɁUI	威 葳 隇 蝛 鰄 楲	威 葳 隇 蝛 鰄 楲	於非	影微合三平	quj	ʔui	
褱	KUI KUN	瓌 櫰	瓌 櫰	公回	見灰合一平	koj	kˤui	
褱	KUI KUN	𣀤 壞	𣀤 壞	古壞	見皆合二去	kweejh	krˤuih	
褱	KUI KUN	㱎	㱎	古渾	見魂合一平	kon	kˤun	
褱	KUI KUN	鰥 䤽	鰥 䤽	古頑	見山合二平	kween	krˤun	·鰥，《說文》：「鰥，魚也。从魚，眔聲。」李陽冰曰：「當从𥊽省。」李陽冰說無稽。「眔」古文在緝部，與文部「鰥」不諧，「眔」聲非也。
褱	KUI KUN	鰥	鰥	古幻	見山合二去	kweenh	krˤunh	
褱	KUI KUN	懷 褱 櫰 㜳 𪊉 𤜄 𧞷 瀤	懷 褱 櫰 㜳 𪊉 𤜄 𧞷 瀤	戸乖	匣皆合二平	ghweej	ɡrˤui	·褱，《說文》：「褱，俠也。从衣，眔聲。一曰橐。」徐鍇曰：「眔非聲，未詳。」徐鍇以爲「眔」非聲，是已察「眔」與「褱」不諧也。「褱」「鰥」皆早見於西周金文材料，以二字音近且俱从「眔」推之，也許「眔」在西周有個見組合口微文部的讀音，未詳。今且置「褱」「鰥」於一聲系。
褱	KUI KUN	壞 𡎯 蘾	壞 𡎯 蘾	胡怪	匣皆合二去	ghweejh	ɡrˤuih	
圂	KUN	㯻	㯻	古本	見魂合一上	konq	kˤunʔ	·㯻，《說文》：「㯻，橐也。从束、圂聲。」
圂	KUN	㮯 㨡	㮯 㨡	戸昆	匣魂合一平	ghon	ɡˤun	
圂	KUN	㮯	㮯	胡本	匣魂合一上	ghonq	ɡˤunʔ	
圂	KUN	慁 溷 圂	慁 溷 圂	胡困	匣魂合一去	ghonh	ɡˤunh	
圂	KUN	㨡	㨡	戸骨	匣沒合一入	ghot	ɡˤut	
昆	KUN	昆 晜 𥊽 菎 崐 琨 鵾 鯤 蜫 惃 錕 𪋆 猑 騉	昆 晜 𥊽 菎 崐 琨 鵾 鯤 蜫 惃 錕 𪋆 猑 騉	古渾	見魂合一平	kon	kˤun	·昆，殷周甲金文有一獨體象形字（可見：劉洪濤《清華簡“□”與甲骨文“□”合證》），劉洪濤指出乃東土「𡘩」「晜」字之源，疑亦秦系「昆」之源，是「𡘩」「昆」一字之分化。·晜、𥊽，「晜」是戰國東方文字、即古文“昆”的隸定字（還有訛變的成分）；「𥊽」是許慎據傳世字形、結合所構思的字理上推的假想字。
昆	KUN	緄 輥 惃 䃂 錕	緄 輥 惃 䃂 錕	古本	見魂合一上	konq	kˤunʔ	
昆	KUN	坤	坤	苦昆	溪魂合一平	khon	kʰˤun	·坤，或說「申」聲，于音理斷不可信；或說从「土」从「申」會意，按理可疑。戰國時期或用「𡘩」表示｛坤｝這個詞，後保留在傳抄古文字，「𡘩」上部似「申」形，東漢早中期出現的「坤」字所从之「申」即由此部件流變而來（說見：張富海《說“坤”》）。
昆	KUN	餛	餛	戸昆	匣魂合一平	ghon		
昆	KUN	混 焜 倱 棍 䚠 掍	混 焜 倱 棍 䚠 掍	胡本	匣魂合一上	ghonq	ɡˤunʔ	
昆	KUN	箟	箟	去倫	溪真合三B平	khuin	kʰrun	
𡈋	KUN	壼 𡈋	壼 𡈋	苦本	溪魂合一上	khonq	kʰˤunʔ	·𡈋，《說文》：「宮中道。从囗，象宮垣、道、上之形。《詩》曰：『室家之壼。』」
𡈋	KUN	𡈋	𡈋	去倫	溪真合三B平	khuin		
困	KUN	𩒱	𩒱	苦昆	溪魂合一平	khon		
困	KUN	閫 稇 裍 悃 梱 齫 硱	閫 稇 裍 悃 梱 齫 硱	苦本	溪魂合一上	khonq	kʰˤunʔ	
困	KUN	困 涃 𩒱	困 涃 𩒱	苦悶	溪魂合一去	khonh	kʰˤunh	
困	KUN	梱	梱	牛昆	疑魂合一平	ngon	ŋˤun	
𣏔	KUN	𣏔	𣏔	苦悶	溪魂合一去	khonh	kʰˤunh	·𣏔，《說文》：「𣏔，古文困。」《汗簡》引《古尚書》：「困：𣏔。」
𦊁	KUN	攈	攈	居運	見文合三去	kunh		
𦊁	KUN	麏 麇 麕	麏 麇 麕	居筠	見真合三B平	kuin	krun	·麇，本从「禾」、「𦊁(麇)」聲，「𦊁」爲｛麇｝之初文（說自唐蘭《獲白兕考》）；後作「囷」聲之「麕」。
囷	KUN	麕	麕	居筠	見真合三B平	kuin	krun	
囷	KUN	𧼐 𦄐	𧼐 𦄐	丘粉	溪文合三上	khunq	kʰunʔ	·𦄐，蓋「麇」省聲。
囷	KUN	囷 箘 蜠	囷 箘 蜠	去倫	溪真合三B平	khuin	kʰrun	
囷	KUN	𦃢 <𦄐>	𦃢 𦄐	丘尹	溪真合三A上	khwinq		·𦃢，《玉篇》系韻書作「𦄐」，原本《玉篇》：「𦄐，丘隕反。《左氏傳》：『羅无勇𦄐之。』杜預曰：『𦄐，束縳也。』又曰：『求諸候而𦄐至。』杜預曰：『𦄐，羣也。』」《王三》：「縻，丘隕反。束縳。」《廣韻》：「𦃢，束縛。丘尹切。一。」「𦄐」本「麇」省聲，「縻」「𦃢」上部皆爲「鹿」之訛形。參考：葛信益《張氏澤存堂本〈廣韻〉異讀字形訛舉例》。
囷	KUN	㖥 㻒 箘 菌 䐃 蜠	㖥 㻒 箘 菌 䐃 蜠	渠殞	羣真合三B上	guinq	ɡrunʔ	
囷	KUN	菌	菌	求晚	羣元合三上	guonq		
囷	KUN	𪘩 𧼐	𪘩 𧼐	魚吻	疑文合三上	ngunq		
丨	—	丨	丨	古本	見魂合一上	konq		·丨，上下通，《說文》：「丨，上下通也。引而上行讀若囟，引而下行讀若𨓤(退)。凡丨之屬皆从丨。」中古「丨」有古本切之音（《名義》思貳、他外二反；《玉篇》思二切、又古本切；《新撰字鏡》思惑、他外二反；大徐本《說文》古本切；《廣韻》古本切；小徐本《說文》孤損反），來源未詳。
𥁕	ɁUN	媼 蝹 䯠	媼 蝹 䯠	烏晧	影豪開一上	qawq	ʔˤuʔ	
𥁕	ɁUN	𥁕 溫 轀 薀 𩥈 殟 𨜵 豱 縕 韞 㼔 𪉸	𥁕 溫 轀 薀 𩥈 殟 𨜵 豱 縕 韞 㼔 𪉸	烏渾	影魂合一平	qon	ʔˤun	
𥁕	ɁUN	搵	搵	烏困	影魂合一去	qonh	ʔˤunh	
𥁕	ɁUN	膃 殟 嗢 榲 搵 馧	膃 殟 嗢 榲 搵 馧	烏沒	影沒合一入	qot	ʔˤut	
𥁕	ɁUN	嗢	嗢	烏八	影黠合二入	qweet		
𥁕	ɁUN	熅 氳 縕 馧 蒕 𥠺 蘊 蝹 㚃	熅 氳 縕 馧 蒕 𥠺 蘊 蝹 㚃	於云	影文合三平	qun	ʔun	·㚃，《說文·壺部》：「㚃，壹㚃也。从凶从壺。不得泄，凶也。《易》曰：天地壹㚃。」今本《周易·繫辭下》作「天地絪縕」。《汗簡》引《古易經》：「氳：㚃。」「㚃」本「囚(𥁕)」聲，後內部訛變爲「凶」形，說見：張政烺《釋“因蘊”》、李春桃《古文異體關係整理與研究》。
𥁕	ɁUN	薀 蘊 韞 縕 褞 醞 搵	薀 蘊 韞 縕 褞 醞 搵	於粉	影文合三上	qunq	ʔunʔ	
𥁕	ɁUN	醞 慍 縕 薀	醞 慍 縕 薀	於問	影文合三去	qunh	ʔunh	
𥁕	ɁUN	蝹	蝹	於倫	影真合三B平	quin		
贇	—	贇	贇	於倫	影真合三B平	quin		
㕟	KUT	𦳋	𦳋	古壞	見皆合二去	kweejh	krˤuth	
㕟	KUT	䈛	䈛	古賣(邁)	見夬合二去	kwaejh		
㕟	KUT	䈛	䈛	苦回	溪灰合一平	khoj		
㕟	KUT	蒯 㕟 䈛	蒯 㕟 䈛	苦怪	溪皆合二去	khweejh	kʰrˤuth	·蒯，本「𠜐」聲，左下部隸變作「朋」旁（說見：鄔可晶《說金文“䝳”及相關之字》）。·㕟，陳劍先生疑「㕟」「㕢」同諧聲（說見：陳劍《釋“琮”及相關諸字》），聲韻不合，非。古文字有一字作从「歺」从「井」或「凵」，王子楊據《說文》「𠭘」上推釋「𠭘(阱)」（說見：王子楊《釋甲骨文中的“阱”字》）；陳劍先生在細審秦文字「㕟」左下明確分作「歺」與「井」後，指出甲骨文此字“應改釋爲「㕟」還是承認仍係「𠭘/𠭗(阱)」、與「㕟」僅爲同形關係，尚待研究”（見：陳劍《簡談清華簡〈四告〉的“㕟”字省體》）。紀帥謂其字當既可音“掘井”之｛掘｝、又可音｛阱｝（說見：紀帥《釋甲骨文中“𠃊（牆垣）”旁及相關諸字——兼說甲骨文中的“墾田”和“掘阱”》），其說甚善。是傳世文字「㕟」KUT爲｛掘｝*ɡut（“掘井”）的表意字之流變。
㕟	KUT	𨛖	𨛖	苦賣	溪佳開二去	kheeh		
㕟	KUT	𣸎	𣸎	火怪	曉皆合二去	hweejh	hrˤuth	
㕟	KUT	𦖥	𦖥	五怪	疑皆合二去	ngweejh		
尉	ɁUT	尉 熨 蔚	尉 熨 蔚	紆物	影物合三入	qut	ʔut	
尉	ɁUT	尉 㷉 熨 慰 罻 犚 蔚 螱 𧕈 褽 䲁	尉 㷉 熨 慰 罻 犚 蔚 螱 𧕈 褽 䲁	於胃	影微合三去	qujh	ʔuth	·尉，《說文》：「尉，从上案下也。从𡰥；又持火，以尉申繒也。」徐鍇曰：「𡰥音夷，安平也。此會意。」其說不可信。也許秦文字的「尉」與「㕟」有關。待考。
鬱	ɁUT	鬱 欝 灪 爩 𥘄 𩰪	鬱 欝 灪 爩 𥘄 𩰪	紆物	影物合三入	qut	ʔut	
付	PO	𩚭	𩚭	薄侯	並侯一平	bou		
付	PO	䒀	䒀	薄故	並模一去	boh		
付	PO	跗 𩿧 柎 𩬙	跗 𩿧 柎 𩬙	甫無	幫虞三平	puo	p(r)o	
付	PO	俯 府 腑	俯 府 腑	方矩	幫虞三上	puoq	p(r)oʔ	
付	PO	付 𩬙	付 𩬙	方遇	幫虞三去	puoh	p(r)oh	
付	PO	怤 𥹃 泭 䒀 姇 紨	怤 𥹃 泭 䒀 姇 紨	芳無	滂虞三平	phuo	pʰ(r)o	
付	PO	弣 拊	弣 拊	芳武	滂虞三上	phuoq	pʰ(r)oʔ	
付	PO	鉜	鉜	縛謀	並尤三平	bu		
付	PO	符 苻 坿 泭 𣻜 𣘧	符 苻 坿 泭 𣻜 𣘧	防無	並虞三平	buo	b(r)o	
付	PO	腐 㾈	腐 㾈	扶雨	並虞三上	buoq	b(r)oʔ	
付	PO	附 坿 祔 駙 鮒 䠵 蚹 跗 胕	附 坿 祔 駙 鮒 䠵 蚹 跗 胕	符遇	並虞三去	buoh	b(r)oh	
𠘧	PO	鳧 𦽏 𣿆	鳧 𦽏 𣿆	防無	並虞三平	buo	bo	·鳧，从「鳥」、「𠘧」聲。古文字「𠘧」象人伏倒之形，是｛俯｝*p(r)oʔ的表意字（說見：裘錫圭《甲骨文字考釋（八篇）》等）。
丰	POŊ	琫 菶 𦂌 俸	琫 菶 𦂌 俸	邊孔	幫東一上	poungq	pˤoŋʔ	
丰	POŊ	幫 㨍 鞤	幫 㨍 鞤	博旁	幫唐一平	pang		
丰	POŊ	邦 𤰫 梆 垹	邦 𤰫 梆 垹	博江	幫江二平	poeung	prˤoŋ	
丰	POŊ	𦂌	𦂌	巴講	幫江二上	poeungq		
丰	POŊ	胮 𤵸 𩐨 𪔔 𪐿	胮 𤵸 𩐨 𪔔 𪐿	匹江	滂江二平	phoeung	pʰrˤoŋ	
丰	POŊ	肨	肨	匹絳	滂江二去	phoeungh		
丰	POŊ	蓬 𥭗 篷 髼 蜂 𧚋 韸	蓬 𥭗 篷 髼 蜂 𧚋 韸	薄紅	並東一平	boung	bˤoŋ	
丰	POŊ	菶 唪 埲	菶 唪 埲	蒲蠓	並東一上	boungq	bˤoŋʔ	
丰	POŊ	逄 胮 𩐨 舽	逄 胮 𩐨 舽	薄江	並江二平	boeung	brˤoŋ	·逄，俗書「夆」作「夅」，「逄」「逢」本一字，後分化爲二（說見：顏師古《匡謬正俗》卷八、張涌泉《試論漢語俗字研究的意義》等）。幫組字如「胮」「𩐨」等皆如此（也參：劉嬌《根據馬王堆帛書〈天文氣象雜占〉中的圖像資料校讀相關傳世古書札記二則》第一則），非所謂「夅」聲字。
丰	POŊ	㭋 棒 玤 𢗒 蚌 蜯	㭋 棒 玤 𢗒 蚌 蜯	步項	並江二上	boeungq	brˤoŋʔ	
丰	POŊ	封 𡉚 犎 葑 崶	封 𡉚 犎 葑 崶	府容	幫鍾三平	puong	p(r)oŋ	
丰	POŊ	葑 封	葑 封	方用	幫鍾三去	puongh	p(r)oŋh	
丰	POŊ	峯 鋒 丰 𡴀 𢓱 妦 蠭 蜂 𧒒 蘴 桻 㷭 烽 莑 仹 㸼	峯 鋒 丰 𡴀 𢓱 妦 蠭 蜂 𧒒 蘴 桻 㷭 烽 莑 仹 㸼	敷容	滂鍾三平	phuong	pʰ(r)oŋ	
丰	POŊ	捧	捧	敷奉	滂鍾三上	phuongq	pʰ(r)oŋʔ	
丰	POŊ	豐 酆 蘴 灃 寷 麷 㒥 㠦	豐 酆 蘴 灃 寷 麷 㒥 㠦	敷空	滂東三平	phung	pʰ(r)uŋ	
丰	POŊ	麷	麷	撫鳳	滂東三去	phungh		
丰	POŊ	逢 縫 漨 䩼 𥎌 夆 𥛝 捀	逢 縫 漨 䩼 𥎌 夆 𥛝 捀	符容	並鍾三平	buong	b(r)oŋ	
丰	POŊ	奉 唪	奉 唪	扶隴	並鍾三上	buongq	b(r)oŋʔ	
丰	POŊ	俸 㡝 縫 捀	俸 㡝 縫 捀	扶用	並鍾三去	buongh		
卜	POK	卜 鳪	卜 鳪	博木	幫屋一入	pouk	pˤok	
卜	POK	扑 𪔿 攴 𪐙	扑 𪔿 攴 𪐙	普木	滂屋一入	phouk	pʰˤok	
卜	POK	仆	仆	匹候	滂侯一去	phouh	pʰˤokh	
卜	POK	朴 攴 圤 𤆝 㺪 𧴤	朴 攴 圤 𤆝 㺪 𧴤	匹角	滂覺二入	phoeuk	pʰrˤokh	
卜	POK	赴 訃 仆 䟔	赴 訃 仆 䟔	芳遇	滂虞三去	phuoh	pʰ(r)okh	
卜	POK	仆	仆	敷救	滂尤三去	phuh	pʰukh	
菐	POK	濮 䧤 轐 𡡐 樸 獛 蹼 纀 襆 𩯏 䪁	濮 䧤 轐 𡡐 樸 獛 蹼 纀 襆 𩯏 䪁	博木	幫屋一入	pouk	pˤok	
菐	POK	醭 墣 𥣜 撲 䴆	醭 墣 𥣜 撲 䴆	普木	滂屋一入	phouk	pʰˤok	
菐	POK	璞 樸 㹒 墣	璞 樸 㹒 墣	匹角	滂覺二入	phoeuk	pʰrˤok	
菐	POK	𦿍	𦿍	匹各	滂鐸一入	phak		
菐	POK	䗱 㲫 樸 僕 䑑 𥐁 菐 穙	䗱 㲫 樸 僕 䑑 𥐁 菐 穙	蒲木	並屋一入	bouk	bˤok	
菐	POK	𢷏	𢷏	蒲角	並覺二入	boeuk	brˤok	
菐	POK	僕 䑑 鏷 䗱 轐 䴆	僕 䑑 鏷 䗱 轐 䴆	蒲沃	並沃一入	bok	bˤuk	
菐	POK	樸	樸	薄胡	並模一平	bo		
菐	POK	䪁	䪁	封曲	幫燭三入	puok		
菐	POK	菐	菐	方六	幫屋三入	puk		
菐	POK	幞 襆	幞 襆	房玉	並燭三入	buok	bok	
剝	POK	剝	剝	北角	幫覺二入	poeuk	prˤok	·剝，《說文》：「剝，裂也。从刀从录。录，刻割也。录亦聲。𠚩，剥或从卜。」陳劍先生釋西周金文「𫦀」爲「剝」（靜簋：「王易(賜)靜鞞𫦀(琫)。」〔西周早期，《集成》04273〕），謂其形象以「刀」向「豕」之形，“剝皮”、“割裂”之義顯豁，後變形音化爲「彔」旁，說見：陳劍《金文“彖”字考釋》。今從此說。
𡰿	POK	𡰿	𡰿	蒲木	並屋一入	bouk		·𡰿，《說文·夊部》：「𡰿，行𡰿𡰿也。从夊，闕。讀若僕。」《古文四聲韻》：「僕：𡰿。〔5·5引《籀韻》〕」
敄	MU MO	愗 瞀 䓮	愗 瞀 䓮	莫候	明侯一去	mouh	mˤoh	
敄	MU MO	霿 霚	霿 霚	莫紅	明東一平	moung	mˤoŋ	
敄	MU MO	霿	霿	莫弄	明東一去	moungh	mˤoŋh	
敄	MU MO	鶩 𨍎 㡔 蓩 鞪 楘	鶩 𨍎 㡔 蓩 鞪 楘	莫卜	明屋一入	mouk	mˤok	
敄	MU MO	瞀	瞀	莫角	明覺二入	moeuk	mrˤok	
敄	MU MO	㮘 堥	㮘 堥	莫袍	明豪一平	maw	mˤu	
敄	MU MO	蓩 䓮	蓩 䓮	武道	明豪一上	mawq	mˤuʔ	
敄	MU MO	蝥	蝥	莫交	明肴二平	maew	mrˤu	
敄	MU MO	㡔 𨡭	㡔 𨡭	莫胡	明模一平	mo		
敄	MU MO	䜼	䜼	古禄	見屋一入	kouk		·䜼，豆名。《名義》莫鹿反；《玉篇》莫卜切；《王三》古鹿反；《廣韻》古祿切；《集韻》迷浮、古祿、莫卜、徒谷四切。古祿切之聲母與「敄」聲字形不合；《集韻》又作「𧯸」，形聲雖相符，但不能排除是後起附會讀音所造字形的可能，待考。
敄	MU MO	蝥	蝥	武夫	明虞三平	muo	m(r)o	
敄	MU MO	敄	敄	文甫	明虞三上	muoq	m(r)oʔ	
敄	MU MO	務 婺 霧 霚 騖 𦎦 䨁 蝥 𨂣 㡔 嵍 敄 鶩	務 婺 霧 霚 騖 𦎦 䨁 蝥 𨂣 㡔 嵍 敄 鶩	亡遇	明虞三去	muoh	m(r)oh	·敄，《說文》：「敄，彊也。从攴、矛聲。」許慎謂「矛」聲，從出土古文字材料看，其說不確。西周金文見「敄」字，其左旁所从像人披髮之形而非「矛」字，此當是｛𩭾｝之初文（參考：李學勤《〈古韻通曉〉簡評》、陳英傑《談金文中的“敄”字及其相關問題》）。何九盈把「敄」作爲獨立的聲符，歸於侯部，至確。
敄	MU MO	鍪 鞪 堥 𨡭 蝥 𩭾 䋷	鍪 鞪 堥 𨡭 蝥 𩭾 䋷	莫浮	明尤三平	mu	mu	
敄	MU MO	䋷	䋷	武彪	明幽三平	myiw		
冡	MOŊ	蒙 冡 濛 𩦺 艨 朦 矇 饛 䰒 檬 𨢊 䴿 鸏 幪 幪 蠓 朦 霥	蒙 冡 濛 𩦺 艨 朦 矇 饛 䰒 檬 𨢊 䴿 鸏 幪 幪 蠓 朦 霥	莫紅	明東一平	moung	mˤoŋ	
冡	MOŊ	蠓 𤾬 鸏 濛 䑃 曚	蠓 𤾬 鸏 濛 䑃 曚	莫孔	明東一上	moungq	mˤoŋʔ	
冡	MOŊ	𢄐 艨	𢄐 艨	莫弄	明東一去	moungh	mˤoŋh	
尨	MOŊ	𪁪 䏵	𪁪 䏵	莫湩	明冬一上	mongq		
尨	MOŊ	𠈵 𪁪	𠈵 𪁪	武項	明江二上	moeungq		
尨	MOŊ	厖 駹 狵 尨 浝 哤 牻 娏 䵨 㟌 蛖 𥆙 痝 𠈵	厖 駹 狵 尨 浝 哤 牻 娏 䵨 㟌 蛖 𥆙 痝 𠈵	莫江	明江二平	moeung	mrˤoŋ	
尨	MOŊ	㙙	㙙	力踵	來鍾三上	luongq		
木	MOK	木 沐 朷 霂 蚞	木 沐 朷 霂 蚞	莫卜	明屋一入	mouk	mˤok	
兜	TO	兜 篼 𩮷	兜 篼 𩮷	當侯	端侯一平	tou	tˤo	·兜，《說文》：「兜，兜鍪，首鎧也。从𠑹，从皃省。皃象人頭也。」
斗	TO	斗 㪷 枓 蚪 阧 陡 抖	斗 㪷 枓 蚪 阧 陡 抖	當口	端侯一上	touq	tˤoʔ	·陡，蓋「阧」省聲。
斗	TO	斢 鈄	斢 鈄	天口	透侯一上	thouq		
斗	TO	枓	枓	之庾	章虞合三上	tjuoq	toʔ	
豆	TO	侸 𥆖 剅 𧯠 郖	侸 𥆖 剅 𧯠 郖	當侯	端侯一平	tou	tˤo	
豆	TO	剅	剅	落(力)侯	端侯一平	tou	tˤo	·剅，落侯切之聲母與「豆」聲不合，疑或有韻書反切上字作「刀」，訛作「力」，遂誤讀來母。或以複輔音說之，大謬。
豆	TO	䛠	䛠	都豆	端侯一去	touh		
豆	TO	短 𢭃	短 𢭃	都管	端寒合一上	twanq	tˤonʔ	
豆	TO	鋀	鋀	託侯	透侯一平	thou		
豆	TO	䱏	䱏	天口	透侯一上	thouq	tʰˤoʔ	
豆	TO	㰯	㰯	他候	透侯一去	thouh	tʰˤoh	·㰯，唾也，又作「哣」。原本《玉篇》妨走、他豆二反；《名義》他豆反；《玉篇》妨走、他豆二切；《王三》他候反；《廣韻》他候切；《集韻》匹九、他𠊱二切。
豆	TO	頭 𣪌 𪁞	頭 𣪌 𪁞	度侯	定侯一平	dou	dˤo	
豆	TO	豆 逗 荳 脰 郖 梪 餖 浢 䄈 毭 𩊪 㛒	豆 逗 荳 脰 郖 梪 餖 浢 䄈 毭 𩊪 㛒	徒候	定侯一去	douh	dˤoh	·豆，《廣韻》：「豆，穀豆。《物理論》云：『菽者，衆荳之名也。』又姓。後魏有將軍豆代田。[徒]候切。十六。」
豆	TO	㰯	㰯	呼漏	曉侯一去	houh		·㰯，《廣韻·候韻》呼漏切：「𣤋㰯。」呼漏切之聲母與「豆」聲字形不合，待考。
豆	TO	澍	澍	之戍	章虞合三去	tjuoh		
豆	TO	壴	壴	中句	知虞合三去	truoh		·壴，《說文》：「壴，陳樂立而上見也。从屮从豆。凡壴之屬皆从壴。」《說文》不在字源上區分「鼓」中之「壴」與「尌」中之「壴」。前者爲｛鼓｝之初文；後者可視爲從「尌」字上剝離出的部件，「尌」本由初文「权」（參：裘錫圭《釋“尌”》）加註聲符「豆」產生。「壴」之傳世音與後者相合。
豆	TO	豎 竪 樹 裋	豎 竪 樹 裋	臣庾	常虞合三上	djuoq	doʔ	
豆	TO	樹 澍 尌 𠊪	樹 澍 尌 𠊪	常句	常虞合三去	djuoh	doh	
豆	TO	廚 躕 幮	廚 躕 幮	直誅	澄虞合三平	druo	dro	
豆	TO	逗	逗	持遇	澄虞合三去	druoh		
豆	TO	䜴	䜴	芻注	昌虞合三去	tjhuoh		·䜴，《名義》充句切，《廣雅音》昌樹反，此字中古前期當讀昌母。宋人不分昌初，遂置於芻注切。
朱	TO	朱 珠 侏 絑 祩 咮 鴸 鮢 𤝹 硃	朱 珠 侏 絑 祩 咮 鴸 鮢 𤝹 硃	章俱	章虞合三平	tjuo	to	
朱	TO	䎷 祩	䎷 祩	之戍	章虞合三去	tjuoh		
朱	TO	株 誅 邾 鼄 蛛 跦 袾 列 㦵 鴸 𪏿	株 誅 邾 鼄 蛛 跦 袾 列 㦵 鴸 𪏿	陟輸	知虞合三平	truo	tro	·列，此字爲「殊」之異體，與良辥切之「列」爲同形字。
朱	TO	咮	咮	中句	知虞合三去	truoh		
朱	TO	咮	咮	張流	知尤三平	tru	tru	
朱	TO	咮	咮	陟救	知尤三去	truh	truh	
朱	TO	姝 袾 䇬	姝 袾 䇬	昌朱	昌虞合三平	tjhuo	tʰo	
朱	TO	殊 銖 洙 茱 㼡 㸡 陎	殊 銖 洙 茱 㼡 㸡 陎	市朱	常虞合三平	djuo	do	
朱	TO	趎	趎	直誅	澄虞合三平	druo	dro	
朱	TO	䎷	䎷	芳遇	滂虞三去	phuoh		·䎷，𩕏也。《玉篇》系字書不收滂母音，《切韻》系韻書有之，其聲母與「朱」聲字形不合，待考。
殳	TO TOT	吺	吺	當侯	端侯一平	tou	tˤo	
殳	TO TOT	䬦	䬦	都豆	端侯一去	touh		
殳	TO TOT	祋	祋	丁括	端末合一入	twat	tˤot	·祋，見丁外切之「祋」。
殳	TO TOT	祋	祋	丁外	端泰合一去	twajh	tˤoth	·祋，《說文》：「祋，殳也。从殳、示聲。或說城郭市里，高縣羊皮，有不當入而欲入者，暫下以驚牛馬曰祋。故从示、殳。《詩》曰：『何戈與祋。』」今本《毛詩·曹風·候人》作「何戈與祋」；《禮記·樂記》鄭注引「祋」作「綴」，孔穎達正義引崔靈恩《集注》云「祋」本亦作「綴」。按：「祋」聲韻與「示」遠隔，「示」聲顯非。秦漢文字有字作从「示」从「攴」，馬王堆帛書《五行》引《詩》：「未見君子，㥑(憂)心𥘦₌(惙惙)。179」今本《毛詩·召南·草蟲》作「憂心惙惙」。此「𥘦」字當是「祋」的前身，然所謂其構形古怪，「示」「攴」無意可會，也許其「攴」作爲聲符相當於「殳」之聲，韻部諧聲關係與「取」：「最」相類；也可能「𥘦」非「殳」聲、自有來源。
殳	TO TOT	䟝 𧺢	䟝 𧺢	他候	透侯一去	thouh		
殳	TO TOT	投 骰 𣪌 坄	投 骰 𣪌 坄	度侯	定侯一平	dou	dˤo	
殳	TO TOT	酘	酘	徒候	定侯一去	douh	dˤoh	
殳	TO TOT	殳 𢎦 𦤂 𠘧 杸	殳 𢎦 𦤂 𠘧 杸	市朱	常虞合三平	djuo	do	
主	TO	𪌘 飳 妵 黈 𩿢 蘣	𪌘 飳 妵 黈 𩿢 蘣	天口	透侯一上	thouq	tʰˤoʔ	
主	TO	𩿢	𩿢	徒口	定侯一上	douq		
主	TO	罜	罜	徒谷	定屋一入	douk		
主	TO	主 麈 宔 炷	主 麈 宔 炷	之庾	章虞合三上	tjuoq	toʔ	
主	TO	注 疰 罜 㹥 註 炷 霔 𠴦 䪒 蛀	注 疰 罜 㹥 註 炷 霔 𠴦 䪒 蛀	之戍	章虞合三去	tjuoh	toh	
主	TO	拄 柱 丶 𪐴	拄 柱 丶 𪐴	知庾	知虞合三上	truoq	troʔ	·丶，「丶」是從「主」上剝離下來的部件。
主	TO	註 鉒 駐 軴 住	註 鉒 駐 軴 住	中句	知虞合三去	truoh	troh	
主	TO	𨳳 𢨸	𨳳 𢨸	丑注	徹虞合三去	trhuoh		
主	TO	柱 跓 嵀	柱 跓 嵀	直主	澄虞合三上	druoq	droʔ	
主	TO	住	住	持遇	澄虞合三去	druoh		
馵	TO	馵 㺛	馵 㺛	之戍	章虞合三去	tjuoh	toh	·馵，《說文》：「馵，馬後左足白也。从馬，二其足。讀若注。」《毛詩·秦風·小戎》：「駕我騏馵。」安大簡作「加亓䭼𫘈」，｛馵｝作「殳」聲之「𫘈」。
𠁁	TO TOK	𧡸	𧡸	當侯	端侯一平	tou	tˤo	
𠁁	TO TOK	鬬	鬬	都豆	端侯一去	touh	tˤokh	
𠁁	TO TOK	𧞐	𧞐	丁木	端屋一入	touk	tˤok	
𠁁	TO TOK	斲	斲	竹角	知覺二入	troeuk	trˤok	
𠁁	TO TOK	𨪐 𠁁	𨪐 𠁁	徒口	定侯一上	douq	dˤoʔ	
𦒶	—	𦒸	𦒸	常句	常虞合三去	djuoh	doh	·𦒸，《說文》：「𦒶，老人行才相逮。从老省，易省，行象。讀若樹。」《廣韻》：「𦒸，老人行皃。」
東	TOŊ	東 菄 鶇 䍶 𠍀 倲 𩜍 涷 蝀 凍 鯟 𢔅 崠 埬 𧓕 䰤	東 菄 鶇 䍶 𠍀 倲 𩜍 涷 蝀 凍 鯟 𢔅 崠 埬 𧓕 䰤	德紅	端東一平	toung	tˤoŋ	
東	TOŊ	蝀 䵔	蝀 䵔	多動	端東一上	toungq	tˤoŋʔ	
東	TOŊ	涷 凍 棟 㼯 𩭩 䍶	涷 凍 棟 㼯 𩭩 䍶	多貢	端東一去	toungh	tˤoŋh	
舂	TOŊ	樁 𣻛	樁 𣻛	都江	知江二平	troeung		
舂	TOŊ	憃 䚎 𥡟 䄝 𧜧	憃 䚎 𥡟 䄝 𧜧	丑江	徹江二平	trhoeung	tʰrˤoŋ	
舂	TOŊ	𥈄 (𥈩 <𥊎>) 䚎	𥈄 𥈩 𥊎 䚎	丑絳	徹江二去	trhoeungh		·𥈄，其「巷」爲聲符「舂」之訛形，《說文》：「䚎，視不明也。一曰：直視。从見，舂聲。」《廣韻》：「𥈄，直視。丑絳切。二。䚎，視不明也。又丑江切。」《集韻》：「𥈄，直視也。或作『䚎』、『𧡥』，亦書作『𥈩』。」
舂	TOŊ	㦼	㦼	色絳	生江二去	sroeungh		
舂	TOŊ	憃	憃	丑用	徹鍾三去	trhuongh	tʰroŋ	
舂	TOŊ	舂 𧐍 摏 蹖 𪄻 憃	舂 𧐍 摏 蹖 𪄻 憃	書容	書鍾三平	sjuong	stoŋ	
童	TOŊ	𢤦 蕫	𢤦 蕫	多動	端東一上	toungq		
童	TOŊ	曈	曈	他紅	透東一平	thoung		
童	TOŊ	曈	曈	他孔	透東一上	thoungq		
童	TOŊ	疃	疃	吐緩	透寒合一上	thwanq		
童	TOŊ	童 僮 瞳 罿 犝 筩 潼 曈 橦 䴀 㼿 𦏆 蕫 穜 𩍅 𨝯	童 僮 瞳 罿 犝 筩 潼 曈 橦 䴀 㼿 𦏆 蕫 穜 𩍅 𨝯	徒紅	定東一平	doung	dˤoŋ	
童	TOŊ	幢 撞 橦 噇 𩪘	幢 撞 橦 噇 𩪘	宅江	澄江二平	droeung	drˤoŋ	
童	TOŊ	䡴 憧 𢤤 幢 撞 艟	䡴 憧 𢤤 幢 撞 艟	直絳	澄江二去	droeungh	drˤoŋh	
童	TOŊ	鍾 鐘 蹱 橦 籦	鍾 鐘 蹱 橦 籦	職容	章鍾三平	tjuong	toŋ	
童	TOŊ	㼿	㼿	之用	章鍾三去	tjuongh		
童	TOŊ	𧘂 衝 罿 憧 䡴 艟 潼 褈 𠟍 𠝤 䂌	𧘂 衝 罿 憧 䡴 艟 潼 褈 𠟍 𠝤 䂌	尺容	昌鍾三平	tjhuong	tʰoŋ	
童	TOŊ	蹱 䝑	蹱 䝑	丑凶	徹鍾三平	trhuong		
重	TOŊ	董 箽 𧄓	董 箽 𧄓	多動	端東一上	toungq	tˤoŋʔ	
重	TOŊ	湩	湩	都𪁪	端冬一上	tongq		
重	TOŊ	湩	湩	多貢	端東一去	toungh		
重	TOŊ	畽	畽	他衮	透魂合一上	thonq	tʰˤonʔ	·畽，見「町」下。
重	TOŊ	動 𨔝	動 𨔝	徒揔	定東一上	doungq	dˤoŋʔ	
重	TOŊ	慟 㗢	慟 㗢	徒弄	定東一去	doungh		
重	TOŊ	㗢	㗢	戸冬	匣冬一平	ghong		
重	TOŊ	㗢	㗢	乎宋	匣冬一去	ghongh		
重	TOŊ	腫 種 踵 歱 㣫 喠	腫 種 踵 歱 㣫 喠	之隴	章鍾三上	tjuongq	toŋʔ	
重	TOŊ	種 偅	種 偅	之用	章鍾三去	tjuongh	toŋh	
重	TOŊ	湩 堹 諥	湩 堹 諥	竹用	知鍾三去	truongh	troŋh	
重	TOŊ	𨿿 喠	𨿿 喠	充隴	昌鍾三上	tjhuongq		
重	TOŊ	𨤩	𨤩	丑凶	徹鍾三平	trhuong		·𨤩，《廣韻》：「𨤩，地名。又直容切。〔丑凶切〕」或以爲「重」之訛字（說見：湯炳正《〈廣韻〉訂補敘例》、余迺永《新校互注宋本廣韻（定稿本）》），《國語·魯語》：「宿于重館。」韋昭注：「重，魯也。」楊寶忠以爲「𨤩」乃「重」之古文，訓“地名”乃望其形从「里」而生義，與《國語》之「重」無涉，說見：楊寶忠《疑難字考釋與研究》。
重	TOŊ	蹱	蹱	丑用	徹鍾三去	trhuongh		
重	TOŊ	尰 𤺄 𢡹	尰 𤺄 𢡹	時宂	常鍾三上	djuongq		
重	TOŊ	重 穜 緟 褈 䳯 蝩	重 穜 緟 褈 䳯 蝩	直容	澄鍾三平	druong	droŋ	
重	TOŊ	重 𢝆	重 𢝆	直隴	澄鍾三上	druongq	droŋʔ	
重	TOŊ	重 緟 𨉢	重 緟 𨉢	柱用	澄鍾三去	druongh	droŋh	
束	TOK	束 㑛	束 㑛	書玉	書燭三入	sjuok	stok	
束	TOK	梀 𥹵	梀 𥹵	丑玉	徹燭三入	trhuok	tʰrok	
豖	TOK	𧱦	𧱦	都豆	端侯一去	touh		
豖	TOK	豰 <𣫔> 啄 䐁 𢽚 剢	豰 𣫔 啄 䐁 𢽚 剢	丁木	端屋一入	touk	tˤok	·豰，本作「𣫔」，後訛與呼木切之「豰」同形；見蒲角切之「豰」。
豖	TOK	涿 諑 㧻 琢 啄 𢁁 䐁 𢽚	涿 諑 㧻 琢 啄 𢁁 䐁 𢽚	竹角	知覺二入	troeuk	trˤok	
豖	TOK	瘃 𤷚 <瘃> 𢒔	瘃 𤷚 瘃 𢒔	陟玉	知燭三入	truok	trok	
豖	TOK	冢 塚	冢 塚	知隴	知鍾三上	truongq	troŋʔ	
豖	TOK	𧼙	𧼙	丑隴	徹鍾三上	trhuongq		
豖	TOK	𧼙 𢒔 㙇 豖	𧼙 𢒔 㙇 豖	丑玉	徹燭三入	trhuok	tʰrok	
鬥	TOK	鬥 鬬 鬪	鬥 鬬 鬪	都豆	端侯一去	touh	tˤokh	
𦉶	TOK	噣 斣 襡	噣 斣 襡	都豆	端侯一去	touh	tˤokh	
𦉶	TOK	襡	襡	當口	端侯一上	touq	tˤoʔ	
𦉶	TOK	孎 斀 噣	孎 斀 噣	竹角	知覺二入	troeuk		
𦉶	TOK	獨 髑 䫳 䮷 𤟩 襡 韣 鸀 㒔	獨 髑 䫳 䮷 𤟩 襡 韣 鸀 㒔	徒谷	定屋一入	douk	dˤok	·𤟩，「獨」之訛省字。
𦉶	TOK	襡	襡	徒口	定侯一上	douq		
𦉶	TOK	濁 鐲 欘 鸀 𩑂 𢢗	濁 鐲 欘 鸀 𩑂 𢢗	直角	澄覺二入	droeuk	drˤok	
𦉶	TOK	燭 屬 属 矚 䌵 囑 鸀 䟉 噣 蠾 韣 蠋	燭 屬 属 矚 䌵 囑 鸀 䟉 噣 蠾 韣 蠋	之欲	章燭三入	tjuok	tok	
𦉶	TOK	孎 斸 钃 欘	孎 斸 钃 欘	陟玉	知燭三入	truok	trok	
𦉶	TOK	噣	噣	陟救	知尤三去	truh		
𦉶	TOK	觸 歜 臅	觸 歜 臅	尺玉	昌燭三入	tjhuok	tʰok	
𦉶	TOK	蜀 韣 蠾 㯮 䙱 㒔 襡 屬 属 㻿 鐲	蜀 韣 蠾 㯮 䙱 㒔 襡 屬 属 㻿 鐲	市玉	常燭三入	djuok	dok	·蜀，从「虫」、「𦉶」聲。古文字「𦉶」象人張目、拄杖之形，蔣玉斌以爲｛獨｝的表意字；陳劍、郭永秉以爲｛矚｝的表意字，並謂其除去「目」的拄杖人形部分獨立出來可以視爲“拄杖”之｛拄｝之表意字。說見：蔣玉斌《釋甲骨文中“獨”字初文》、郭理遠《從甲骨文的“矚”“燭”說到古代“燭”的得名原因及其源流》。
𦉶	TOK	躅 䠱 蠋	躅 䠱 蠋	直録	澄燭三入	druok	drok	
𡰪	—	𡰪	𡰪	丁木	端屋一入	touk		·𡰪，「䐁」之俗字，臀。
𡰪	—	𡰪	𡰪	冬毒	端沃一入	tok		·𡰪，「䐁」之俗字，臀。
觕	—	觕	觕	尺玉	昌燭三入	tjhuok		·觕，此字爲「觸」之異體，與義爲“粗”的「觕」爲同形字。
亍	—	亍	亍	中句	知虞合三去	truoh		·亍，《說文》：「亍，步止也。从反彳。讀若畜。」本蓋小學家從「行」上剝離出的部件，後人附會｛𨙔｝之音（其詞與｛佇｝｛駐｝等同源）。
亍	—	亍	亍	丑玉	徹燭三入	trhuok		
𩣷	—	𨙔	𨙔	中句	知虞合三去	truoh		·𨙔，見丑凶切之「𨙔」。
𩣷	—	𨙔	𨙔	丑凶	徹鍾三平	trhuong		·𨙔，《說文》：「𨙔，馬不行也。从辵、𩣷聲。讀若住。」
垂	TOI	埵 綞	埵 綞	丁果	端歌合一上	twaq	tˤoiʔ	
垂	TOI	涶	涶	土禾	透歌合一平	thwa	tʰˤoi	
垂	TOI	唾 涶	唾 涶	湯卧	透歌合一去	thwah	tʰˤoih	
垂	TOI	䅜	䅜	徒果	定歌合一上	dwaq	dˤoiʔ	
垂	TOI	䮔	䮔	子(足)垂	章支合三平	tjwie		·䮔，小皃，子垂切之聲母與「垂」聲字形不合。龍宇純謂「子垂」即「專垂」之誤，「專」「子」草書形近致誤，難信。頗疑或有韻書反切上字本作「之」，誤爲「𠯣(足)」，遂誤收精母音。
垂	TOI	捶 箠 䮔	捶 箠 䮔	之累	章支合三上	tjwieq	toiʔ	
垂	TOI	𦥻	𦥻	之睡	章支合三去	tjwieh		
垂	TOI	腄 箠 㩾	腄 箠 㩾	竹垂	知支合三平	trwie	troi	
垂	TOI	娷 諈	娷 諈	竹恚	知支合三去	trwieh	troih	
垂	TOI	𡍮 垂 陲 倕 𦈼 𨿠 𠃀	𡍮 垂 陲 倕 𦈼 𨿠 𠃀	是爲	常支合三平	djwie	doi	
垂	TOI	菙	菙	時髓	常支合三上	djwieq		
垂	TOI	睡 𨿠 䅜	睡 𨿠 䅜	是僞	常支合三去	djwieh	doih	
垂	TOI	錘 甀	錘 甀	直垂	澄支合三平	drwie	droi	
垂	TOI	錘 腄 甀 硾	錘 腄 甀 硾	馳僞	澄支合三去	drwieh	droih	
朵	TOI	𨹄 桗	𨹄 桗	丁戈	端歌合一平	twa		
朵	TOI	挆 𦀉 朵 朶 𨹄 䤪 𩊜	挆 𦀉 朵 朶 𨹄 䤪 𩊜	丁果	端歌合一上	twaq	tˤoiʔ	
朵	TOI	𣑫 㛊 剁 挆	𣑫 㛊 剁 挆	都唾	端歌合一去	twah	tˤoih	
朵	TOI	𥬲	𥬲	陟瓜	知麻合二平	trwae	trˤoi	
朵	TOI	垛 𤬾 𥬲 𩊜	垛 𤬾 𥬲 𩊜	徒果	定歌合一上	dwaq	dˤoiʔ	
段	TON	鍛 腶 碫 瑖	鍛 腶 碫 瑖	丁貫	端寒合一去	twanh	tˤonh	
段	TON	𩏇 緞	𩏇 緞	徒管	定寒合一上	dwanq	dˤonʔ	
段	TON	段 毈 椴	段 毈 椴	徒玩	定寒合一去	dwanh	dˤonh	
斷	TON	斷 𢷖	斷 𢷖	都管	端寒合一上	twanq	tˤonʔ	
斷	TON	斷	斷	丁貫	端寒合一去	twanh	tˤonh	
斷	TON	䠪	䠪	吐緩	透寒合一上	thwanq	tʰˤonʔ	
斷	TON	斷	斷	徒管	定寒合一上	dwanq	dˤonʔ	
斷	TON	𩠹	𩠹	職緣	章仙合三平	tjwien	ton	
耑	TOI TON	端 褍 剬 𧤗 耑 鍴 𥵣 竱 𦾸 𥠄 偳	端 褍 剬 𧤗 耑 鍴 𥵣 竱 𦾸 𥠄 偳	多官	端寒合一平	twan	tˤon	
耑	TOI TON	踹	踹	丁貫	端寒合一去	twanh		
耑	TOI TON	揣 𥠄 㪜 褍	揣 𥠄 㪜 褍	丁果	端歌合一上	twaq	tˤoiʔ	
耑	TOI TON	湍 貒 䵎 𪏆 煓 偳	湍 貒 䵎 𪏆 煓 偳	他端	透寒合一平	thwan	tˤon	
耑	TOI TON	貒	貒	通貫	透寒合一去	thwanh		
耑	TOI TON	𧶲	𧶲	胡管	匣寒合一上	ghwanq		·𧶲，《廣韻》：「䝹𧶲，小有財。」諸多字韻書皆音匣母（《名義》胡管反；《玉篇》乎管切；《王三》胡管反；《廣韻》胡管切），與「耑」聲不諧。唯後出《集韻》增收覩緩切相合，未詳。
耑	TOI TON	顓 諯 湍	顓 諯 湍	職緣	章仙合三平	tjwien	ton	
耑	TOI TON	剬 𦓝	剬 𦓝	旨兖	章仙合三上	tjwienq	tonʔ	
耑	TOI TON	𦓝	𦓝	之累	章支合三上	tjwieq	toiʔ	
耑	TOI TON	惴 𦦇	惴 𦦇	之睡	章支合三去	tjwieh		
耑	TOI TON	喘 㪜	喘 㪜	昌兖	昌仙合三上	tjhwienq		
耑	TOI TON	諯	諯	尺絹	昌仙合三去	tjhwienh		
耑	TOI TON	遄 篅 圌 諯 輲 椯 歂	遄 篅 圌 諯 輲 椯 歂	市緣	常仙合三平	djwien	don	
耑	TOI TON	腨 歂 踹	腨 歂 踹	市兖	常仙合三上	djwienq	donʔ	
耑	TOI TON	圌 篅 𥳙	圌 篅 𥳙	是爲	常支合三平	djwie		
耑	TOI TON	瑞	瑞	是僞	常支合三去	djwieh		
耑	TOI TON	諯	諯	七絹	清仙合三去	tshwienh		·諯，《說文》：「諯，數也。一曰相讓也。从言耑聲。讀若專。 」原本《玉篇》充絹、至縁二反；《名義》至缘反；《玉篇》尺絹、至縁二切；《王三》市緣反；《廣韻》職緣、市緣、尺絹、七絹四切；《龍龕》士專、尺絹二反。清母七絹切不見於他書，亦於諧聲不合，蓋宋人誤補，誤因待考。
專	TON	團 慱 篿 剸 鄟 𧐕 漙 鷒 𪆃 摶 𩅂	團 慱 篿 剸 鄟 𧐕 漙 鷒 𪆃 摶 𩅂	度官	定寒合一平	dwan	dˤon	
專	TON	專 甎 篿 嫥 膞 鱄 鷒 鄟	專 甎 篿 嫥 膞 鱄 鷒 鄟	職緣	章仙合三平	tjwien	ton	
專	TON	剸 鱄 竱 膞	剸 鱄 竱 膞	旨兖	章仙合三上	tjwienq	tonʔ	
專	TON	剸	剸	之囀	章仙合三去	tjwienh		
專	TON	轉 𣓧	轉 𣓧	陟兖	知仙合三上	trwienq	tronʔ	
專	TON	囀 傳 轉	囀 傳 轉	知戀	知仙合三去	trwienh	tronh	
專	TON	膞 鄟 𡭐	膞 鄟 𡭐	市兖	常仙合三上	djwienq		
專	TON	𢮨 叀	𢮨 叀	時釧	常仙合三去	djwienh		
專	TON	蓴	蓴	常倫	常真合三平	djwin		
專	TON	傳	傳	直攣	澄仙合三平	drwien	dron	
專	TON	摶 𦁆	摶 𦁆	持兖	澄仙合三上	drwienq	dronʔ	
專	TON	傳 𦁆	傳 𦁆	直戀	澄仙合三去	drwienh	dronh	
叕	TOT	掇 剟 鵽 腏 裰 敠	掇 剟 鵽 腏 裰 敠	丁括	端末合一入	twat	tˤot	
叕	TOT	鵽 窡 錣	鵽 窡 錣	丁刮	知鎋合二入	trwaet	trˤot	
叕	TOT	窡 𠿡 娺 鵽	窡 𠿡 娺 鵽	丁滑	知黠合二入	trweet		
叕	TOT	欼 㱀 <欼>	欼 㱀 欼	初紀(史)	初夬合二去	tsrhwaejh		·欼，又作「𣤌」。《廣韻》：「欼，齧也。」《名義》「𣤌」叉夬反；《玉篇》「𣤌」叉快切；《王三》「欼」初紀反；《廣韻》「欼」初紀、「𣤌」楚夬二切。初紀切之音與「叕」聲字形聲韻皆不合，疑下字本作「夬」、本讀夬韻（與楚夬切同音），或誤識爲「史」，遂誤讀止韻；聲母未詳。《集韻》作「𠭋」，是依誤音而作「巳」聲，不可據信。·㱀，「欼」之訛字。
叕	TOT	𣤌	𣤌	楚夬	初夬合二去	tsrhwaejh		
叕	TOT	蝃 䫎 𠭴	蝃 䫎 𠭴	職悅	章薛合三入	tjwiet	tot	
叕	TOT	輟 畷 惙 餟 罬 剟 醊 啜 䟾 綴 掇 腏 𩋁 叕	輟 畷 惙 餟 罬 剟 醊 啜 䟾 綴 掇 腏 𩋁 叕	陟劣	知薛合三入	trwiet	trot	
叕	TOT	綴 醊 畷 䄌 啜 餟 腏 錣 輟	綴 醊 畷 䄌 啜 餟 腏 錣 輟	陟衛	知祭合三去	trwiejh	troth	
叕	TOT	逫 𡢑	逫 𡢑	竹律	知質合三入	trwit		
叕	TOT	娺	娺	陟隹	知脂合三平	trwi		
叕	TOT	歠 啜	歠 啜	昌悅	昌薛合三入	tjhwiet		
叕	TOT	啜	啜	姝雪	昌薛合三入	tjhwiet		
叕	TOT	啜	啜	甞芮	常祭合三去	djwiejh		
叕	TOT	𧱝	𧱝	居運	見文合三去	kunh		
叕	TOT	𧱝	𧱝	九勿	見物合三入	kut		
叕	TOT	𧱝 𧣸 䞵 罬	𧱝 𧣸 䞵 罬	紀劣	見薛合三B入	kuet		
叕	TOT	𧱝	𧱝	衢物	羣物合三入	gut		
叕	TOT	敠	敠	七絕	清薛合三入	tshwiet		
叕	TOT	𠭴 𠮌	𠭴 𠮌	側律	莊質合三入	tsruit		
贅	TOT	贅 𠭥	贅 𠭥	之銳	章祭合三去	tjwiejh	toth	·贅，《說文》：「贅，以物質錢。从敖、貝。敖者，猶放；貝，當復取之也。」所謂「敖」「貝」會意可疑，驗之秦漢文字，「贅」上部與「敖」有別。疑其左旁來源於戰國東土「叕」字之流變，混入秦文字系統。楚簡有从「叕」、「貝」、「攴」之字，當釋爲「贅」，包山楚簡：「Δ(贅)田。77」或是爲「贅」之來源。證據不足，未詳。·𠭥，之銳切之音蓋本于《說文》「讀若贅」，頗疑此音是「贅」上部之流形與「𢿆」在字形上相混後誤附的。此字又音雖遂切，見邃小韻。
𠄌	—	卂 <𠄌>	卂 𠄌	陟衛	知祭合三去	trwiejh		·卂，《廣韻》：「卂，釣[識]也。」趙少咸爲此「卂」乃「𠄌」之流變（說見：趙少咸《廣韻疏證》P2555）。《說文》：「𠄌，鉤識也。从反亅。讀若捕鳥罬。」
乳	NO	㳶 𡝦 啂 𡭾	㳶 𡝦 啂 𡭾	乃后	泥侯一上	nouq	nˤoʔ	
乳	NO	𣫌	𣫌	奴豆	泥侯一去	nouh		
乳	NO	乳	乳	而主	日虞合三上	njuoq	noʔ	
需	NO NON	羺 獳 䨲 䰰	羺 獳 䨲 䰰	奴鉤	泥侯一平	nou	nˤo	
需	NO NON	陾	陾	乃后	泥侯一上	nouq	nˤoʔ	
需	NO NON	擩 譳	擩 譳	奴豆	泥侯一去	nouh	nˤoh	
需	NO NON	腝	腝	那到	泥豪開一去	nawh		
需	NO NON	濡	濡	乃官	泥寒合一平	nwan	nˤon	
需	NO NON	煗 㬉 餪 渜 稬	煗 㬉 餪 渜 稬	乃管	泥寒合一上	nwanq	nˤonʔ	
需	NO NON	偄 愞 稬 渜 𪋐	偄 愞 稬 渜 𪋐	奴亂	泥寒合一去	nwanh	nˤonh	
需	NO NON	愞 堧 稬 𤲬	愞 堧 稬 𤲬	乃卧	泥歌合一去	nwah	nˤoi	
需	NO NON	媆 腝	媆 腝	奴困	泥魂合一去	nonh	nˤun	
需	NO NON	儒 獳 濡 襦 懦 嚅 鱬 𪋯 嬬 繻 顬 䞕 臑 醹 䰰	儒 獳 濡 襦 懦 嚅 鱬 𪋯 嬬 繻 顬 䞕 臑 醹 䰰	人朱	日虞合三平	njuo	no	
需	NO NON	擩 醹	擩 醹	而主	日虞合三上	njuoq	noʔ	
需	NO NON	孺 𡦗 <孺> 擩 㹘	孺 𡦗 孺 擩 㹘	而遇	日虞合三去	njuoh	noh	·𡦗，「孺」之俗字。見北魏《元維墓誌》：「君稱奇𡦗子，擅美聖僮。」
需	NO NON	堧 䙇 𤲬 瑌	堧 䙇 𤲬 瑌	而緣	日仙合三平	njwien	non	
需	NO NON	輭 蝡 㮕 䓴 碝 瑌 愞 腝 䞂 耎 偄 𤲬 緛	輭 蝡 㮕 䓴 碝 瑌 愞 腝 䞂 耎 偄 𤲬 緛	而兖	日仙合三上	njwienq	nonʔ	·耎，《說文·大部》：「耎，稍前大也。从大、而聲。讀若畏偄。」其說非是，「需」古音侯部，「而」古音之部，斷不可諧。鄭張尚芳《上古音系》：「耎，《說文》『而』聲，疑耎𦓔皆需(濡)之隸變異構。」其說是。「需」「耎」本一字，後分化爲兩字，段玉裁云：「古凡耎聲字皆在十四部；需聲字皆在四部。後人多亂之。」是傳世諧聲系統中「需」聲字多在侯部-O、「耎」聲字多在合口元部-ON；言「後人多亂之」則非，兩字本就同源，早期無別，如秦簡中「耎」亦讀侯部詞：①空地。讀爲｛壖｝。龍崗秦簡：「諸禁苑爲耎(壖)27」②沾漬。讀爲｛濡｝。睡虎地秦簡《封診式》：「相耎(濡)。57」自漢代有所分工而已。
需	NO NON	𤲬	𤲬	人絹	日仙合三去	njwienh	nonh	
需	NO NON	㨎	㨎	如劣	日薛合三入	njwiet	not	
需	NO NON	𩀋	𩀋	如勻	日真合三平	njwin		
需	NO NON	蝡	蝡	而允	日真合三上	njwinq	nunʔ	
需	NO NON	擩	擩	儒隹	日脂合三平	njwi	nui	
需	NO NON	繻 𪋯 需 鑐	繻 𪋯 需 鑐	相俞	心虞合三平	suo	sno	
茸	NOŊ	茸 䩸 𩮙 䇯 搑 𥎂 榵 穁	茸 䩸 𩮙 䇯 搑 𥎂 榵 穁	而容	日鍾三平	njuong	noŋ	
茸	NOŊ	穁 𨍷 搑	穁 𨍷 搑	而隴	日鍾三上	njuongq	noŋʔ	
茸	NOŊ	䩸 𩉪	䩸 𩉪	而用	日鍾三去	njuongh	noŋh	·𩉪，蓋「䩸」省聲。
宂	NOŊ	宂 𡦼 䢇 𤘺 𪕎	宂 𡦼 䢇 𤘺 𪕎	而隴	日鍾三上	njuongq	noŋʔ	
宂	LU	冘 抌	冘 抌	以周	以尤三平	ju	lu	·冘，古書「冘豫」同「猶豫」。傳世文字系統中以組幽部LU有個來源不明的聲首，其傳世諧聲字或作「冘」「穴」「宂」旁（如「冘」「貁」「抭」）。今且從段玉裁說置於「宂」聲。馬王堆帛書《周易·豫》：「九四，△餘（豫）。」今本作「由豫」，「△」帛書整理小組釋作「允」，以爲係「冘」之誤字；後研究者或不認爲誤字而以「允」「由」音近相通爲說（見《長沙馬王堆漢墓簡帛集成》第3卷P23所述）。按文、幽不可通，後說非是，此「△」乃「宂」LU聲系之早見者。·抌，抒臼，《說文》作「抭」，段玉裁注：「从手、宂聲也。」
宂	LU	狖 貁 𪕏	狖 貁 𪕏	余救	以尤三去	juh	luh	·狖、貁、𪕏，似狸，能捕鼠。又作「鼬」。《說文》：「貁，鼠屬。善旋。从豸、穴聲。」《慧琳音義》引《蒼頡篇》云：「狖，似狸，能捕鼠。出河西。」余救切之音與「穴」聲字形不合，段玉裁《說文解字注》謂本「宂」聲。
宂	LU	抌	抌	以主	以虞合三上	juoq		
宂	LU	𦥨 抭	𦥨 抭	以沼	以宵開三上	jiewq		·𦥨、抭，《說文》：「舀，抒臼也。从爪、臼。《詩》曰：『或簸或舀。』𦥨，舀或从臼、宂。抭，舀或从手从宂。」
辱	NUK NOK	槈 鎒 耨	槈 鎒 耨	奴豆	泥侯一去	nouh	nˤokh	
辱	NUK NOK	褥 傉 耨 搙	褥 傉 耨 搙	内沃	泥沃一入	nok	nˤuk	
辱	NUK NOK	搙	搙	女角	孃覺二入	nroeuk	nrˤok	
辱	NUK NOK	辱 蓐 褥 鄏 縟 溽 㦺 媷 嗕 𪑾 𩱨	辱 蓐 褥 鄏 縟 溽 㦺 媷 嗕 𪑾 𩱨	而蜀	日燭三入	njuok	nok	
妥	NUI NOI	妥 㟎 鵎	妥 㟎 鵎	他果	透歌合一上	thwaq	n̥ˤoiʔ	
妥	NUI NOI	㞜 <𡲾>	㞜 𡲾	他回	透灰合一平	thoj		
妥	NUI NOI	骽 脮 㟎 㱣 㞂	骽 脮 㟎 㱣 㞂	吐猥	透灰合一上	thojq	n̥ˤuiʔ	
妥	NUI NOI	𡯵 <㞂>	𡯵 㞂	他内	透灰合一去	thojh		
妥	NUI NOI	捼 <挼>	捼 挼	奴禾	泥歌合一平	nwa	nˤoi	
妥	NUI NOI	捼 𨡌	捼 𨡌	乃回	泥灰合一平	noj	nˤui	
妥	NUI NOI	餧 餒 浽 娞 𩗔 鮾 脮 㼏	餧 餒 浽 娞 𩗔 鮾 脮 㼏	奴罪	泥灰合一上	nojq	nˤuiʔ	
妥	NUI NOI	挼	挼	素回	心灰合一平	soj		
妥	NUI NOI	緌 <綏> 桵 䅑 捼	緌 綏 桵 䅑 捼	儒隹	日脂合三平	njwi	nui	
妥	NUI NOI	痿 䬐	痿 䬐	人垂	日支合三平	njwie		
妥	NUI NOI	諉 㢻	諉 㢻	女恚	孃支合三去	nrwieh	nroih	
妥	NUI NOI	綏 荾 荽 葰 浽 䅑	綏 荾 荽 葰 浽 䅑	息遺	心脂合三平	swi	snui	
妥	NUI NOI	鋖	鋖	息夷	心脂開三平	si		
妥	NUI NOI	䅗 <䅑>	䅗 䅑	思累	心支合三去	swieh		·䅗，禾四把，《名義》、《玉篇》作「䅑」。
𡰫	NON	嫩 <㜛>	嫩 㜛	奴困	泥魂合一去	nonh	nˤunh	·嫩，其右旁蓋爲聲符「軟」之訛形，即「㜛」->「嫰」->「嫩」。
𡰫	NON	軟 𢘎 㞋 㼱	軟 𢘎 㞋 㼱	而兖	日仙合三上	njwienq	nonʔ	·軟，《字彙·車部》引楊用脩曰：「𨋚，俗作軟，从欠，蓋㞋字之誤。」
𡰫	NON	㼱	㼱	人朱	日虞合三平	njuo	no	·㼱，《說文》：「㼱，柔韋也。从北，从皮省，从夐省。凡㼱之屬皆从㼱。讀若耎。一曰若雋。」據陳劍先生之說，「㼱」下半實爲「𡰫」之訛形，本「𡰫」聲（參考：陳劍《甲骨文釋字四則(提要)》），其說是也。
𡰫	NON	㬄	㬄	丑晏	徹刪開二去	trhaenh		·㬄，可能是「㫱」聲。
𡰫	NON	赧 㫱	赧 㫱	奴板	孃刪開二上	nraenq	nrˤanʔ	·㫱，「赧」省聲。
𡰫	NON	𨋚 㞋	𨋚 㞋	尼展	孃仙開三上	nrienq	nranʔ	·𨋚，《說文·車部》：「𨋚，轢也。从車，㞋聲。」「𡰫」聲字何以諧開口詞未詳。
𡰫	NON	輾 碾	輾 碾	女箭	孃仙開三去	nrienh	nranh	·輾，此字與“輾轉”之「輾」爲異源同形字；本作「𨋚」，「𡰫」聲，後訛作「輾」。又見尼展切之「𨋚」。·碾，是「輾」改換義符產生的異體。
奻	NON	奻	奻	奴還	孃刪合二平	nrwaen	nrˤon	
奻	NON	奻	奻	女患	孃刪合二去	nrwaenh	nrˤonh	
取	TSO TSOT	𣠏 緅 陬 棷 掫	𣠏 緅 陬 棷 掫	子侯	精侯一平	tsou	tsˤo	
取	TSO TSOT	繓 撮	繓 撮	子括	精末合一入	tswat		
取	TSO TSOT	最	最	祖外	精泰合一去	tswajh	tsˤoth	
取	TSO TSOT	趣 取 棷	趣 取 棷	蒼苟	清侯一上	tshouq	tsʰˤoʔ	
取	TSO TSOT	鄹 郰 齱 陬 緅 菆 棷 箃 黀	鄹 郰 齱 陬 緅 菆 棷 箃 黀	側鳩	莊尤三平	tsru	tsrˤo	
取	TSO TSOT	掫 𧌗	掫 𧌗	側九	莊尤三上	tsruq	tsrˤoʔ	
取	TSO TSOT	撮 襊	撮 襊	倉括	清末合一入	tshwat		
取	TSO TSOT	襊 𨅎	襊 𨅎	麤最	清泰合一去	tshwajh		
取	TSO TSOT	𦦣	𦦣	七外	清泰合一去	tshwajh		
取	TSO TSOT	𩋄	𩋄	初九	初尤三上	tsrhuq		
取	TSO TSOT	㷅	㷅	楚洽(狹)	初肴開二上	tsrhaewq	tsʰrˤoʔ	·㷅，洽韻讀法與「取」聲不合，頗疑或將「狡」訛作「狹」，遂誤讀爲洽韻。《方言注》創眇反；《名義》創狡反；《玉篇》初絞切；《廣韻》楚洽切；《集韻》楚絞切。
取	TSO TSOT	齱	齱	測角	初覺二入	tsrhoeuk		
取	TSO TSOT	嘬 䴝	嘬 䴝	楚夬	初夬合二去	tsrhwaejh		
取	TSO TSOT	㔌 鯫	㔌 鯫	徂鉤	從侯一平	dzou	dzˤo	
取	TSO TSOT	㔌 䠫	㔌 䠫	才奏	從侯一去	dzouh	dzˤoh	
取	TSO TSOT	叢 藂 䕺 𥵫	叢 藂 䕺 𥵫	徂紅	從東一平	dzoung	dzˤoŋ	·叢，《說文》：「叢，聚也。从丵，取聲。」「叢」旁早見於春秋早期金文鼄太宰𠤳：「鼄大(太)宰欉子𬏄。」〔《集成》04623、04624〕。參考：金宇祥《戰國竹簡晉國史料研究》。
取	TSO TSOT	𣀒 𠏭	𣀒 𠏭	徂送	從東一去	dzoungh		
取	TSO TSOT	蕞 𥳣	蕞 𥳣	才外	從泰合一去	dzwajh	dzˤoth	
取	TSO TSOT	𥣙	𥣙	士九	崇尤三上	dzruq		
取	TSO TSOT	驟	驟	鋤佑	崇尤三去	dzruh	dzrˤoh	
取	TSO TSOT	鯫	鯫	仕垢	從侯一上	dzouq		
取	TSO TSOT	棷	棷	蘇后	心侯一上	souq		
取	TSO TSOT	𥕸 𣩡 𥊴	𥕸 𣩡 𥊴	先外	心泰合一去	swajh		
取	TSO TSOT	鄹	鄹	辝纂	邪寒合一上	*zwanq		·鄹，《廣韻》：「《字林》云：『亭名。』在新豐。辝纂切。一。」
取	TSO TSOT	諏 㖩 𡸨 娵 陬 掫	諏 㖩 𡸨 娵 陬 掫	子于	精虞合三平	tsuo	tso	
取	TSO TSOT	緅	緅	子句	精虞合三去	tsuoh	tsoh	
取	TSO TSOT	鯫	鯫	七逾	清虞合三平	tshuo	tsʰo	
取	TSO TSOT	取	取	七庾	清虞合三上	tshuoq	tsʰoʔ	
取	TSO TSOT	娶 趣	娶 趣	七句	清虞合三去	tshuoh	tsʰoh	
取	TSO TSOT	菆	菆	芻注	初虞合三去	tsrhuoh	tsʰro	
取	TSO TSOT	聚 鄹	聚 鄹	慈庾	從虞合三上	dzuoq	dzoʔ	
取	TSO TSOT	埾 聚	埾 聚	才句	從虞合三去	dzuoh	dzoh	
取	TSO TSOT	䝒 𧱛	䝒 𧱛	鶵禹	崇虞合三上	dzruoq		
取	TSO TSOT	娶	娶	相俞	心虞合三平	suo	so	
取	TSO TSOT	棸	棸	直由	澄尤三平	dru		·棸，姓。《毛詩·小雅·十月之交》「棸子內史。」鄭玄箋：「棸，氏。」陸德明釋文：「側留反。」《玉篇》直流、側鳩二切；《廣韻》直由、除柳二切；《集韻》陳留、丈九、甾尤、士九四切。按直由切、除柳切之聲母與「取」聲不合；「取」聲字中古本當在精莊組，《釋文》側留反、《玉篇》側鳩切是也，待考。
取	TSO TSOT	棸	棸	除柳	澄尤三上	druq		·棸，見直由切之「棸」。
芻	TSO	鄒 騶 䑼 𨃘	鄒 騶 䑼 𨃘	側鳩	莊尤三平	tsru	tsrˤo	
芻	TSO	搊	搊	側九	莊尤三上	tsruq		
芻	TSO	皺 縐 䐢	皺 縐 䐢	側救	莊尤三去	tsruh	tsrˤoh	
芻	TSO	搊 𢬆 <搊> 篘 㮲 𥻤 謅	搊 𢬆 搊 篘 㮲 𥻤 謅	楚鳩	初尤三平	tsrhu	tsʰrˤo	·𢬆，蓋「搊」之訛字。
芻	TSO	𩌄	𩌄	初九	初尤三上	tsrhuq		
芻	TSO	煼 𩱦 𤌉 謅 𩱈	煼 𩱦 𤌉 謅 𩱈	初爪	初肴開二上	tsrhaewq	tsʰrˤoʔ	
芻	TSO	縐	縐	初敎	初肴開二去	tsrhaewh		
芻	TSO	㑳	㑳	鋤佑	崇尤三去	dzruh		
芻	TSO	齺	齺	士角	崇覺二入	dzroeuk		
芻	TSO	㑳 搊	㑳 搊	莊俱	莊虞合三平	tsruo		
芻	TSO	趨 趍 <趨>	趨 趍 趨	七逾	清虞合三平	tshuo	tsʰo	·趍，「趨」之訛字，與直離切之「趍」爲同形字。
芻	TSO	芻 犓	芻 犓	測隅	初虞合三平	tsrhuo	tsʰro	
芻	TSO	䐢	䐢	芻注	初虞合三去	tsrhuoh		
芻	TSO	䅳 雛 鶵 媰	䅳 雛 鶵 媰	仕于	崇虞合三平	dzruo	dzro	
芻	TSO	𥪥	𥪥	相俞	心虞合三平	suo		
走	TSO	走	走	子苟	精侯一上	tsouq	tsˤoʔ	
走	TSO	走	走	則候	精侯一去	tsouh		
奏	TSO	奏	奏	則候	精侯一去	tsouh	tsˤoh	
奏	TSO	輳 腠 湊 𪉮 蔟 楱 𧱪	輳 腠 湊 𪉮 蔟 楱 𧱪	倉奏	清侯一去	tshouh	tsʰˤoh	
奏	TSO	楱	楱	才奏	從侯一去	dzouh		
須	SO	須 鬚 嬃 𩓣 𢄼 蕦	須 鬚 嬃 𩓣 𢄼 蕦	相俞	心虞合三平	suo	so	
須	SO	𦄼 䅡	𦄼 䅡	相庾	心虞合三上	suoq		·䅡，「須」省聲。
須	SO	𦄼	𦄼	息拱	心鍾三上	suongq		
須	SO	𦄼	𦄼	息有	心尤三上	suq		
須	SO	盨	盨	踈舉	生魚開三上	sryoq		
悤	TSOŊ	𩮀	𩮀	子紅	精東一平	tsoung	tsˤoŋ	
悤	TSOŊ	總 摠 𢝰 𩮰 熜 𢊕 傯	總 摠 𢝰 𩮰 熜 𢊕 傯	作孔	精東一上	tsoungq	tsˤoŋʔ	
悤	TSOŊ	傯	傯	作弄	精東一去	tsoungh		
悤	TSOŊ	怱 忩 葱 楤 𨍉 聦 繱 𤧚 騘 䗓 囱 𨣭 鍯 㷓 𢉛	怱 忩 葱 楤 𨍉 聦 繱 𤧚 騘 䗓 囱 𨣭 鍯 㷓 𢉛	倉紅	清東一平	tshoung	tsʰˤoŋ	
悤	TSOŊ	謥 憁	謥 憁	千弄	清東一去	tshoungh	tsʰˤoŋh	
悤	TSOŊ	囪 窻 牕 窓 𥎋	囪 窻 牕 窓 𥎋	楚江	初江二平	tsrhoeung	tsʰrˤoŋ	
悤	TSOŊ	𣞷 𢤄	𣞷 𢤄	蘇公	心東一平	soung		
悤	TSOŊ	䉥 𣞷	䉥 𣞷	先孔	心東一上	soungq		
悤	TSOŊ	𢃭	𢃭	職勇	章鍾三上	tjuongq		·𢃭，或作「𢃓」、「𧛤」、「衳」。《說文》：「𢃭，㡓也。从巾、怱聲。一曰帙。𢃓，𢃭或从松。」《方言》：「褌，陳楚江淮之閒謂之䘴。」郭璞注：「䘴，錯勇反。」《漢書》：「相如身自著犢鼻褌」顏師古注：「即今之衳也，形似犢鼻，故以名云。衳音之容反。」《王三》：「䘴，且勇反。褌。或作忪、䙂。」
㚇	TSOŊ	葼 鬷 嵕 猣 鯼 椶 騣 艐 蝬 堫 𥓻 翪 緵 㚇 㣭 稯 鬉	葼 鬷 嵕 猣 鯼 椶 騣 艐 蝬 堫 𥓻 翪 緵 㚇 㣭 稯 鬉	子紅	精東一平	tsoung	tsˤoŋ	·㚇，《說文》：「㚇，斂足也。鵲鵙醜，其飛也㚇。从夊，兇聲。」一般認爲「兇」「㚇」乃一字，唯加不加腳形；然「兇」之聲母與「㚇」有別，似非。待考。
㚇	TSOŊ	鬷 猣 翪 䁓 𨍈	鬷 猣 翪 䁓 𨍈	作孔	精東一上	tsoungq	tsˤoŋʔ	
㚇	TSOŊ	糉 䁓 㚇 鯼 緵	糉 䁓 㚇 鯼 緵	作弄	精東一去	tsoungh		
㚇	TSOŊ	䎫 堫	䎫 堫	楚江	初江二平	tsrhoeung	tsʰrˤoŋ	
㚇	TSOŊ	䎫	䎫	楚絳	初江二去	tsrhoeungh	tsʰrˤoŋh	
从	TSOŊ	豵 䗥 嵸	豵 䗥 嵸	子紅	精東一平	tsoung	tsˤoŋ	
从	TSOŊ	嵸 㢔 蓯	嵸 㢔 蓯	作孔	精東一上	tsoungq	tsˤoŋʔ	
从	TSOŊ	摐 鏦	摐 鏦	楚江	初江二平	tsrhoeung	tsʰrˤoŋ	
从	TSOŊ	㼻	㼻	藏宗	從冬一平	dzong		
从	TSOŊ	㼻 𩞐	㼻 𩞐	士江	崇江二平	dzroeung		
从	TSOŊ	縱 𣯨 蹤 䡮 樅 磫 豵 熧 𧺣	縱 𣯨 蹤 䡮 樅 磫 豵 熧 𧺣	即容	精鍾三平	tsuong	tsoŋ	
从	TSOŊ	䙕	䙕	子冢	精鍾三上	tsuongq	tsoŋʔ	
从	TSOŊ	縱 瘲	縱 瘲	子用	精鍾三去	tsuongh	tsoŋh	
从	TSOŊ	樅 鏦 從 暰 䗥 瑽 摐 䐫 𥡬 𧺣	樅 鏦 從 暰 䗥 瑽 摐 䐫 𥡬 𧺣	七恭	清鍾三平	tshuong	tsʰoŋ	
从	TSOŊ	從 从 𩀰	從 从 𩀰	疾容	從鍾三平	dzuong	dzoŋ	
从	TSOŊ	從	從	疾用	從鍾三去	dzuongh	dzoŋh	
从	TSOŊ	慫 聳 傱 䙕	慫 聳 傱 䙕	息拱	心鍾三上	suongq	soŋʔ	
雙	SOŊ	雙 艭 䉶 𢥠 䝄 𨇯	雙 艭 䉶 𢥠 䝄 𨇯	所江	生江二平	sroeung	srˤoŋ	
雙	SOŊ	㩳 愯	㩳 愯	息拱	心鍾三上	suongq	soŋʔ	·愯，恐懼，从「心」、「隻(雙)」聲，又作「悚」、「聳」。《說文·心部》：「愯，懼也。从心，雙省聲。《春秋傳》曰：『駟氏愯。』」今本《左傳·昭公十九年》作「駟氏聳」。秦漢時期或將「雙」省形作「隻」之形，江陵一六七號漢墓簡：「緒(紵)卑(椑)虒(榹)一隻(雙)。35」是「愯」以此類「隻(雙)」爲聲。
送	SOŊ	送	送	蘇弄	心東一去	soungh	sˤoŋh	·送，《說文》：「䢠(送)，遣也。从辵，㑞省。𨕩，籀文不省。」其說不可信。陳劍《昔雞簋銘用爲“送”之字與相關問題》言及之。
嵩	—	嵩	嵩	息弓	心東三平	sung		
足	TSOK	趗	趗	千木	清屋一入	tshouk		
足	TSOK	莡	莡	倉各	清鐸開一入	tshak		
足	TSOK	足 哫	足 哫	即玉	精燭三入	tsuok	tsok	
足	TSOK	足	足	子句	精虞合三去	tsuoh		
足	TSOK	捉	捉	側角	莊覺二入	tsroeuk	tsrok	
足	TSOK	促 趗 𤗁 㹱	促 趗 𤗁 㹱	七玉	清燭三入	tshuok	tsʰok	
足	TSOK	㹱	㹱	七雀	清藥開三入	tshyak		
足	TSOK	娖 𪘏 齪	娖 𪘏 齪	測角	初覺二入	tsrhoeuk	tsʰrok	
足	TSOK	珿 𪘏 𧯩 䎌	珿 𪘏 𧯩 䎌	初六	初屋三入	tsrhuk		
足	TSOK	浞 鋜	浞 鋜	士角	崇覺二入	dzroeuk	dzrok	
族	TSOK	鏃	鏃	作木	精屋一入	tsouk	tsˤok	
族	TSOK	嗾	嗾	倉奏	清侯一去	tshouh		
族	TSOK	瘯 䃚 蔟 簇	瘯 䃚 蔟 簇	千木	清屋一入	tshouk	tsʰˤok	
族	TSOK	族	族	昨木	從屋一入	dzouk	dzˤok	
族	TSOK	鷟	鷟	士角	崇覺二入	dzroeuk		
族	TSOK	嗾	嗾	蘇后	心侯一上	souq		
族	TSOK	嗾	嗾	蘇奏	心侯一去	souh		
丵	—	丵	丵	士角	崇覺二入	dzroeuk		
閦	—	𨴖	𨴖	初六	初屋三入	tsrhuk		·閦，《龍龕·門部》：「閦，初六反。衆也。正從三人如衆字下從三人是也。」《廣韻》：「𨴖，衆也。出《字統》。或作『閦』。」中古常見於「阿閦」一詞，佛名，梵語Aksobhya，義爲不動。《慧琳音義》：「阿閦，案閦文字所無相承。又六反。餘經作無怒，亦云無動，或云無怒覺，皆義譯其名也。」
欶	SOK	速 遬 𧫷 蔌 餗 𩱖 𧐒 樕 𣫎 㑛 梀 𪋝 藗 殐 嗽 𡖯 涑	速 遬 𧫷 蔌 餗 𩱖 𧐒 樕 𣫎 㑛 梀 𪋝 藗 殐 嗽 𡖯 涑	桑谷	心屋一入	souk	sˤok	
欶	SOK	瘶 嗽 欶 漱 鏉	瘶 嗽 欶 漱 鏉	蘇奏	心侯一去	souh	sˤokh	·欶，舊所謂「束」聲系中多精組字，與書母「束」實不相諧；或以複輔音或流音聲母擬合之，似未審。陳劍先生釋花東子卜辭的「速」字及歷組的「欶」字（見：陳劍《說花園莊東地甲骨卜辭的“丁”——附：釋“速”》），其說確不可移。然其基本聲符與「束」形並不相同，似作袋上有屮之形，今據此形、及傳世諧聲系統之齟齬分舊「束」聲諸字爲兩系。
欶	SOK	涑 鏉 𩌱 𩮶 摗 𠘂 𡠼	涑 鏉 𩌱 𩮶 摗 𠘂 𡠼	速侯	心侯一平	sou		
欶	SOK	駷	駷	蘇后	心侯一上	souq		
欶	SOK	欶 嗽	欶 嗽	所角	生覺二入	sroeuk	srˤok	
欶	SOK	梀	梀	千木	清屋一入	tshouk		
欶	SOK	娕	娕	測角	初覺二入	tsrhoeuk		
欶	SOK	涑	涑	相玉	心燭三入	suok	sok	
欶	SOK	悚 竦 駷	悚 竦 駷	息拱	心鍾三上	suongq	soŋʔ	
欶	SOK	漱 鏉	漱 鏉	所佑	生尤三去	sruh	sruh	
欶	SOK	捒	捒	色句	生虞合三去	sruoh		
欶	SOK	誎 𦠁	誎 𦠁	七玉	清燭三入	tshuok	tsʰok	
坐	TSOI	鎐 <銼>	鎐 銼	作木	精歌合一平	dzwa		·鎐，姓也，其望出彭城。「鎐」字作「䍃」旁，與其聲不合。楊寶忠謂此爲「銼」之訛字，將毒切「錊」亦然（說見：楊寶忠《疑難字續考》P306），可從；唯楊氏謂「銼」爲「鏃」之聲符更易字，似未審韻尾之殊別，「坐」「族」二者不爲可換聲符。審諸書皆言其姓讀屋沃韻（中古盛唐以後已不分屋沃），與「坐」聲不諧，甚可怪。以「銼」考之，疑早期姓氏書所注反切下字本作「禾」、誤爲「木」，後遂誤收入《屋韻》，所謂「音鏃」、「將毒切」者皆襲其誤而作矣，是「銼」（昨木切）、「鎐」（作木切）、「錊」（將毒(木)切）三字讀音當並正。
坐	TSOI	錊 <銼>	錊 銼	將毒(木)	精歌合一平	dzwa		·錊，姓也，見昨木切「鎐」字下。
坐	TSOI	挫 夎 侳	挫 夎 侳	則卧	精歌合一去	tswah	tsˤoih	
坐	TSOI	夎	夎	子對	精灰合一去	tsojh		
坐	TSOI	髽	髽	莊華	莊麻合二平	tsrwae		
坐	TSOI	遳	遳	七戈	清歌合一平	tshwa		
坐	TSOI	脞 䂳	脞 䂳	倉果	清歌合一上	tshwaq		
坐	TSOI	剉 莝 銼	剉 莝 銼	麤卧	清歌合一去	tshwah		
坐	TSOI	䂳	䂳	叉瓦	初麻合二上	tsrhwaeq		
坐	TSOI	矬 痤 銼 㭫 睉	矬 痤 銼 㭫 睉	昨禾	從歌合一平	dzwa	dzˤoi	
坐	TSOI	銼	銼	昨木	從歌合一平	dzwa		·銼，見昨木切「鎐」字下。
坐	TSOI	坐 𡋲	坐 𡋲	徂果	從歌合一上	dzwaq	dzˤoiʔ	
坐	TSOI	座 坐	座 坐	徂卧	從歌合一去	dzwah	dzˤoih	
坐	TSOI	𡎻	𡎻	昨閑	崇山開二平	dzreen		
坐	TSOI	𡎻	𡎻	士山	崇山開二平	dzreen		
坐	TSOI	趖 𧨀 㛗	趖 𧨀 㛗	蘇禾	心歌合一平	swa		
坐	TSOI	侳 𩛠	侳 𩛠	子𩨷	精歌合三平	tsua		
坐	TSOI	𡎬	𡎬	𩛠瓦	精歌合三上	tsuaq		
坐	TSOI	脞 㛗	脞 㛗	醋伽	清歌合三平	tshua		
坐	TSOI	𡎻	𡎻	士連	崇仙開三平	dzryen		
𧴪	SOI	鎖 瑣 溑 䵀 𩹳 𥔭 䣔 𢱡 𧴪	鎖 瑣 溑 䵀 𩹳 𥔭 䣔 𢱡 𧴪	蘇果	心歌合一上	swaq	sˤoiʔ	·𧴪，《說文》：「𧴪，貝聲也。从小、貝。」陳劍先生謂从「貝」从｛沙｝之象形初文「小(沙)」得聲（說見：陳劍《甲骨金文“𢦏”字補釋》），其說極具啟發性。然「小(沙)」讀歌1部TSAI，與「𧴪」SOI聲系有圓唇非圓唇之別。抑或「小」可讀｛瑣｝*sˤoiʔ、自有精組歌3部SOI之音。《毛詩·小雅·節南山》：「瑣瑣姻亞。」毛傳：「瑣瑣，小貌。」
𧴪	SOI	䐝	䐝	先臥	心歌合一去	swah		
惢	SOI	惢	惢	蘇果	心歌合一上	swaq	sˤoiʔ	
惢	SOI	惢	惢	姊宜(規)	精支合三平	tswie		
惢	SOI	惢	惢	才捶	從支合三上	dzwieq		
爨	TSON	𩎑	𩎑	借官	精寒合一平	tswan	tsˤon	
爨	TSON	爨	爨	七亂	清寒合一去	tshwanh	tsʰˤonh	
竄	TSON	竄 鑹	竄 鑹	七亂	清寒合一去	tshwanh	tsʰˤonh	·竄，大徐本《說文》：「竄，墜也。从鼠在穴中。」小徐本：「匿也。從鼠在穴中。」
全	TSON	跧	跧	阻頑	莊刪合二平	tsrwaen		
全	TSON	跧	跧	將倫	精真合三平	tswin		
全	TSON	恮 跧 䀬	恮 跧 䀬	莊緣	莊仙合三平	tsruen	tsron	
全	TSON	詮 銓 硂 痊 佺 駩 筌 絟 恮 荃 𠛮 峑 拴	詮 銓 硂 痊 佺 駩 筌 絟 恮 荃 𠛮 峑 拴	此緣	清仙合三平	tshwien	tsʰon	
全	TSON	絟	絟	七絕	清薛合三入	tshwiet	tsʰot	
全	TSON	全 㒰 牷 䀬	全 㒰 牷 䀬	疾緣	從仙合三平	dzwien	dzon	
全	TSON	栓	栓	山員	生仙合三平	sruen	sron	
全	TSON	𨡸 <醛>	𨡸 醛	職悅	章薛合三入	tjwiet		
全	TSON	輇	輇	市緣	常仙合三平	djwien	don	·輇，《說文》：「輇，藩車下庳輪也。從車，全聲。讀若饌。一曰無輻也。」其聲母與諧聲不合，待考。又作「輲」、「槫」、「膞」，《禮記·雜記上》：「載以輲車。」鄭玄注：「輲讀爲輇，或作槫。許氏《說文解字》曰：『有輻曰輪，無輻曰輇。』《周禮》又有蜃車，天子以載柩。蜃、輇聲相近，其制同乎！」陸德明釋文：「依注作『輇』及『槫』、同。市専反，又布轉反，注及下同。」原本《玉篇》引《禮記》作「載以輇車」。《周禮·冬官·旊人》：「器中膞，豆中縣。」鄭玄注：「膞讀如車輇之輇，既坿泥而轉其均，尌膞其側以擬度端其器也。」原本《玉篇》引《考工記》作「凡陶旊之事噐中輇」。
雋	TSON	𦆈	𦆈	作管	精寒合一上	tswanq	tsˤonʔ	
雋	TSON	檇	檇	將遂	精脂合三去	tswih	tsui	
雋	TSON	鐫	鐫	子泉	精仙合三平	tswien	tson	
雋	TSON	臇 𤎱 𧕣	臇 𤎱 𧕣	子兖	精仙合三上	tswienq	tsonʔ	
雋	TSON	雋 隽 𤺻 𦼱	雋 隽 𤺻 𦼱	徂兖	從仙合三上	dzwienq	dzonʔ	·雋，《說文》：「雋，肥肉也。从弓，所以射隹。長沙有下雋縣。」其說不可信，待考。
雋	TSON	臇 𤎱	臇 𤎱	遵爲	精支合三平	tswie	tsoi	
雋	TSON	檇	檇	醉綏	精脂合三平	tswi	tsui	
雋	TSON	檇	檇	昨回	從灰合一平	dzoj		
雋	TSON	儁 寯	儁 寯	子峻	精真合三去	tswinh	tsunh	
泉	TSON	謜 縓	謜 縓	此緣	清仙合三平	tshwien	tsʰon	
泉	TSON	縓	縓	七絹	清仙合三去	tshwienh	tsʰonh	·縓，赤黃色。《爾雅》：「一染，謂之縓。」《說文》：「縓，帛赤黃色。一染謂之縓，再染謂之䞓，三染謂之纁。从糸、原聲。」
泉	TSON	泉 𧍭 葲	泉 𧍭 葲	疾緣	從仙合三平	dzwien	dzon	
泉	TSON	線	線	私箭	心仙開三去	sienh	sanh	·線，又作「綫」，《說文·糸部》：「線，古文綫。」
𠨎	TSUN TSON	撰 饌	撰 饌	雛鯇	崇刪合二上	dzrwaenq		
𠨎	TSUN TSON	𦠆	𦠆	蘇本	心魂合一上	sonq		
𠨎	TSUN TSON	巽 顨 潠	巽 顨 潠	蘇困	心魂合一去	sonh	sˤunh	
𠨎	TSUN TSON	𦌔	𦌔	所晏	生刪開二去	sraenh		
𠨎	TSUN TSON	㷷	㷷	遵爲	精支合三平	tswie		
𠨎	TSUN TSON	僎	僎	將倫	精真合三平	tswin		
𠨎	TSUN TSON	蟤	蟤	莊緣	莊仙合三平	tsruen		
𠨎	TSUN TSON	譔 鐉	譔 鐉	此緣	清仙合三平	tshwien		
𠨎	TSUN TSON	撰 僎 𩔊 𩻝 譔	撰 僎 𩔊 𩻝 譔	士免	崇仙合三上	dzruenq	dzronʔ	
𠨎	TSUN TSON	饌 𦠆 襈 僎 譔 𤩄 𠨎	饌 𦠆 襈 僎 譔 𤩄 𠨎	七戀	崇仙合三去	dzruenh	dzronh	·𠨎，《說文》：「𠨖(𠨎)，二卪也。巽从此。闕。」或與｛坐｝有關。
𠨎	TSUN TSON	選 𦌔 𥶷	選 𦌔 𥶷	思兖	心仙合三上	swienq	sonʔ	
𠨎	TSUN TSON	選 𤂿 䍻 𦌔 䠣 繏	選 𤂿 䍻 𦌔 䠣 繏	息眷	心仙合三去	swienh	sonh	
𠨎	TSUN TSON	簨	簨	思尹	心真合三上	swinq		
𠨎	TSUN TSON	䍻	䍻	辝戀	邪仙合三去	zwienh		
𠨎	TSUN TSON	䠣	䠣	區倦	溪仙合三B去	khuenh		·䠣，網也，又作「𦌔」。區倦切早見於王仁昫《切韻》，《玉篇》系字書無此音，此溪母聲母與「巽」聲字形不合，息絹切異讀合之。未詳。
𠨎	TSUN TSON	襈	襈	渠卷	羣仙合三B去	guenh		·襈，渠卷切之音早見王仁昫《切韻》，《玉篇》系字書無此音，此群母讀音與「巽」聲字形不合，未詳。
具²	TSON	纂 繤	纂 繤	作管	精寒合一上	tswanq	tsˤonʔ	
具²	TSON	攥	攥	子括	精末合一入	tswat		
具²	TSON	篡	篡	初患	初刪合二去	tsrhwaenh	tsʰrˤonh	
具²	TSON	䵵 㔍	䵵 㔍	初刮	初鎋合二入	tsrhwaet		
具²	TSON	𥣚	𥣚	在丸	從寒合一平	dzwan		
具²	TSON	𨰉	𨰉	査鎋	崇鎋開二入	dzraet		
具²	TSON	算 匴 篹	算 匴 篹	蘇管	心寒合一上	swanq	sˤonʔ	·算，以「具(饌)」爲聲。見「具」下。
具²	TSON	䵵	䵵	側劣	莊薛合三入	tsruet		
具²	TSON	𣃍 𤂳	𣃍 𤂳	此芮	清祭合三去	tshwiejh		
具²	TSON	𣀔	𣀔	芳(反)万	初元合三去	tsrhuonh		·𣀔，《說文》：「𣀔，小舂也。从攴、算聲。」《名義》又萬反；《玉篇》叉萬切（「𣫑」初万切）；《王三》芳万反；《裴韻》叉万反；《廣韻》芳万切重出。芳万切之聲母與「算」聲字形不合，疑上字本作「叉」，或訛作「反」，遂誤讀滂母。
具²	TSON	𣀔	𣀔	芳(反)万	初元合三去	tsrhuonh		
具²	TSON	𣃍 𤂳	𣃍 𤂳	楚稅	初祭合三去	tsrhuejh		
具²	TSON	㔍	㔍	厠列	初薛合三入	tsrhuet		
具²	TSON	䉵	䉵	七戀	崇仙合三去	dzruenh	dzronh	
具²	TSON	𤂳	𤂳	息眷	心仙合三去	swienh		
具²	TSON	𨏉 㝈	𨏉 㝈	山員	生仙合三平	sruen	sron	
具²	TSON	𨏉	𨏉	所眷	生仙合三去	sruenh	sronh	
灥	—	灥	灥	詳遵	邪真合三平	zwin		·灥，《說文》：「灥，三泉也。闕。凡灥之屬皆从灥。」段玉裁注：「闕。此謂讀若未詳、闕其音也。今音詳遵切。依附泉之雙聲爲之。」
灥	—	灥	灥	昌緣	昌仙合三平	tjhwien		
筭	SON	筭 笇	筭 笇	蘇貫	心寒合一去	swanh	sˤonh	
𢇍	TSOT	蕝 㔢 𨼎	蕝 㔢 𨼎	子悅	精薛合三入	tswiet	tsot	
𢇍	TSOT	蕝	蕝	子芮	精祭合三去	tswiejh	tsoth	
𢇍	TSOT	脃 脆	脃 脆	此芮	清祭合三去	tshwiejh	tsʰoth	·脆，「脃」之俗字，「絕」省聲。小徐本《說文》：「脃，小耎易斷也。從肉，絕省聲。」大徐本作「从肉，从絕省。」
𢇍	TSOT	絕	絕	情雪	從薛合三入	dzwiet	dzot	
𢇍	TSOT	𧖀	𧖀	陟劣	知薛合三入	trwiet		·𧖀，又作「蠿」。《說文》：「蠿，蠿蟊，作罔蛛蟊也。从䖵、𢇍聲。𢇍，古絕字。」段玉裁注：「《釋蟲》曰：『次𧕰、䵹鼄。䵹鼄、鼄蝥。』按次𧕰卽許之蠿蟊，鼄蝥卽許之鼄蟊也。次古音同漆，故與蠿音近；𧕰縛牟切，故與蟊音近。」其說可疑，「次」「蠿」、「𧕰」「蟊」聲韻遠隔，斷不可通，疑「蠿蟊」即「鼄蝥」。《名義》之悅反；《玉篇》之悅切；《王三》陟劣反；大徐本《說文》側八切；《廣韻》陟劣切；小徐本《說文》側八切。
㕞	SOT	刷	刷	數刮	生鎋合二入	srwaet	srˤot	
㕞	SOT	涮	涮	生患	生刪合二去	srwaenh		
㕞	SOT	㕞 刷 𠴪	㕞 刷 𠴪	所劣	生薛合三入	sruet	srot	
雪	SOT	𠽶	𠽶	楚夬	初夬合二去	tsrhwaejh		
雪	SOT	㦌	㦌	呼骨	曉沒合一入	hot		·㦌，《名義》呼沒反；《玉篇》呼骨切；《廣雅音》音忽；《王三》呼骨反；大徐本《說文》千短切；《廣韻》呼骨切；《集韻》千短、呼骨、呼役三切；小徐本《說文》呼骨反。
雪	SOT	膬 𥕹	膬 𥕹	七絕	清薛合三入	tshwiet	tsʰot	
雪	SOT	毳 膬 竁 㯔	毳 膬 竁 㯔	此芮	清祭合三去	tshwiejh	tsʰoth	·毳，戰國時期「雪」下部訛爲三「毛」，疑後省形產生「毳」字。或說「雪」下變形音化爲「毳」，恐顛倒源流。「毳」字形另存一源流有自的宵部見系來源。
雪	SOT	㯔 竁 毳	㯔 竁 毳	楚稅	初祭合三去	tsrhuejh	tsʰroth	
雪	SOT	雪 䨮 㨹	雪 䨮 㨹	相絕	心薛合三入	swiet	sot	·雪，《說文》：「䨮，凝雨，說物者。从雨，彗聲。」「彗」古音在云組，與「雪」不諧。學界多說「帚」「彗」「雪」等諸字相與爲聲，古音甚紛亂，或在精組幽部SU、精組月部SOT、或在云組月部WET，有待全面梳理。疑「䨮」以｛刷｝初文爲聲符。
𠭥	TSOT	𧑎	𧑎	祖外	精泰合一去	tswajh		
𠭥	TSOT	𥨒	𥨒	麤最	清泰合一去	tshwajh		
𠭥	TSOT	䔴	䔴	初力	初職開三入	tsrhyk		·䔴，《說文》：「䔴，艸也。从艸、𠭥聲。」《名義》叉測反；《玉篇》叉力切；《王三》愴力反；大徐本《說文》麤最切；《廣韻》初力切；小徐本《說文》鹿最反。初力切之韻母與「𠭥」聲字形不合，宜改。
𠭥	TSOT	柮	柮	藏活	從末合一入	dzwat		
𠭥	TSOT	蒜 祘	蒜 祘	蘇貫	心寒合一去	swanh	sˤon	·蒜，郭永秉以爲二「祟」聲。說見：郭永秉《說“蒜”“祘”》。·祘，「蒜」之省形分化字，見前引郭文。
𠭥	TSOT	𧑎	𧑎	子芮	精祭合三去	tswiejh	tsoth	
𠭥	TSOT	𧑎	𧑎	此芮	清祭合三去	tshwiejh	tsʰoth	
𠭥	TSOT	𪗨	𪗨	仕叱	崇櫛開三入	dzryit		
𠭥	TSOT	𪗨	𪗨	崱瑟	崇櫛開三入	dzryit		
𠭥	TSOT	䳳 𥚋 𨜿	䳳 𥚋 𨜿	辛聿	心質合三入	swit		
𠭥	TSOT	祟 𠭥	祟 𠭥	雖遂	心脂合三去	swih	suth	·𠭥，《說文》：「𠭥，楚人謂卜問吉凶曰𠭥。从又持祟、祟亦聲。讀若贅。」此字又音之芮切，見贅小韻。
冓	KO	溝 褠 韝 篝 㗕 冓	溝 褠 韝 篝 㗕 冓	古侯	見侯一平	kou	k(r)ˤo	
冓	KO	遘 構 媾 覯 購 㝤 搆 煹 䃓 冓	遘 構 媾 覯 購 㝤 搆 煹 䃓 冓	古候	見侯一去	kouh	k(r)ˤoh	
冓	KO	講 傋 耩	講 傋 耩	古項	見江二上	koeungq	krˤoŋʔ	
冓	KO	斠	斠	古岳	見覺二入	koeuk	krˤok	
冓	KO	韝	韝	恪侯	溪侯一平	khou	kʰ(r)ˤo	
冓	KO	傋 𢞡	傋 𢞡	虚慃	曉江二上	hoeungq	hrˤoŋʔ	
侯	KO	緱	緱	古侯	見侯一平	kou	k(r)ˤo	
侯	KO	侯 矦 𥎦 帿 鄇 䫛 鍭 猴 糇 翭 翵 餱 喉 篌 鯸 㮢 瘊 䗔 葔 睺 䙈	侯 矦 𥎦 帿 鄇 䫛 鍭 猴 糇 翭 翵 餱 喉 篌 鯸 㮢 瘊 䗔 葔 睺 䙈	戸鉤	匣侯一平	ghou	ɡ(r)ˤo	
侯	KO	候 鄇 睺 堠 鍭 䞀 𣣠 <𥀃>	候 鄇 睺 堠 鍭 䞀 𣣠 𥀃	胡遘	匣侯一去	ghouh	ɡ(r)ˤoh	·𣣠，石蜜膜，「𥀃」之訛字，《王三》正作「𥀃」。
侯	KO	𪅺	𪅺	呼侯	曉侯一平	hou		
厚	KO	厚	厚	胡口	匣侯一上	ghouq	ɡ(r)ˤoʔ	
厚	KO	厚	厚	胡遘	匣侯一去	ghouh	ɡ(r)ˤoh	
後	KO	䵈	䵈	空谷	溪屋一入	khouk	kʰˤok	
後	KO	後 𨒥	後 𨒥	胡口	匣侯一上	ghouq	ɡ(r)ˤoʔ	
後	KO	後	後	胡遘	匣侯一去	ghouh	ɡ(r)ˤoh	
具¹	KO	俱	俱	舉朱	見虞合三平	kuo	k(r)o	
具¹	KO	椇	椇	俱雨	見虞合三上	kuoq	k(r)oʔ	
具¹	KO	䡞 㮂 䋰	䡞 㮂 䋰	居玉	見燭三入	kuok	k(r)ok	
具¹	KO	具 埧	具 埧	其遇	羣虞合三去	guoh	ɡ(r)oh	·具，古文字「具」象雙手奉鼎之形，一形多用有兩類讀音：①見系侯部KO，爲｛具｝*ɡ(r)os之表意字；②精組元部TSON，爲｛饌｝*dzrons之表意字，保留在傳世文字系統的「算」中。
后	KO	㸸	㸸	烏后	影侯一上	qouq		
后	KO	垢 詬 茩	垢 詬 茩	古厚	見侯一上	kouq	k(r)ˤoʔ	
后	KO	姤	姤	古候	見侯一去	kouh	k(r)ˤoh	
后	KO	㸸	㸸	苦后	溪侯一上	khouq		
后	KO	詬	詬	苦候	溪侯一去	khouh	kʰ(r)ˤoh	
后	KO	銗 𧮶 骺	銗 𧮶 骺	戸鉤	匣侯一平	ghou	ɡ(r)ˤo	
后	KO	垕 后 郈 㖃	垕 后 郈 㖃	胡口	匣侯一上	ghouq	ɡ(r)ˤoʔ	·后，舊或以爲與「司」爲一字之分化，然兩者音義迥異，不可能同源；或說來源於東周時期「句」之訛變分化，或說爲「厚」之省形，待考。
后	KO	鮜 逅 訽 后 䞧	鮜 逅 訽 后 䞧	胡遘	匣侯一去	ghouh	ɡ(r)ˤoh	
后	KO	缿	缿	胡講	匣江二上	ghoeungq	ɡrˤoŋʔ	
后	KO	㸸 㖃	㸸 㖃	呼后	曉侯一上	houq	h(r)ˤoʔ	
后	KO	詬 㖃	詬 㖃	呼漏	曉侯一去	houh	h(r)ˤoh	
口	KO	口 扣 𤘘 釦 叩 𧥣 𨙫	口 扣 𤘘 釦 叩 𧥣 𨙫	苦后	溪侯一上	khouq	kʰ(r)ˤoʔ	
口	KO	扣	扣	苦候	溪侯一去	khouh	kʰ(r)ˤoh	
寇	KO	滱	滱	恪侯	溪侯一平	khou	kʰ(r)ˤo	
寇	KO	寇 滱 簆	寇 滱 簆	苦候	溪侯一去	khouh	kʰ(r)ˤoh	
寇	KO	蔻	蔻	呼漏	曉侯一去	houh		
吽	—	吽	吽	呼后	曉侯一上	houq		
區	ɁO KO	謳 嘔 歐 甌 區 漚 鷗 瞘 櫙 蓲 醧 剾 䙔 鏂 膒	謳 嘔 歐 甌 區 漚 鷗 瞘 櫙 蓲 醧 剾 䙔 鏂 膒	烏侯	影侯一平	qou	ʔˤo	
區	ɁO KO	歐 嘔 毆 塸 䙔	歐 嘔 毆 塸 䙔	烏后	影侯一上	qouq	ʔˤoʔ	
區	ɁO KO	漚 䙔	漚 䙔	烏候	影侯一去	qouh	ʔˤoh	
區	ɁO KO	彄 摳 剾	彄 摳 剾	恪侯	溪侯一平	khou	kʰˤo	
區	ɁO KO	䩽 䙔 蓲	䩽 䙔 蓲	憶俱	影虞合三平	quo	ʔ(r)o	
區	ɁO KO	傴	傴	於武	影虞合三上	quoq	ʔ(r)oʔ	
區	ɁO KO	嫗 蓲 饇	嫗 蓲 饇	衣遇	影虞合三去	quoh	ʔ(r)oh	
區	ɁO KO	醧	醧	依倨	影魚開三去	qyoh		
區	ɁO KO	區 鰸 驅 敺 嶇 軀 摳 䧢	區 鰸 驅 敺 嶇 軀 摳 䧢	豈俱	溪虞合三平	khuo	kʰ(r)o	
區	ɁO KO	驅 𤛐	驅 𤛐	區遇	溪虞合三去	khuoh	kʰ(r)oh	
區	ɁO KO	蓲	蓲	去鳩	溪尤三平	khu		
區	ɁO KO	𧏺	𧏺	香句	曉虞合三去	huoh		
區	ɁO KO	樞 𩪍	樞 𩪍	昌朱	昌虞合三平	tjhuo	tʰo	
區	ɁO KO	貙 𤠾	貙 𤠾	敕俱	徹虞合三平	trhuo	tʰro	
禺	ŊO	齵	齵	五婁	疑侯一平	ngou		
禺	ŊO	藕 蕅 偶 耦 髃 㼴	藕 蕅 偶 耦 髃 㼴	五口	疑侯一上	ngouq	ŋ(r)ˤoʔ	
禺	ŊO	偶	偶	五遘	疑侯一去	ngouh	ŋ(r)ˤoh	
禺	ŊO	愚 湡 堣 𪃍 嵎 髃 禺 隅	愚 湡 堣 𪃍 嵎 髃 禺 隅	虞俱	疑虞合三平	nguo	ŋ(r)o	
禺	ŊO	遇 寓 庽 媀 𤸒 禺 䴁	遇 寓 庽 媀 𤸒 禺 䴁	牛具	疑虞合三去	nguoh	ŋ(r)oh	
禺	ŊO	顒 𩤛 鰅 喁	顒 𩤛 鰅 喁	魚容	疑鍾三平	nguong	ŋ(r)oŋ	
工	KOŊ	功 工 疘 玒 釭 魟 攻 㓚 愩 碽 篢	功 工 疘 玒 釭 魟 攻 㓚 愩 碽 篢	古紅	見東一平	koung	kˤoŋ	
工	KOŊ	貢 𣹟 虹 羾 𨹁	貢 𣹟 虹 羾 𨹁	古送	見東一去	koungh	kˤoŋh	·𨹁，蓋爲「虹」省聲。
工	KOŊ	攻 釭	攻 釭	古冬	見冬一平	kong	kˤuŋ	
工	KOŊ	江 扛 杠 茳 釭 矼 豇 肛 玒 𧢸 䜫	江 扛 杠 茳 釭 矼 豇 肛 玒 𧢸 䜫	古雙	見江二平	koeung	krˤoŋ	
工	KOŊ	虹	虹	古巷	見江二去	koeungh		
工	KOŊ	空 箜 崆 椌 硿 䅝 悾 埪 倥 涳 鵼 𦱇 𢃐 𧌆	空 箜 崆 椌 硿 䅝 悾 埪 倥 涳 鵼 𦱇 𢃐 𧌆	苦紅	溪東一平	khoung	kʰˤoŋ	
工	KOŊ	倥	倥	康董	溪東一上	khoungq		
工	KOŊ	控 倥 悾 鞚 空 𤗇	控 倥 悾 鞚 空 𤗇	苦貢	溪東一去	khoungh	kʰˤoŋh	
工	KOŊ	腔 𤟄 羫 控 椌 悾 跫 涳 崆 𩩝 㾤 㼹	腔 𤟄 羫 控 椌 悾 跫 涳 崆 𩩝 㾤 㼹	苦江	溪江二平	khoeung	kʰrˤoŋ	
工	KOŊ	訌 紅 虹 仜 鴻 葒 䉺 渱 𨹁 魟 䪦 𦏺 䫹 𨾊	訌 紅 虹 仜 鴻 葒 䉺 渱 𨹁 魟 䪦 𦏺 䫹 𨾊	戸公	匣東一平	ghoung	ɡˤoŋ	
工	KOŊ	澒 鴻 𧋔 𠳃 汞	澒 鴻 𧋔 𠳃 汞	胡孔	匣東一上	ghoungq	ɡˤoŋʔ	
工	KOŊ	缸 缻 <瓨>	缸 缻 瓨	下江	匣江二平	ghoeung	ɡrˤoŋ	
工	KOŊ	項	項	胡講	匣江二上	ghoeungq	ɡrˤoŋʔ	
工	KOŊ	叿 魟 谾	叿 魟 谾	呼東	曉東一平	houng		
工	KOŊ	肛 啌 谾 舡	肛 啌 谾 舡	許江	曉江二平	hoeung	hrˤoŋ	
工	KOŊ	𩐵	𩐵	徒弄	定東一去	doungh		·𩐵，《廣韻》：「𩐵，鐘聲。」《集韻》：「𩐵，鐘聲。或从通。」
工	KOŊ	屸	屸	盧紅	來東一平	loung		
工	KOŊ	涳	涳	女江	孃江二平	nroeung		
工	KOŊ	𧢸	𧢸	職(占)容	見鍾三平	kuong		·𧢸，舉也，又作「扛」、「䚗」，後又作「掆」。《說文》：「䚗，舉角也。从角、公聲。」段玉裁注：「假借爲扛字。《魏大饗碑》『上索蹹高，䚗鼎緣橦』、《西京賦》『烏獲𧢸鼎』是也。𧢸亦䚗字。」中古早期諸字書及音義書中「扛」「𧢸」皆音見母，唯《廣韻》收章母職容切，其聲母與「工」聲字形不合，疑或將上字「古」誤識爲「占」，遂誤讀章母，宋人據以誤置於職容切。
工	KOŊ	䂬 鞏 㼦 㧬 䡗 巩	䂬 鞏 㼦 㧬 䡗 巩	居悚	見鍾三上	kuongq	koŋʔ	
工	KOŊ	𥳎	𥳎	去宮	溪東三平	khung		
工	KOŊ	銎 𥳎	銎 𥳎	曲恭	溪鍾三平	khuong	kʰoŋ	
工	KOŊ	恐 𢖶 𦶐	恐 𢖶 𦶐	丘隴	溪鍾三上	khuongq	kʰoŋʔ	
工	KOŊ	恐 𢖶 𦶐	恐 𢖶 𦶐	區用	溪鍾三去	khuongh	kʰoŋh	
工	KOŊ	蛩 邛 𦨰 筇 𦭭 𥳎 䂬 𠌖 𩬰 桏 䅃 𤤶 𩢽	蛩 邛 𦨰 筇 𦭭 𥳎 䂬 𠌖 𩬰 桏 䅃 𤤶 𩢽	渠容	羣鍾三平	guong	ɡoŋ	
工	KOŊ	䅃	䅃	渠隴	羣鍾三上	guongq		
工	KOŊ	銎	銎	許容	曉鍾三平	huong	hoŋ	
宮	KUŊ KOŊ	郺	郺	烏孔	影東一上	qoungq		
宮	KUŊ KOŊ	甕 𦉥 罋 𪖵	甕 𦉥 罋 𪖵	烏貢	影東一去	qoungh	ʔˤoŋ	
宮	KUŊ KOŊ	䃔 𩘎	䃔 𩘎	戸冬	匣冬一平	ghong		
宮	KUŊ KOŊ	䃔	䃔	乎宋	匣冬一去	ghongh		
宮	KUŊ KOŊ	𢾮 𨜳	𢾮 𨜳	徒(大)冬	曉冬一平	hong	hˤuŋ	·𢾮，擊空聲，又作「𣪯」。《說文》：「𣪯，擊空聲也。从殳，宮聲。」徒冬切之聲母與「宮」聲字形不合，疑早期字韻書中反切上字本作「火」（大徐本《說文》所據又音作「火宫切」即此類），或訛作「大」，遂誤讀定母。曹憲《廣雅音》音彤、是其誤已久。·𨜳，古國名，音同「𢾮」。
宮	KUŊ KOŊ	邕 雍 噰 嗈 郺 澭 灉 癰 罋 廱 饔 壅 雝 𪄉 㻾 𧴗	邕 雍 噰 嗈 郺 澭 灉 癰 罋 廱 饔 壅 雝 𪄉 㻾 𧴗	於容	影鍾三平	quong	ʔoŋ	·雍，「吕(宮)」聲。說見：季旭昇《說文新證》2014年版P288等。
宮	KUŊ KOŊ	擁 𢶜 壅	擁 𢶜 壅	於隴	影鍾三上	quongq	ʔoŋʔ	
宮	KUŊ KOŊ	雍 灉 壅	雍 灉 壅	於用	影鍾三去	quongh	ʔoŋh	
宮	KUŊ KOŊ	躳 宫	躳 宫	居戎	見東三平	kung	kuŋ	
宮	KUŊ KOŊ	𦵡	𦵡	去宮	溪東三平	khung		
宮	KUŊ KOŊ	窮 藭 𥨪	窮 藭 𥨪	渠弓	羣東三平	gung	ɡuŋ	
共	KOŊ	龏	龏	於角	影覺二入	qoeuk		
共	KOŊ	港	港	古項	見江二上	koeungq		
共	KOŊ	洪 鉷 葓 谼 烘 䧆	洪 鉷 葓 谼 烘 䧆	戸公	匣東一平	ghoung	ɡˤoŋ	
共	KOŊ	哄 烘 港 鬨 蕻	哄 烘 港 鬨 蕻	胡貢	匣東一去	ghoungh	ɡˤoŋh	
共	KOŊ	巷 衖 鬨	巷 衖 鬨	胡絳	匣江二去	ghoeungh	ɡrˤoŋh	
共	KOŊ	烘 𩐠 𩗄	烘 𩐠 𩗄	呼東	曉東一平	houng		
共	KOŊ	烘	烘	呼貢	曉東一去	houngh		
共	KOŊ	恭 龔 供 珙 䢼 共 𤱨 廾 髸 䳍	恭 龔 供 珙 䢼 共 𤱨 廾 髸 䳍	九容	見鍾三平	kuong	koŋ	
共	KOŊ	拱 拲 蛬 珙 廾 𢪒 㤨 𢸁 (拱) 䱋 栱 輁	拱 拲 蛬 珙 廾 𢪒 㤨 𢸁 拱 䱋 栱 輁	居悚	見鍾三上	kuongq	koŋʔ	
共	KOŊ	供 龏	供 龏	居用	見鍾三去	kuongh	koŋh	
共	KOŊ	輂 拲 𦅽	輂 拲 𦅽	居玉	見燭三入	kuok	kok	
共	KOŊ	舼 輁 蛬	舼 輁 蛬	渠容	羣鍾三平	guong	ɡoŋ	
共	KOŊ	共	共	渠用	羣鍾三去	guongh	ɡoŋh	
孔	KOŊ	孔	孔	康董	溪東一上	khoungq	kʰˤoŋʔ	
孔	KOŊ	吼	吼	呼后	曉侯一上	houq		
孔	KOŊ	吼	吼	呼漏	曉侯一去	houh		
凶	KOŊ	㟅	㟅	五東	疑東一平	ngoung		
凶	KOŊ	㟅	㟅	盧紅	來東一平	loung		
凶	KOŊ	胷 凶 𣧑 洶 恟 𧧗 兇 訩 匈	胷 凶 𣧑 洶 恟 𧧗 兇 訩 匈	許容	曉鍾三平	huong	h(r)oŋ	
凶	KOŊ	洶 詾 兇	洶 詾 兇	許拱	曉鍾三上	huongq	h(r)oŋʔ	
凶	KOŊ	酗	酗	香句	曉虞合三去	huoh		
凶	KOŊ	㟅	㟅	五江	疑江二平	ngoeung		
珏	KOK	珏	珏	古岳	見覺二入	koeuk	krˤok	·珏，從二「玉」，會意。與「玉」音亦近，也可能是「玉」的復體分化字，古文字單複無別。
哭	KOK	哭	哭	空谷	溪屋一入	khouk	kʰˤok	
曲	KOK	曲 䒼	曲 䒼	丘玉	溪燭三入	khuok	kʰ(r)ok	
𡉉	KOK ɁOK	屋 𡲃 𦤿 剭 𨜘 𪑱	屋 𡲃 𦤿 剭 𨜘 𪑱	烏谷	影屋一入	qouk	ʔˤok	·屋，戰國燕系、楚系文字從「室」、「𡉉」聲；秦文字上部訛爲「尸」，後遂作「屋」之形。說見：何琳儀、吳紅松《說屋》等。
𡉉	KOK ɁOK	渥 握 偓 幄 楃 喔 腛 𪑱 齷 媉	渥 握 偓 幄 楃 喔 腛 𪑱 齷 媉	於角	影覺二入	qoeuk	ʔrˤok	
𡉉	KOK ɁOK	穀 糓 轂 榖 瀔 瑴 𪇗 𪕸 䐨	穀 糓 轂 榖 瀔 瑴 𪇗 𪕸 䐨	古禄	見屋一入	kouk	kˤok	
𡉉	KOK ɁOK	彀 𤚼 㝅	彀 𤚼 㝅	古候	見侯一去	kouh	kˤokh	
𡉉	KOK ɁOK	瑴	瑴	古岳	見覺二入	koeuk	krˤok	
𡉉	KOK ɁOK	䍍 㲉 𪍠 㲄 𣫓	䍍 㲉 𪍠 㲄 𣫓	空谷	溪屋一入	khouk	kʰˤok	
𡉉	KOK ɁOK	鷇 㜌 䍍 瞉	鷇 㜌 䍍 瞉	苦候	溪侯一去	khouh	kʰˤokh	
𡉉	KOK ɁOK	㱿 愨 㲉 觳 𠕓	㱿 愨 㲉 觳 𠕓	苦角	溪覺二入	khoeuk	kʰrˤok	·𠕓，郭永秉謂從早期形體看，「𡉉」有二源，此二者大概因形、音皆近而後來逐漸混同，並非同源關係。說見：李春桃《古文形體三考》第一則（《出土文獻與古文字研究》第5輯）引郭永秉說。
𡉉	KOK ɁOK	縠 螜 𧂔 觳 𨢋 𣹬	縠 螜 𧂔 觳 𨢋 𣹬	胡谷	匣屋一入	ghouk	ɡˤok	
𡉉	KOK ɁOK	嗀 豰 𧹲 㷤	嗀 豰 𧹲 㷤	呼木	曉屋一入	houk	hˤok	
𡉉	KOK ɁOK	𩌊 嗀	𩌊 嗀	許角	曉覺二入	hoeuk	hrˤok	
𡉉	KOK ɁOK	豰	豰	蒲(評)角	曉覺二入	hoeuk	hrˤok	·豰，小豬，《說文》：「豰，小豚也。从豕，㱿聲。」大徐本《說文》步角切；小徐本《說文》丁毒反。小徐本《說文》之「丁毒反」爲因「豰」與「豖」聲之「𣫔」訛形混淆而誤置的讀音，不論。《切韻》系韻書或讀並母蒲角反，然此音聲母與「㱿」聲不合，疑早期韻書反切上字本作「𧦝」（如《名義》作「𧦝卜反」，顧野王《玉篇》蓋亦如此）、讀曉母，後訛作「評」，遂誤讀有並母之音。
角	KOK	角	角	盧谷	來屋一入	louk		
角	KOK	𣨍 𧣡 𥆌	𣨍 𧣡 𥆌	古禄	見屋一入	kouk		
角	KOK	角 桷 䚫 捔	角 桷 䚫 捔	古岳	見覺二入	koeuk	krˤok	
角	KOK	埆	埆	苦角	溪覺二入	khoeuk		
角	KOK	槲 斛 蔛 䈸	槲 斛 蔛 䈸	胡谷	匣屋一入	ghouk	ɡˤok	
角	KOK	确	确	胡覺	匣覺二入	ghoeuk		
玉	ŊOK	頊	頊	許玉	曉燭三入	huok	ŋ̊(r)ok	
玉	ŊOK	砡	砡	魚菊	疑屋三入	nguk		
玉	ŊOK	玉 鳿 頊	玉 鳿 頊	魚欲	疑燭三入	nguok	ŋ(r)ok	
玉	ŊOK	匤	匤	丘玉	溪燭三入	khuok		
獄	ŊOK	嶽 鸑	嶽 鸑	五角	疑覺二入	ngoeuk	ŋrˤok	
獄	ŊOK	獄	獄	魚欲	疑燭三入	nguok	ŋ(r)ok	
岳	—	岳 𩓥 捳	岳 𩓥 捳	五角	疑覺二入	ngoeuk		
禾	ɁOI KOI ŊOI	倭 涹 踒 𥟿	倭 涹 踒 𥟿	烏禾	影歌合一平	qwa	ʔˤoi	
禾	ɁOI KOI ŊOI	倭 𥟿	倭 𥟿	烏果	影歌合一上	qwaq	ʔˤoiʔ	
禾	ɁOI KOI ŊOI	䬐	䬐	烏恢	影灰合一平	qoj		
禾	ɁOI KOI ŊOI	𥓔	𥓔	烏賄	影灰合一上	qojq		
禾	ɁOI KOI ŊOI	矮 躷	矮 躷	烏蟹	影佳開二上	qeeq		
禾	ɁOI KOI ŊOI	科 萪 蝌 犐 䈖	科 萪 蝌 犐 䈖	苦禾	溪歌合一平	khwa	kʰˤoi	
禾	ɁOI KOI ŊOI	科	科	苦卧	溪歌合一去	khwah		
禾	ɁOI KOI ŊOI	和 咊 𤖱 禾 龢 鉌 䒩 盉	和 咊 𤖱 禾 龢 鉌 䒩 盉	戸戈	匣歌合一平	ghwa	ɡˤoi	
禾	ɁOI KOI ŊOI	和 盉 俰	和 盉 俰	胡卧	匣歌合一去	ghwah	ɡˤoih	
禾	ɁOI KOI ŊOI	逶 𣨙 萎 㮃 覣 蜲 痿 倭 委 䴧	逶 𣨙 萎 㮃 覣 蜲 痿 倭 委 䴧	於爲	影支合三B平	que	ʔ(r)oi	
禾	ɁOI KOI ŊOI	委 蜲 䍴	委 蜲 䍴	於詭	影支合三B上	queq	ʔ(r)oiʔ	
禾	ɁOI KOI ŊOI	餧 萎 䍴 𣨙	餧 萎 䍴 𣨙	於僞	影支合三B去	queh	ʔ(r)oih	
𩰬	KOI	𩰫 𩰬	𩰫 𩰬	古禾	見歌合一平	kwa		
𩰬	KOI	𧬭	𧬭	古娃	見佳合二平	kwee	kwrˤai	
𩰬	KOI	竵 𠿎	竵 𠿎	火媧	曉佳合二平	hwee	hrˤoi	
危	KOI ŊOI	鮠 桅 峞	鮠 桅 峞	五灰	疑灰合一平	ngoj	ŋˤui	
危	KOI ŊOI	頠 峞	頠 峞	五罪	疑灰合一上	ngojq	ŋˤuiʔ	
危	KOI ŊOI	𩨾	𩨾	五瓜	疑麻合二平	ngwae		
危	KOI ŊOI	詭 垝 陒 䣀 䤥 觤 恑 蛫 祪 洈 蟡 𪀗 姽 桅 佹	詭 垝 陒 䣀 䤥 觤 恑 蛫 祪 洈 蟡 𪀗 姽 桅 佹	過委	見支合三B上	kueq	k(r)oiʔ	
危	KOI ŊOI	垝 㩻 𢈌	垝 㩻 𢈌	詭僞	見支合三B去	kueh	k(r)oih	
危	KOI ŊOI	跪 𣄲	跪 𣄲	去委	溪支合三B上	khueq	kʰ(r)oiʔ	
危	KOI ŊOI	尯	尯	丘愧	溪脂合三B去	khuih		
危	KOI ŊOI	跪	跪	渠委	羣支合三B上	gueq	ɡ(r)oiʔ	
危	KOI ŊOI	䣀	䣀	曁軌	羣脂合三B上	guiq		
危	KOI ŊOI	危 洈 峗	危 洈 峗	魚爲	疑支合三B平	ngue	ŋ(r)oi	
危	KOI ŊOI	硊 頠 姽 𪀗	硊 頠 姽 𪀗	魚毁	疑支合三B上	ngueq	ŋ(r)oiʔ	
瓦	ŊOI	瓦 邷	瓦 邷	五寡	疑麻合二上	ngwaeq	ŋrˤoiʔ	
瓦	ŊOI	瓦	瓦	五化	疑麻合二去	ngwaeh		
𠂬	ŊOI	𠂬	𠂬	五禾	疑歌合一平	ngwa	ŋˤoi	·𠂬，《說文》：「𠂬，科𠂬，木節也。从卪、厂聲。賈侍中說，以爲𠂬，裹也。一曰𠂬，蓋也。」古文字未見此字，待考。
𠂬	ŊOI	㛂 𠂬	㛂 𠂬	五果	疑歌合一上	ngwaq	ŋˤoiʔ	
𠂬	ŊOI	㛂 𢫷	㛂 𢫷	奴果	泥歌合一上	nwaq		
臥	ŊOI	臥	臥	吾貨	疑歌合一去	ngwah	ŋˤoih	
	KON	潫	潫	烏關	影刪合二平	qwaen	ʔrˤon	
	KON	豢	豢	胡慣	匣刪合二去	ghwaenh	ɡrˤonh	
	KON	裷	裷	於袁	影元合三平	quon	ʔon	
	KON	潫	潫	於緣	影仙合三A平	qwien		
	KON	潫	潫	於權	影仙合三B平	quen	ʔron	
	KON	絭	絭	居願	見元合三去	kuonh	konh	
	KON	勬	勬	居員	見仙合三B平	kuen	kron	
	KON	卷 菤 韏 𨹵 捲 埢	卷 菤 韏 𨹵 捲 埢	居轉	見仙合三B上	kuenq	kronʔ	
	KON	眷 睠 捲 弮 卷 桊 帣 絭 犈 觠 𧯦 餋 䖭 𢍏 勬	眷 睠 捲 弮 卷 桊 帣 絭 犈 觠 𧯦 餋 䖭 𢍏 勬	居倦	見仙合三B去	kuenh	kronh	
	KON	䅚 綣 裷 䊎 𪐂	䅚 綣 裷 䊎 𪐂	去阮	溪元合三上	khuonq	kʰonʔ	
	KON	券 絭 綣 韏	券 絭 綣 韏	去願	溪元合三去	khuonh	kʰonh	
	KON	弮 㒽 棬 鬈	弮 㒽 棬 鬈	丘圓	溪仙合三B平	khuen	kʰron	
	KON	絭	絭	區倦	溪仙合三B去	khuenh	kʰronh	
	KON	𥏙	𥏙	丘吠	溪廢合三去	khuojh		
	KON	腃	腃	丘愧	溪脂合三B去	khuih		
	KON	拳 觠 踡 婘 𤷄 犈 齤 卷 𥁠 鬈 蜷 捲	拳 觠 踡 婘 𤷄 犈 齤 卷 𥁠 鬈 蜷 捲	巨員	羣仙合三B平	guen	ɡron	
	KON	𧯦 圈 卷	𧯦 圈 卷	求晚	羣元合三上	guonq	ɡonʔ	
	KON	圈	圈	臼万	羣元合三去	guonh	ɡonh	
	KON	圈 蔨	圈 蔨	渠篆	羣仙合三B上	guenq	ɡronʔ	
	KON	倦 𣜨 韏 淃	倦 𣜨 韏 淃	渠卷	羣仙合三B去	guenh	ɡronh	
	KON	蔨	蔨	渠殞	羣真合三B上	guinq	ɡrunʔ	
盥	KON	盥	盥	古滿	見寒合一上	kwanq	kˤonʔ	
盥	KON	盥	盥	古玩	見寒合一去	kwanh	kˤonh	
款	KON	款 歀 欵 窾 䥗 䲌	款 歀 欵 窾 䥗 䲌	苦管	溪寒合一上	khwanq	kʰˤonʔ	
款	KON	䥗 䲌	䥗 䲌	口喚	溪寒合一去	khwanh		
款	KON	䄐	䄐	區倦	溪仙合三B去	khuenh		
𥆗	—	𥆗	𥆗	巨員	羣仙合三B平	guen		·𥆗，《說文》：「𥆗，大視也。从大、𥄎。讀若齤。」
𥆞	ŊON	𡣬	𡣬	委鰥	影山合二平	qween		
𥆞	ŊON	𡙷	𡙷	於建	影元開三去	qyonh		
𥆞	ŊON	𡣬	𡣬	於權	影仙合三B平	quen	ʔron	
𥆞	ŊON	𡣬	𡣬	於緣	影仙合三A平	qwien		
𥆞	ŊON	願 𩕾 傆 愿	願 𩕾 傆 愿	魚怨	疑元合三去	nguonh	ŋonh	·願，「願」爲「𩕾」之變體，其聲符「𡚇」類化爲「原」產生的，本非「原」聲，參考：謝明文《說“𥆞”及其相關之字》、蘇芃《“𩖈”、“願”、“愿”的歷史演變研究——兼談在文獻考訂中的應用價值》。
元	KON ŊON ŊOT ŊUT	莞 冠	莞 冠	古丸	見寒合一平	kwan	kˤon	
元	KON ŊON ŊOT ŊUT	筦 脘	筦 脘	古滿	見寒合一上	kwanq		
元	KON ŊON ŊOT ŊUT	冠	冠	古玩	見寒合一去	kwanh	kˤonh	
元	KON ŊON ŊOT ŊUT	梡	梡	苦管	溪寒合一上	khwanq	kʰˤonʔ	
元	KON ŊON ŊOT ŊUT	髡	髡	苦昆	溪魂合一平	khon	kʰˤun	·髡，本「元」聲，所从「兀」爲「元」之變體。《說文·髟部》：「髡，𩮜髮也。从髟、兀聲。髨，或从元。」參考：
元	KON ŊON ŊOT ŊUT	完 梡 莞 綄 垸 院 捖	完 梡 莞 綄 垸 院 捖	胡官	匣寒合一平	ghwan	ɡˤon	
元	KON ŊON ŊOT ŊUT	浣 綄 梡 晥	浣 綄 梡 晥	胡管	匣寒合一上	ghwanq	ɡˤonʔ	
元	KON ŊON ŊOT ŊUT	垸 䯘	垸 䯘	胡玩	匣寒合一去	ghwanh		
元	KON ŊON ŊOT ŊUT	䴷 𦺊 俒	䴷 𦺊 俒	戸昆	匣魂合一平	ghon		
元	KON ŊON ŊOT ŊUT	俒	俒	胡困	匣魂合一去	ghonh		
元	KON ŊON ŊOT ŊUT	睆 鯇 䴷 皖 莞	睆 鯇 䴷 皖 莞	戸板	匣刪合二上	ghwaenq	ɡrˤonʔ	
元	KON ŊON ŊOT ŊUT	岏 刓 园 忨 蚖 䯈 黿 抏 𠒢	岏 刓 园 忨 蚖 䯈 黿 抏 𠒢	五丸	疑寒合一平	ngwan	ŋˤon	
元	KON ŊON ŊOT ŊUT	玩 貦 翫 妧 忨	玩 貦 翫 妧 忨	五換	疑寒合一去	ngwanh	ŋˤonh	
元	KON ŊON ŊOT ŊUT	頑	頑	五還	疑刪合二平	ngwaen	ŋrˤon	
元	KON ŊON ŊOT ŊUT	兀 扤 杌 屼 矹 鼿 𦨉 <䑢> 䑢 𠨜 𤴰 軏 𧈭 𦬂	兀 扤 杌 屼 矹 鼿 𦨉 䑢 䑢 𠨜 𤴰 軏 𧈭 𦬂	五忽	疑沒合一入	ngot	ŋˤut	·兀，裘錫圭先生謂傳世文字系統的「兀」有兩個來源，一是「元」的變體；一是由甲骨文中釋爲｛刖｝之字的一刖足人形訛變而成（說見：裘錫圭《甲骨文中所見的商代五刑－並釋“𠚯”“剢”》）。但是他所分的後者迄今仍無殷商與秦漢之間的兩周字形材料，其說恐不可信。
元	KON ŊON ŊOT ŊUT	𪑪	𪑪	莫還	明刪二平	maen		·𪑪，《名義·黑部》：「𪑪，亡姦反。車輪。」
元	KON ŊON ŊOT ŊUT	元 杬 沅 黿 蚖 芫 邧 䬧 阮	元 杬 沅 黿 蚖 芫 邧 䬧 阮	愚袁	疑元合三平	nguon	ŋon	
元	KON ŊON ŊOT ŊUT	阮 邧	阮 邧	虞遠	疑元合三上	nguonq	ŋonʔ	
元	KON ŊON ŊOT ŊUT	𧿁 軏 扤	𧿁 軏 扤	魚厥	疑月合三入	nguot	ŋot	
𠓗	ɁON	冤 𣹠 䥉 𩝸 蒬 𡟰	冤 𣹠 䥉 𩝸 蒬 𡟰	於袁	影元合三平	quon	ʔon	·冤，當爲「𠓗」省聲。說見：張富海《說“𠓗”、“冤”》。
會	KOT	嬒	嬒	烏括	影末合一入	qwat		
會	KOT	懀 薈 嬒 䶐 瞺 䵳	懀 薈 嬒 䶐 瞺 䵳	烏外	影泰合一去	qwajh	ʔˤoth	
會	KOT	䵳 䶐 懀	䵳 䶐 懀	烏快	影夬合二去	qwaejh		
會	KOT	檜 劊	檜 劊	古活	見末合一入	kwat	kˤot	
會	KOT	儈 膾 鱠 襘 禬 檜 旝 澮 鄶 廥 䯤 鬠 劊 會 𢶒 獪	儈 膾 鱠 襘 禬 檜 旝 澮 鄶 廥 䯤 鬠 劊 會 𢶒 獪	古外	見泰合一去	kwajh	kˤoth	
會	KOT	獪	獪	古賣(邁)	見夬合二去	kwaejh	krˤoth	
會	KOT	𥢶	𥢶	苦會	溪泰合一去	khwajh		
會	KOT	噲 𥢶 璯	噲 𥢶 璯	苦夬	溪夬合二去	khwaejh		
會	KOT	鬠	鬠	戸括	匣末合一入	ghwat	ɡˤot	
會	KOT	會 䢈 禬 繪	會 䢈 禬 繪	黃外	匣泰合一去	ghwajh	ɡˤoth	
會	KOT	譮	譮	許介	曉皆開二去	heejh		
𥄗	ɁOT	䁊 𥄗	䁊 𥄗	烏括	影末合一入	qwat	ʔˤot	
𥄗	ɁOT	𢯲	𢯲	烏貫	影寒合一去	qwanh	ʔˤonh	
𥄗	ɁOT	䁊	䁊	女利	影鎋合二入	qwaet	ʔrˤot	·䁊，《說文》：「䁊，短深目皃。从目、𥄗聲。」女利反之音早見於王仁昫《切韻》，其聲、韻皆與「𥄗」聲字形不合。察其他諸字書切語皆音影母曷鎋韻，頗疑或有韻書上字作「安」（俗書作「𭑨」），本讀爲影母，省訛作「女」形，遂誤讀娘母音；下字本作「刮」（如《廣雅音》《玉篇》《新撰字鏡》反「女刮」），疑或訛作「利」，《切韻》系韻書遂誤收入《至韻》女利反。
不	PƏ	桮 杯 盃	桮 杯 盃	布回	幫灰一平	poj	pˤə	
不	PƏ	肧 坯 㾦 醅 衃 𩵣 𤬃 抔	肧 坯 㾦 醅 衃 𩵣 𤬃 抔	芳杯	滂灰一平	phoj	pʰˤə	
不	PƏ	俖	俖	普乃	滂咍一上	pheojq		
不	PƏ	培 陪 婄 棓 毰 𤗏 𩑢	培 陪 婄 棓 毰 𤗏 𩑢	薄回	並灰一平	boj	bˤə	
不	PƏ	𤗏 㯁	𤗏 㯁	扶來	並咍一平	beoj		
不	PƏ	倍 菩 蓓	倍 菩 蓓	薄亥	並咍一上	beojq	bˤəʔ	
不	PƏ	菩	菩	薄胡	並模一平	bo		
不	PƏ	部	部	裴古	並模一上	boq	bˤaʔ	
不	PƏ	棓 䎧	棓 䎧	步項	並江二上	boeungq	brˤəŋʔ	
不	PƏ	踣 菩 䞳	踣 菩 䞳	蒲北	並德一入	beok	bˤək	
不	PƏ	𩑢	𩑢	步皆	並皆二平	beej		
不	PƏ	掊	掊	薄交	並肴二平	baew		
不	PƏ	不 紑 鴀	不 紑 鴀	甫鳩	幫尤三平	pu	pə	
不	PƏ	否 不 鴀 痞 殕	否 不 鴀 痞 殕	方久	幫尤三上	puq	pəʔ	
不	PƏ	娝 痞	娝 痞	方美	幫脂三B上	pyiq		
不	PƏ	秠 𡫺 <𡬇> 衃 肧 紑 醅	秠 𡫺 𡬇 衃 肧 紑 醅	匹尤	滂尤三平	phu	pʰə	·𡫺，爲「𡬇」之訛字，本「不」聲。《集韻》作「𡬇」，是也。
不	PƏ	紑 𩂆	紑 𩂆	芳否	滂尤三上	phuq	pʰəʔ	
不	PƏ	秠	秠	芳婦	滂尤三上	phuq		
不	PƏ	丕 㔻 伾 秠 䪹 駓 怌 䫠 豾 髬 魾 鉟	丕 㔻 伾 秠 䪹 駓 怌 䫠 豾 髬 魾 鉟	敷悲	滂脂三B平	phyi	pʰrə	
不	PƏ	嚭 秠	嚭 秠	匹鄙	滂脂三B上	phyiq	pʰrəʔ	
不	PƏ	罘 涪 芣 棓 掊 䍌	罘 涪 芣 棓 掊 䍌	縛謀	並尤三平	bu	bə	
不	PƏ	負 萯 蝜 𪃓 偩 菩	負 萯 蝜 𪃓 偩 菩	房久	並尤三上	buq	bəʔ	·負，《說文》：「負，恃也。从人守貝，有所恃也。一曰受貸不償。」所謂「从人守貝」會意甚可疑。何琳儀《戰國古文字典》以爲「貝」聲，聲韻皆遠，顯非。黃德寬主編《古文字譜系疏證》謂「𢊾」之省形字，亦不可信。戰國楚系文字有字作「⿱伓貝」而讀爲｛負｝，如上博竹書三《周易》簡33：「見豕△(負)𡌘(塗)」；與之對觀，可知秦漢文字作「負」字者乃「伓」省聲，省去基本聲符「不」耳。研究者或謂「⿱伓貝」爲「負」、「不」皆聲，是顛倒源流。
不	PƏ	邳 鉟 䲹 岯 魾 䫠	邳 鉟 䲹 岯 魾 䫠	符悲	並脂三B平	byi	brə	
不	PƏ	否 痞	否 痞	符鄙	並脂三B上	byiq	brəʔ	
不	PO	掊	掊	方垢	幫侯一上	pouq	pˤoʔ	
不	PO	剖 婄 蔀 䳝 䯽	剖 婄 蔀 䳝 䯽	普后	滂侯一上	phouq	pʰˤoʔ	·蔀，大徐本《說文·丶部》：「咅，相與語，唾而不受也。从丶从否，否亦聲。㰯，咅或从豆从欠。」小徐本作「從否，從丶，否亦聲。」段玉裁《注》改「否亦聲」爲「丶亦聲」，曰：「『丶』，各本作『否』，非，今正。『㕻』韵書皆入侯部。或字从『豆』聲，『豆』與『丶』同部。《周易》『蔀、斗、主』爲韵。『蔀』正『㕻』聲也。天口切。四部。其形𣜩作『咅』。」段氏以押韻及今音歸「咅」聲於段四部（侯部），其不以「咅」爲「否」聲者，之部（段一部）與侯部（段四部）不諧之故。近代有些學者以由古文字「否」上加飾筆即作「㕻」來否定段說，固於字形有徵，但於聲韻則謂“「咅」「否」音近”，反失段氏審音之精。古文字「咅」聲之字頗有讀侯部PO者，與「否」韻部迥異，未詳。
不	PO	踣 䞳 㰴	踣 䞳 㰴	匹候	滂侯一去	phouh		
不	PO	䯽 抔 掊 䏽 䍌 箁	䯽 抔 掊 䏽 䍌 箁	薄侯	並侯一平	bou	bˤo	
不	PO	部 培 犃 䏽 瓿 䍌 䴺 篰 蔀 婄	部 培 犃 䏽 瓿 䍌 䴺 篰 蔀 婄	蒲口	並侯一上	bouq	bˤoʔ	
不	PO	䏽	䏽	蒲候	並侯一去	bouh		
不	PO	䓏	䓏	芳無	滂虞三平	phuo	pʰo	
不	PO	殕 䋨 剖 䯽 𦵿	殕 䋨 剖 䯽 𦵿	芳武	滂虞三上	phuoq	pʰoʔ	
不	PO	䞳	䞳	芳遇	滂虞三去	phuoh		
不	PO	瓿	瓿	防無	並虞三平	buo	bo	
婦	PƏ	婦 𧌈	婦 𧌈	房久	並尤三上	buq	bəʔ	
朋	PƏŊ	崩	崩	北滕	幫登一平	peong	pˤəŋ	
朋	PƏŊ	𥦜 堋	𥦜 堋	方隥	幫登一去	peongh	pˤəŋh	
朋	PƏŊ	繃	繃	北萌	幫耕二平	peeng		
朋	PƏŊ	漰 堋	漰 堋	普朋	滂登一平	pheong	pʰˤəŋ	
朋	PƏŊ	倗 䣙	倗 䣙	普等	滂登一上	pheongq	pʰˤəŋʔ	
朋	PƏŊ	弸	弸	普耕	滂耕二平	pheeng		
朋	PƏŊ	朋 堋 鵬 棚 倗 鬅	朋 堋 鵬 棚 倗 鬅	步崩	並登一平	beong	bˤəŋ	·朋，古文字「玨(朋)」象二串貝之形，是爲“貝朋”之｛朋｝的表意初文。傳世字形的「朋」是由提「玨(朋)」之人形演變而成的（參考：李家浩《〈說文〉篆文有漢代小學家篡改和虛造的字形》，黃文傑《說朋》）。
朋	PƏŊ	倗	倗	父亘	並登一去	beongh		
朋	PƏŊ	輣 棚 弸 㥊	輣 棚 弸 㥊	薄萌	並耕二平	beeng	brˤəŋ	
朋	PƏŊ	棚 輣	棚 輣	薄庚	並庚二平	baeng		
朋	PƏŊ	䣙	䣙	薄回	並灰一平	boj	bˤə	
朋	PƏŊ	掤	掤	筆陵	幫蒸三平	pying		
朋	PƏŊ	淜	淜	扶冰	並蒸三平	bying	bəŋ	
朋	PƏŊ	𠤈	𠤈	馮貢	並東三去	bungh		
朋	PƏŊ	𨌥	𨌥	房六	並屋三入	buk	bək	·𨌥，《說文》：「𨌥，車笭閒皮篋，古者使奉玉以藏之。从車、珏。讀與服同。」許慎以爲會意，所謂「車笭閒皮篋，古者使奉玉以藏之」云云皆望形生訓。「𨌥」實爲「玨(朋)」聲。說見：王國維《說“玨”“朋”》。今且置於此。
靐	—	靐	靐	皮證	並蒸三去	byingh		
北	PƏK	北 𧉥	北 𧉥	博墨	幫德一入	peok	pˤək	
北	PƏK	背	背	補妹	幫灰一去	pojh	pˤəkh	
北	PƏK	鄁 邶 偝 背 苝	鄁 邶 偝 背 苝	蒲昧	並灰一去	bojh	bˤəkh	
𤰈	PƏK	鞴 <𩊬>	鞴 𩊬	薄故	並模一去	boh		
𤰈	PƏK	𢞎 憊 𤸶 韛	𢞎 憊 𤸶 韛	蒲拜	並皆二去	beejh	brˤəkh	
𤰈	PƏK	𢞎	𢞎	薄蟹	並佳二上	beeq		
𤰈	PƏK	鞴	鞴	房六	並屋三入	buk	bək	
𤰈	PƏK	備 俻 𤰇 𤰈 糒 犕 鞴 𣖾 㣁 㸢	備 俻 𤰇 𤰈 糒 犕 鞴 𣖾 㣁 㸢	平祕	並脂三B去	byih	brəkh	
僰	PƏK	僰	僰	蒲北	並德一入	beok	bˤək	
伏	PƏK	垘 𢫯	垘 𢫯	蒲北	並德一入	beok	bˤək	
伏	PƏK	伏 茯 𨋩 洑 𩢰 𩊙 絥 𩎧 栿	伏 茯 𨋩 洑 𩢰 𩊙 絥 𩎧 栿	房六	並屋三入	buk	bək	
伏	PƏK	伏	伏	扶富	並尤三去	buh	bəkh	
伏	PƏK	絥 𩎓	絥 𩎓	平祕	並脂三B去	byih	brəkh	·𩎓，「伏」省聲。
服	PƏK	菔 𧟱	菔 𧟱	蒲北	並德一入	beok	bˤək	
服	PƏK	棴	棴	桑谷	心屋一入	souk		·棴，棴常，樹名。又作「服」，《山海經·海內西經》：「服常樹，其上有三頭人，伺琅玕樹。」郭璞注：「服常木，未詳。」《名義》扶木反，《玉篇》扶木切，《新撰字鏡》扶木反，《王三》送谷反，《廣韻》桑谷、房六二切。並母讀音與「服」聲字形相合，然《切韻》系韻書所收心母讀法不合，待考。
服	PƏK	服 𦨈 鵩 箙 棴 菔	服 𦨈 鵩 箙 棴 菔	房六	並屋三入	buk	bək	
佩	PƏK	佩 珮	佩 珮	蒲昧	並灰一去	bojh	bˤəkh	·佩，《說文》：「佩，大帶佩也。从人从凡从巾。佩必有巾，巾謂之飾。」其說不可信。今學者多謂「佩」爲「凡」聲，韻部不合，非也。疑「佩」所从之「凡」與「𠬝」所加注之「凡」同。
畐	PƏK	蔔 匐 䵗	蔔 匐 䵗	蒲北	並德一入	beok	bˤəkh	
畐	PƏK	䈏	䈏	蒲角	並覺二入	boeuk		
畐	PƏK	福 幅 輻 葍 蝠 鶝 踾 偪 楅 𦿁	福 幅 輻 葍 蝠 鶝 踾 偪 楅 𦿁	方六	幫屋三入	puk	pək	
畐	PƏK	富 輻 䔰	富 輻 䔰	方副	幫尤三去	puh	pəkh	
畐	PƏK	逼 偪 幅 楅 䮠 湢	逼 偪 幅 楅 䮠 湢	彼側	幫職三入	pyik	prək	
畐	PƏK	𩯅 副 䔰	𩯅 副 䔰	芳福	滂屋三入	phuk	pʰək	
畐	PƏK	副 𩯅 褔	副 𩯅 褔	敷救	滂尤三去	phuh	pʰəkh	
畐	PƏK	堛 愊 踾 𤗚 𩜰 揊 稫 副 畐 𢾇 㽬 疈	堛 愊 踾 𤗚 𩜰 揊 稫 副 畐 𢾇 㽬 疈	芳逼	滂職三入	phyik	pʰrək	
畐	PƏK	畐 匐	畐 匐	房六	並屋三入	buk	bək	
畐	PƏK	腷 𤐧 𥻅 𤗚 踾 鶝	腷 𤐧 𥻅 𤗚 踾 鶝	符逼	並職三入	byik	brək	
畐	PƏK	𧹭	𧹭	況逼	曉職合三入	huik		
𥪋	—	𥪋	𥪋	房六	並屋三入	buk	bək	·𥪋，《說文》：「𥪋，見鬼鬽皃。从立从𢑘。𢑘，籀文鬽字。讀若虙羲氏之虙。」
妃	PƏI	配 妃 嶏	配 妃 嶏	滂佩	滂灰一去	phojh	pʰˤəih	
妃	PƏI	蜰	蜰	府尾	幫微三上	pujq		
妃	PƏI	妃	妃	芳非	滂微三平	phuj	pʰəi	·妃，古文字的「卩」有幫組微部PƏI的讀音，春秋晚期金文中已作上端填實之形，與凡「卩」跪坐人形不同。這類「卩」或類化作「己」形，如「配」「妃」「圮」字；或作「巴」形，如「肥」字，諸字皆同聲首。裘錫圭先生以爲甲骨文从「女」从「卩」之字當釋爲「妃」字，就是指一男一女“一對”人牲，其形義與｛妃｝｛配｝的“匹配”、“配偶”義關係密切，文字系統中幫組微部之「卩」即其省形。說見：陳劍《釋〈忠信之道〉的“配”字》。
妃	PƏI	𡺮	𡺮	匹鄙	滂脂三B上	phyiq	pʰrəiʔ	
妃	PƏI	嶏	嶏	敷勿	滂物三入	phut	pʰət	
妃	PƏI	肥 䈈 淝 𤷂 蜰 䨽	肥 䈈 淝 𤷂 蜰 䨽	符非	並微三平	buj	bəi	
妃	PƏI	萉 𧌘 <蜰>	萉 𧌘 蜰	扶涕	並微三去	bujh	bəih	
妃	PƏI	萉	萉	符分	並文三平	bun		
妃	PƏI	圮	圮	符鄙	並脂三B上	byiq	brəiʔ	
非	PƏI	輩	輩	補妹	幫灰一去	pojh	pˤəih	
非	PƏI	啡	啡	匹愷	滂咍一上	pheojq		
非	PƏI	裴 徘 𨛬 輫	裴 徘 𨛬 輫	薄回	並灰一平	boj	bˤəi	
非	PƏI	琲 痱 𢳁	琲 痱 𢳁	蒲罪	並灰一上	bojq	bˤəiʔ	
非	PƏI	琲	琲	蒲昧	並灰一去	bojh		
非	PƏI	棑	棑	薄佳	並佳二平	bee		
非	PƏI	排 俳 輫	排 俳 輫	步皆	並皆二平	beej		
非	PƏI	𣡖 𦩋 棑	𣡖 𦩋 棑	蒲拜	並皆二去	beejh		
非	PƏI	猆 飛 扉 緋 𩙲 非 馡 𩹉 騛 騑 誹 餥	猆 飛 扉 緋 𩙲 非 馡 𩹉 騛 騑 誹 餥	甫微	幫微三平	puj	pəi	
非	PƏI	匪 篚 棐 餥 榧 䕁 蜚	匪 篚 棐 餥 榧 䕁 蜚	府尾	幫微三上	pujq	pəiʔ	
非	PƏI	誹 鯡 㹃	誹 鯡 㹃	方味	幫微三去	pujh	pəih	
非	PƏI	悲	悲	府眉	幫脂三B平	pyi	prəi	
非	PƏI	霏 䬠 菲 䩁 婓 騑 裶 𥇖	霏 䬠 菲 䩁 婓 騑 裶 𥇖	芳非	滂微三平	phuj	pʰəi	
非	PƏI	婔	婔	{雨非}[芳非]	滂微三平	phuj	pʰəi	·婔，江婔，神女，《列仙傳》作「江妃」。此字當入下紐霏小韻，誤置於此。說見：周祖謨《廣韻校本》、葛信益《〈廣韻〉訛奪舉正（增定稿）》等。
非	PƏI	斐 菲 悱 𩦎 奜 䨽	斐 菲 悱 𩦎 奜 䨽	敷尾	滂微三上	phujq	pʰəiʔ	
非	PƏI	腓 痱 䨽 裴	腓 痱 䨽 裴	符非	並微三平	buj	bəi	
非	PƏI	陫	陫	浮鬼	並微三上	bujq		
非	PƏI	腓 菲 屝 蜚 𧕿 䨾 翡 𡌦 𩇪 痱 䠊	腓 菲 屝 蜚 𧕿 䨾 翡 𡌦 𩇪 痱 䠊	扶涕	並微三去	bujh	bəih	
非	PƏI	䤏	䤏	符鄙	並脂三B上	byiq	brəiʔ	
非	PƏI	䨽	䨽	平祕	並脂三B去	byih		
轡	PƏI	轡	轡	兵媚	幫脂三B去	pyih	prəih	
朏	PƏI	昢	昢	滂佩	滂灰一去	phojh		
朏	PƏI	朏	朏	普乃	滂咍一上	pheojq	pʰˤəiʔ	
朏	PƏI	朏	朏	敷尾	滂微三上	phujq	pʰəiʔ	
奔	PƏN PƏI	奔 賁 䴅 犇	奔 賁 䴅 犇	博昆	幫魂一平	pon	pˤən	·犇，「奔」之訛變，漢代其下三「止」似「屮」形，下中的「止」豎筆拉長與上相連，橫筆斷裂附著於下兩旁「止」上，遂訛作「犇」。參考：史杰鵬《談談楚簡中的“犇”字及相關之字》。
奔	PƏN PƏI	奔	奔	甫悶	幫魂一去	ponh	pˤənh	
奔	PƏN PƏI	濆 噴 歕	濆 噴 歕	普魂	滂魂一平	phon	pʰˤən	
奔	PƏN PƏI	噴 歕	噴 歕	普悶	滂魂一去	phonh	pʰˤənh	
奔	PƏN PƏI	獖	獖	蒲本	並魂一上	bonq	bˤənʔ	
奔	PƏN PƏI	饙 餴 𣯻	饙 餴 𣯻	府文	幫文三平	pun	pən	
奔	PƏN PƏI	僨 㱵	僨 㱵	方問	幫文三去	punh	pənh	
奔	PƏN PƏI	賁	賁	彼義	幫支三B去	pyeh		·賁，江永《古韻標準》卷一曰：「《易》《書》《詩》『賁』字後人讀彼義切者，俗音也。豈以其从『貝』而誤以爲聲與？顧氏謂《易·賁卦》當從符文反者，是也。」今人或不以爲誤，而歸歌部。
奔	PƏN PƏI	墳 鼖 䩿 𪔵 濆 燌 豶 羵 䴅 蕡 橨 賁 鐼 馩 轒	墳 鼖 䩿 𪔵 濆 燌 豶 羵 䴅 蕡 橨 賁 鐼 馩 轒	符分	並文三平	bun	bən	
奔	PƏN PƏI	憤 㿎 墳 鱝 轒 膹	憤 㿎 墳 鱝 轒 膹	房吻	並文三上	bunq	bənʔ	
奔	PƏN PƏI	㿎	㿎	扶問	並文三去	bunh		
奔	PƏN PƏI	蟦 賁	蟦 賁	符非	並微三平	buj	bəi	
奔	PƏN PƏI	膹 橨 蟦 䒈	膹 橨 蟦 䒈	浮鬼	並微三上	bujq	bəiʔ	
奔	PƏN PƏI	黂 蟦	黂 蟦	扶涕	並微三去	bujh	bəih	
奔	PƏN PƏI	鐼	鐼	許運	曉文合三去	hunh		·鐼，大徐本《說文》：「鐼，鐵屬。从金，賁聲。讀若熏。」小徐本作「讀若訓」。
本	PƏN	本 笨 㡷 苯	本 笨 㡷 苯	布忖	幫魂一上	ponq	pˤənʔ	
本	PƏN	鉢	鉢	北末	幫末一入	pat		
本	PƏN	翉	翉	普本	滂魂一上	phonq		
本	PƏN	笨 体	笨 体	蒲本	並魂一上	bonq	bənʔ	
弁	PƏN PAN	畚 𤲙	畚 𤲙	布忖	幫魂一上	ponq	pˤənʔ	
弁	PƏN PAN	㮥	㮥	蒲本	並魂一上	bonq	bˤənʔ	
弁	PƏN PAN	𡊄	𡊄	府文	幫文三平	pun	pən	
弁	PƏN PAN	𡊅 拚	𡊅 拚	方問	幫文三去	punh	pənh	
弁	PƏN PAN	鴘	鴘	方免	幫仙三B上	pyenq		
弁	PƏN PAN	𨠒 𡗹	𨠒 𡗹	芳万	滂元三去	phuonh	pʰanh	
弁	PƏN PAN	鴘	鴘	被免	滂仙三B上	phyenq		
弁	PƏN PAN	笲 𥿋	笲 𥿋	附袁	並元三平	buon	ban	
弁	PƏN PAN	軬 笲 䪻	軬 笲 䪻	扶晚	並元三上	buonq	banʔ	
弁	PƏN PAN	𩚳 閞 𥹇 𧉤	𩚳 閞 𥹇 𧉤	符万	並元三去	buonh	banh	
弁	PƏN PAN	卞 拚 抃 弁 汴 閞 昪 匥 䒪 笲 㺹 忭 䪻	卞 拚 抃 弁 汴 閞 昪 匥 䒪 笲 㺹 忭 䪻	皮變	並仙三B去	byenh	branh	·卞，「弁」之隸變分化字，其「廾」隸作「丌」形、復訛作「下」形。段玉裁《古文尚書撰異》：「漢孔宙碑：『於亓時雍』，亓即今之卞字，弁之變體。」《說文解字注》：「弁之譌俗爲卞，由𣜩書而貤謬也。」今人或說爲「𠓥(鞭)」之省形，非。
㝸	PAN	㝸	㝸	皮變	並仙三B去	byenh	branh	
燹	PƏN	燹	燹	蘇典	心先開四上	senq		
燹	PƏN	豳	豳	府巾	幫真三B平	pyin	prən	
燹	PƏN	𩰟	𩰟	府(撫)文	滂文三平	phun	pʰən	
燹	PƏN	燹	燹	許位	曉脂合三B去	huih	m̥rəih	
燹	PƏN	𥙮 燹	𥙮 燹	息淺	心仙開三上	sienq		
分	PƏN	扮	扮	脯幻	幫山二去	peenh		
分	PƏN	頒 鳻 肦	頒 鳻 肦	布還	幫刪二平	paen	prˤan	
分	PƏN	湓	湓	普悶	滂魂一去	phonh		
分	PƏN	盼	盼	匹莧	滂山二去	pheenh	pʰrˤənh	
分	PƏN	盆 葐 𪂽 湓	盆 葐 𪂽 湓	蒲奔	並魂一平	bon	bˤən	
分	PƏN	坌 𣴞	坌 𣴞	蒲悶	並魂一去	bonh	bˤənh	
分	PƏN	分 扮	分 扮	府文	幫文三平	pun	pən	
分	PƏN	粉 黺 扮	粉 黺 扮	方吻	幫文三上	punq	pənʔ	
分	PƏN	份 玢 邠 攽 砏	份 玢 邠 攽 砏	府巾	幫真三B平	pyin	prən	
分	PƏN	芬 紛 𢁥 𣬩 衯 𦐈 棻 砏 㞣 氛 雰	芬 紛 𢁥 𣬩 衯 𦐈 棻 砏 㞣 氛 雰	府(撫)文	滂文三平	phun	pʰən	
分	PƏN	忿 魵	忿 魵	敷粉	滂文三上	phunq	pʰənʔ	
分	PƏN	湓 忿 魵	湓 忿 魵	匹問	滂文三去	phunh	pʰənh	
分	PƏN	砏	砏	普巾	滂真三B平	phyin		
分	PƏN	汾 氛 𣱦 羒 頒 枌 鳻 棼 葐 魵 𧮱 妢 棻 梤 肦 馚 㞣 鼢 蚡	汾 氛 𣱦 羒 頒 枌 鳻 棼 葐 魵 𧮱 妢 棻 梤 肦 馚 㞣 鼢 蚡	符分	並文三平	bun	bən	
分	PƏN	扮 鼢 蚡 魵 弅 坌	扮 鼢 蚡 魵 弅 坌	房吻	並文三上	bunq	bənʔ	
分	PƏN	分 秎 坌	分 秎 坌	扶問	並文三去	bunh	bənh	
分	PƏN	貧 𡧋	貧 𡧋	符巾	並真三B平	byin	brən	
焚	PƏN	虨	虨	方閑	幫山二平	peen	prˤən	
焚	PƏN	𢛓	𢛓	力閑	來山開二平	leen		·𢛓，《廣韻》：「𢛓，地名。出《玉篇》。」今《玉篇》無此字。
焚	PƏN	彬 霦 虨	彬 霦 虨	府巾	幫真三B平	pyin	prən	·彬，《說文》：「彬，古文份从彡、林。林者，从焚省聲。」
焚	PƏN	焚	焚	符分	並文三平	bun	bən	
奮	PƏN	奮	奮	方問	幫文三去	punh	pənh	
奮	PƏN	𢤬 𢅯	𢤬 𢅯	房吻	並文三上	bunq	bənʔ	
奮	PƏN	𢅯	𢅯	扶問	並文三去	bunh	bənh	
糞	PƏN	糞 𥻔 瀵	糞 𥻔 瀵	方問	幫文三去	punh	pənh	
糞	PƏN	瀵	瀵	匹問	滂文三去	phunh		
糞	PƏN	䆏	䆏	浮鬼	並微三上	bujq		
糞	PƏN	䆊 <䆏>	䆊 䆏	秦醉	從脂合三去	dzwih		·䆏，《廣韻·至韻》秦醉切：「䆊，稻禾黏也。」段玉裁改作「䆏」，與《說文》合。《說文》：「䆏，稻紫莖不黏也。从禾，糞聲。讀若靡。 」然此讀秦醉切，於聲、韻皆可怪。待考。
糞	PƏN	䆏	䆏	扶涕	並微三去	bujh		
斌	—	斌	斌	府巾	幫真三B平	pyin	prən	·斌，「彬」之異體字。
弗	PƏT	𥄱	𥄱	普活	滂末一入	phat		
弗	PƏT	䄶 艴	䄶 艴	蒲沒	並沒一入	bot		
弗	PƏT	砩	砩	方肺	幫廢三去	puojh		
弗	PƏT	弗 紼 𨚓 柫 𡗻 髴 𩖼 笰	弗 紼 𨚓 柫 𡗻 髴 𩖼 笰	分勿	幫物三入	put	pət	
弗	PƏT	沸 疿 茀 𩰾 𧙂 䛍	沸 疿 茀 𩰾 𧙂 䛍	方味	幫微三去	pujh	pəth	
弗	PƏT	鄪 費	鄪 費	兵媚	幫脂三B去	pyih	prəth	
弗	PƏT	拂 𢂀 茀 艴 刜 髴 彿 𧿳	拂 𢂀 茀 艴 刜 髴 彿 𧿳	敷勿	滂物三入	phut	pʰət	
弗	PƏT	費 髴 靅 𣙿 昲 䊧	費 髴 靅 𣙿 昲 䊧	芳未	滂微三去	phujh	pʰəth	
弗	PƏT	䊧	䊧	匹寐	滂脂三A去	phih		
弗	PƏT	佛 怫 坲 𡶒 咈 䞞 刜 炥	佛 怫 坲 𡶒 咈 䞞 刜 炥	符弗	並物三入	but	bət	
弗	PƏT	狒 㵒 怫 㔗 費 𥄱	狒 㵒 怫 㔗 費 𥄱	扶涕	並微三去	bujh	bəth	
弗	PƏT	𠡂 䄶 𢘍 胇	𠡂 䄶 𢘍 胇	房密	並質三B入	byit	brət	
弼	PƏT	弼 𢐀 㢸	弼 𢐀 㢸	房密	並質三B入	byit	brət	
孛	PƏT	誖	誖	補妹	幫灰一去	pojh	pˤəth	
孛	PƏT	䪬 哱 㛘 馞	䪬 哱 㛘 馞	普沒	滂沒一入	phot	pʰˤət	
孛	PƏT	勃 渤 𩣡 𩱚 餑 𡋯 馞 悖 郣 浡 𣭷 𢠜 㪍 誖 㶿 桲 孛 挬 脖 𦸦 鵓	勃 渤 𩣡 𩱚 餑 𡋯 馞 悖 郣 浡 𣭷 𢠜 㪍 誖 㶿 桲 孛 挬 脖 𦸦 鵓	蒲沒	並沒一入	bot	bˤət	
孛	PƏT	孛 誖 悖	孛 誖 悖	蒲昧	並灰一去	bojh	bˤəth	·孛，《說文》：「孛，𢍚也，从𣎵；人色也，从子。《論語》曰：色孛如也。」張亞初以爲「丰」聲（說見：張亞初《甲骨文金文零釋》），其說於韻部不合，不可信。史傑鵬以爲「未」聲（說見：史傑鵬《釋郭店老子簡的“勃”字》），待考。
孛	PƏT	𩣡	𩣡	蒲角	並覺二入	boeuk		·𩣡，獸名，牛尾、白身，又作「䮀」。《山海經·北山經》：「〔敦頭之山〕其中多𩣡馬，牛尾而白身，一角，其音如呼。」郭璞注：「𩣡，音勃。」《切韻》系韻書中「𩣡」收有蒲角切一音，《玉篇》系字書無之，覺韻讀法與「孛」聲字形不合，未詳。
孛	PƏT	綍	綍	分勿	幫物三入	put	pət	
𥝋	PƏT	𥝋 𦦔	𥝋 𦦔	扶涕	並微三去	bujh	bəth	·𥝋，《說文》：「𥝋，周成王時，州靡國獻𥝋。人身，反踵，自笑，笑即上脣掩其目。食人。北方謂之土螻。《尔疋》云：『𥝋𥝋，如人，被髮。』一名䲷陽。从厹，象形。」今本《爾雅·釋獸》作「狒狒」。
甶	—	甶	甶	分勿	幫物三入	put		
乀	—	乀	乀	敷勿	滂物三入	phut		·乀，《說文》：「乀，左戾也。从反丿。讀與弗同。」
䭮	—	䭮	䭮	敷勿	滂物三入	phut		·䭮，「髴」之異體，从「首」从「髟」。
品	PƏM	品	品	丕飲	滂侵三B上	phyimq	pʰrəmʔ	
某	MƏ	媒 煤 腜 禖 䤂	媒 煤 腜 禖 䤂	莫杯	明灰一平	moj	mˤə	
某	MƏ	某	某	莫厚	明侯一上	mouq	mˤəʔ	
某	MƏ	𢜮	𢜮	莫補	明模一上	moq		
某	MƏ	謀	謀	莫浮	明尤三平	mu	mə	
某	MƏ	𢜮	𢜮	武夫	明虞三平	muo		
某	MƏ	𢜮	𢜮	文甫	明虞三上	muoq		
母	MƏ	𧶅 悔	𧶅 悔	呼罪	曉灰合一上	hojq	m̥ˤəʔ	
母	MƏ	誨 悔 晦 𠧩 痗	誨 悔 晦 𠧩 痗	荒内	曉灰合一去	hojh	m̥ˤəh	
母	MƏ	海	海	呼改	曉咍開一上	heojq	m̥ˤəʔ	
母	MƏ	梅 脢 䍙 莓 鋂 䊈	梅 脢 䍙 莓 鋂 䊈	莫杯	明灰一平	moj	mˤə	
母	MƏ	每 挴	每 挴	武罪	明灰一上	mojq	mˤəʔ	
母	MƏ	每 痗 莓 䍙 脢	每 痗 莓 䍙 脢	莫佩	明灰一去	mojh	mˤəh	
母	MƏ	呣	呣	亡侯	明侯一平	mou		
母	MƏ	母 拇 胟 畮 𤝕 𤵝 踇 𧿹 䳇	母 拇 胟 畮 𤝕 𤵝 踇 𧿹 䳇	莫厚	明侯一上	mouq	mˤəʔ	
母	MƏ	姆 苺	姆 苺	莫候	明侯一去	mouh		
母	MƏ	挴	挴	莫亥	明咍一上	meojq		
母	MƏ	䱕	䱕	莫浮	明尤三平	mu		
母	MƏ	莓	莓	亡救	明尤三去	muh	məh	
母	MƏ	𤛎	𤛎	無鄙	明脂三B上	myiq	mrəʔ	
母	MƏ	㙁	㙁	莫六	明屋三入	muk		·㙁，「㙁野」爲武王與紂交戰之地，又作「坶野」、「牧野」。
母	MƏ	毋	毋	武夫	明虞三平	muo	m(r)a	
母	MƏ	侮 䳇 䍙	侮 䳇 䍙	文甫	明虞三上	muoq	moʔ	
母	MƏ	慜 敏 𤛎 鰵	慜 敏 𤛎 鰵	眉殞	明真三B上	myinq	mrəŋʔ	
畞	MƏ	𠭇 畞	𠭇 畞	莫厚	明侯一上	mouq	mˤəʔ	·畞，《說文》：「畮，六尺爲步，百步爲畮。秦田二百四十步爲畮。從田，毎聲。畞，畮或從十、久。」徐鍇曰：「十，其制。久聲。」「久」聲非也。或說「畞」右旁爲「每」筆畫黏連解散產生的訛形（說見：林義光《文源》、魏宜輝《“畞”字構形新探》、胡雲鳳《說畝》），似非。鄔可晶先生（22年3月6日私人通信）謂「畞」爲整體表意字，象一手在田埂上加高加固之形，是晉璽作「𤰖」形乃其簡省、秦簡「畞」形之「久」爲「又」的訛變或異體。
姥	—	姥 峔	姥 峔	莫補	明模一上	moq		·姥，會意字，與「媽」記錄一詞。·峔，「姥」省聲。
夢	MƏŊ	薨 𠐿 𩖎 𩙛 𤃫	薨 𠐿 𩖎 𩙛 𤃫	呼肱	曉登合一平	hweong	m̥ˤəŋ	
夢	MƏŊ	𥕗	𥕗	呼宏	曉耕合二平	hweeng		
夢	MƏŊ	瞢 䒐	瞢 䒐	武登	明登一平	meong	mˤəŋ	
夢	MƏŊ	𢅴 <懵> 䲛 懜 𨮒 𧀧	𢅴 懵 䲛 懜 𨮒 𧀧	武亘	明登一去	meongh	mˤəŋh	·𢅴，「懵」之訛字。
夢	MƏŊ	甍 𣞑 䉚 𧂛 𥌯	甍 𣞑 䉚 𧂛 𥌯	莫耕	明耕二平	meeng	mrˤəŋ	
夢	MƏŊ	𦿏 懜	𦿏 懜	莫紅	明東一平	moung		
夢	MƏŊ	懵	懵	莫孔	明東一上	moungq		
夢	MƏŊ	蘉	蘉	莫郎	明唐一平	mang		
夢	MƏŊ	瞢 夢 𨞯 懜 𦫰 𧲎	瞢 夢 𨞯 懜 𦫰 𧲎	莫中	明東三平	mung	məŋ	
夢	MƏŊ	㝱 夢 瞢 鄸 䠢	㝱 夢 瞢 鄸 䠢	莫鳳	明東三去	mungh	məŋh	
黑	MƏK	黑 潶 㱄	黑 潶 㱄	呼北	曉德開一入	heok	m̥ˤək	
黑	MƏK	墨 默 䘃 纆 𡣫 䁿	墨 默 䘃 纆 𡣫 䁿	莫北	明德一入	meok	mˤək	
黑	MƏK	䆀	䆀	莫佩	明灰一去	mojh		
黑	MƏK	䆀	䆀	莫代	明咍一去	meojh		
黑	MƏK	䆀	䆀	莫亥	明咍一上	meojq		
黑	MƏK	𪒜	𪒜	莫八	明黠二入	meet		
黑	MƏK	嫼	嫼	烏黠	影黠開二入	qeet		·嫼，《說文》：「嫼，怒皃。从女、黑聲。」
黑	MƏK	嚜	嚜	明祕	明脂三B去	myih		
黑	MƏK	𦗣	𦗣	戸骨	匣沒合一入	ghot		·𦗣，《名義》：「𦗣，下兀反。春秋地名也。」《切韻》系韻書注「耳聲」、「耳黧」等皆望形生訓。
目	MƏK	瞐	瞐	莫角	明覺二入	moeuk		
目	MƏK	目 苜	目 苜	莫六	明屋三入	muk	mək	
牧	MƏK	𦱒 牧	𦱒 牧	莫六	明屋三入	muk	mək	
火	MƏI	火 邩	火 邩	呼果	曉歌合一上	hwaq	m̥ˤəiʔ	
尾	MƏI	䜸	䜸	武罪	明灰一上	mojq		
尾	MƏI	𤈦	𤈦	許偉	曉微合三上	hujq	m̥əiʔ	
尾	MƏI	尾 浘 娓 䞔 䅏 䬿	尾 浘 娓 䞔 䅏 䬿	無匪	明微三上	mujq	məiʔ	
尾	MƏI	䊊	䊊	無沸	明微三去	mujh	məih	
尾	MƏI	娓	娓	明祕	明脂三B去	myih	mrəih	
美	MƏI	美 渼 媄	美 渼 媄	無鄙	明脂三B上	myiq	mrəiʔ	
𡵂	MƏI	枚	枚	莫杯	明灰一平	moj	mˤəi	·枚，戰國秦系文字中「攴」或讀爲｛枚｝，其例如王家臺秦簡《歸藏》：「昔者禹卜飤散實而攴(枚)占大明。」北大秦簡《禹九策》：「禹九策，黃啻(帝)之攴(枚)，以卜天下之幾(禨)。」這類「攴(枚)」應該是「𢼸」之省形。可以推測，「枚」字即以之爲聲。
𡵂	MƏI	黴	黴	莫佩	明灰一去	mojh		
𡵂	MƏI	徽 鰴 幑	徽 鰴 幑	許歸	曉微合三平	huj	m̥əi	
𡵂	MƏI	微 𢼸 㵟 薇 䉠 䥩 癓 矀	微 𢼸 㵟 薇 䉠 䥩 癓 矀	無非	明微三平	muj	məi	
𡵂	MƏI	矀 覹 䉠 黴 㵟 薇	矀 覹 䉠 黴 㵟 薇	武悲	明脂三B平	myi	mrəi	
𡵂	MƏI	媺	媺	無鄙	明脂三B上	myiq	mrəiʔ	
鬽	MƏI	鬽	鬽	明祕	明脂三B去	myih	mrəih	·鬽，《說文》：「鬽，老精物也。从鬼、彡。彡，鬼毛。𢑘，古文。𤲄，籀文，从彖首从尾省聲。」
昏	MƏN	昏 惛 婚 棔 閽 殙 𣣏	昏 惛 婚 棔 閽 殙 𣣏	呼昆	曉魂合一平	hon	m̥ˤən	
昏	MƏN	惛	惛	虚本	曉魂合一上	honq	m̥ˤənʔ	
昏	MƏN	惛	惛	呼悶	曉魂合一去	honh	m̥ˤənh	
昏	MƏN	䫒	䫒	莫奔	明魂一平	mon		
昏	MƏN	𦖞	𦖞	無分	明文三平	mun	mən	
昏	MƏN	𦝮 <𬛆>	𦝮 𬛆	武粉	明文三上	munq		
昏	MƏN	緍 痻 捪 睧 錉 𪂆	緍 痻 捪 睧 錉 𪂆	武巾	明真三B平	myin	mrən	
昏	MƏN	睧	睧	彌鄰	明真三A平	min		
昏	MƏN	𨌲	𨌲	武盡	明真三A上	minq		
𡖀	MƏN	𢅼 <㡪>	𢅼 㡪	乃回	泥灰合一平	noj		·𢅼，《說文·巾部》：「𢅼，𡎰地，以巾𢵢之。从巾、夒聲。讀若水溫㬮也。一曰箸也。」段玉裁注：「『𡖀』聲各本作『夒』聲，篆體各本皆誤作『𢅼』，今正。按許『讀如㬮』，大徐據《唐韵》乃昆切、《玉篇》奴昆切。葢古『溫㬮』之『㬮』讀乃昆切；《玉篇》、曹憲《廣雅音》、《廣韵》又乃回、奴回切，則乃昆之轉，脂文之合；《廣韵》又奴案切，則依《說文》『㬮』字今音。《莊子釋文》引《漢書音義》：『音溫（一本作混）。』與乃昆一音相近。『韋昭乃回反。』則乃回一音之所本也。乃昆之音因於『𡖀』聲。『𡖀』者古文『婚』字，見《女部》。《車部》『𨏵』以爲聲，亦讀若閔。然則此爲『𡖀』聲，而非『夒』聲明甚。『夒』在尤幽部，轉入蕭宵肴豪部，𣃔不得反以乃昆也。顧『夒』孰『𡖀』生。《說文》及《漢書》『㡪』乃譌『𢅼』，賴可據音以證其形。而師古注《漢書》妄云『乃高反』。是其形終古不可正矣。今《漢書》字竟作『獿』；《莊子釋文》竟作『懮』，莫能諟正。近盧召弓重刻《莊子音義》，又改『音溫』作『音鐃』，可不急辨其非哉。乃昆之音可爲乃回，而𣃔不可爲乃高。斯聲音自然之理，學者所當究心也。」段玉裁改作「𡖀」聲，是也；然謂“許慎讀如㬮、「㬮」古讀乃昆切”云云則非。「𡖀」聲字上古讀明組文部，不當入中古泥母。友人王睿哲謂「㡪」本讀｛𢵢/抆/捪｝，訓讀｛揾｝，由是《說文》云「讀若溫」。《切韻》系韻書收奴案切一音，乃誤以《說文》「讀若㬮」而音㬮；韋昭何以音乃回反待考。
𡖀	MƏN	𨏵	𨏵	眉殞	明真三B上	myinq	mrənʔ	·𨏵，《說文》：「𨏵，車伏兔下革也。从車、𡖀聲。𡖀，古昏字。讀若閔。」
釁	MƏN	虋 亹 𤅣	虋 亹 𤅣	莫奔	明魂一平	mon	mˤən	
釁	MƏN	釁 舋	釁 舋	許覲	曉真開三B去	hyinh	m̥rənʔ	
釁	MƏN	璺	璺	亡運	明文三去	munh	mənh	
釁	MƏN	亹 斖	亹 斖	無匪	明微三上	mujq	məiʔ	·斖，下爲「釁」之省形，上加註「文」聲；或省作「亹」。
衅	—	衅	衅	許覲	曉真開三B去	hyinh		·衅，「釁」的南北朝俗字，从「血」从「半」會意。
未	MƏT	妹 昧 眛	妹 昧 眛	莫佩	明灰一去	mojh	mˤəth	
未	MƏT	佅	佅	莫話	明夬二去	maejh		
未	MƏT	未 味 菋 𩑵 沬 鮇 𡶎	未 味 菋 𩑵 沬 鮇 𡶎	無沸	明微三去	mujh	məth	
未	MƏT	魅	魅	明祕	明脂三B去	myih	mrəth	
未	MƏT	寐	寐	彌二	明脂三A去	mih		
𠬸	MƏT	沒 歿 𤣻 𩑦 𠬛 莈	沒 歿 𤣻 𩑦 𠬛 莈	莫勃	明沒一入	mot	mˤət	
𠬸	MƏT	𩑦	𩑦	烏沒	影沒合一入	qot		·𩑦，《說文》：「𩑦，内頭水中也。从頁、𠬸，𠬸亦聲。」《名義》扵骨反；《玉篇》莫骨、鳥骨二切；《王三》莫勃、烏沒二反；大徐本《說文》烏沒切；《廣韻》莫勃、烏沒二切；小徐本《說文》烏骨反。
勿	MƏT	忽 昒 匫 笏 㫚 𨑥 𣓗 𦁕 𢑢 惚 䬍	忽 昒 匫 笏 㫚 𨑥 𣓗 𦁕 𢑢 惚 䬍	呼骨	曉沒合一入	hot	m̥ˤət	
勿	MƏT	䀛	䀛	莫撥	明末一入	mat	mˤat	
勿	MƏT	䀛	䀛	莫拜	明皆二去	meejh	mrˤəth	
勿	MƏT	淴	淴	烏沒	影沒合一入	qot		
勿	MƏT	㧾	㧾	苦骨	溪沒合一入	khot		
勿	MƏT	䬍 𩘐 烼	䬍 𩘐 烼	許勿	曉物合三入	hut		·烼，鄭張尚芳《上古音系》：「烼，實䝆省聲。」其說似可從。
勿	MƏT	物 勿 𣃦 芴 岉 伆 𨑥 昒 沕	物 勿 𣃦 芴 岉 伆 𨑥 昒 沕	文弗	明物三入	mut	mət	
勿	MƏT	沕	沕	美畢(筆)	明質三B入	myit	mrət	
勿	MƏT	脗	脗	武盡	明真三A上	minq		
勿	MƏT	吻 刎 伆 𦮶	吻 刎 伆 𦮶	武粉	明文三上	munq	mənʔ	
頮	MƏT	頮	頮	荒内	曉灰合一去	hojh	m̥ˤəth	
𠦪	—	𠦪	𠦪	許勿	曉物合三入	hut		
欻	—	欻 㗵	欻 㗵	許勿	曉物合三入	hut	m̥ət	·欻，《說文·欠部》：「欻，有所吹起。从欠、炎聲。讀若忽。」段玉裁注：「从炎非聲。葢本从『𠦪』聲，譌而爲『炎』，莫能諟正。倘去『聲』字、說以从炎會意，亦恐非也。」林義光《文源》：「按炎非聲，从欠、从二火，象人張口吹火形。」待考。
止	TƏ	𪒴 懛	𪒴 懛	丁來	端咍開一平	teoj		
止	TƏ	等	等	多改	端咍開一上	teojq		
止	TƏ	等	等	多肯	端登開一上	teongq	tˤəŋʔ	
止	TƏ	㘆	㘆	他亥	透咍開一上	theojq		
止	TƏ	儓	儓	他代	透咍開一去	theojh		
止	TƏ	臺 擡 嬯 薹 儓 檯 𪒴 籉	臺 擡 嬯 薹 儓 檯 𪒴 籉	徒哀	定咍開一平	deoj	dˤə	·臺，古文字作「之」聲，从「宀」、「高」、「京」、「室」者皆有。秦漢文字「臺」乃是糅合从「高」與从「室」者產生的（參考：姚萱《殷墟花園莊東地甲骨卜辭的初步研究》、李春桃《“臺”字補釋》、蔣玉斌《甲骨文“臺”字異體及“鼜”字釋說》）。
止	TƏ	待	待	徒亥	定咍開一上	deojq	dˤəʔ	
止	TƏ	特	特	徒得	定德開一入	deok	dˤək	
止	TƏ	之 芝 㞢	之 芝 㞢	止而	章之開三平	tjy	tə	
止	TƏ	止 畤 沚 洔 趾 址 阯 芷	止 畤 沚 洔 趾 址 阯 芷	諸市	章之開三上	tjyq	təʔ	
止	TƏ	志 娡 䓌 誌 痣	志 娡 䓌 誌 痣	職吏	章之開三去	tjyh	təh	
止	TƏ	𢾫	𢾫	豬几	知脂開三上	triq		
止	TƏ	蚩 嗤 妛 媸 𦐉 𥉍	蚩 嗤 妛 媸 𦐉 𥉍	赤之	昌之開三平	tjhy	tʰə	
止	TƏ	齒 紕 <䊼>	齒 紕 䊼	昌里	昌之開三上	tjhyq	tʰəʔ	·紕，「䊼」之訛字，與符支切、匹夷切之「紕」爲同形字。說見：葛信益《〈廣韻〉訛奪舉正（增定稿）》。
止	TƏ	祉	祉	敕里	徹之開三上	trhyq		
止	TƏ	時 旹 塒 鼭 榯 蒔 鰣	時 旹 塒 鼭 榯 蒔 鰣	市之	常之開三平	djy	də	
止	TƏ	市 恃 畤	市 恃 畤	時止	常之開三上	djyq	dəʔ	
止	TƏ	侍 蒔 秲	侍 蒔 秲	時吏	常之開三去	djyh	dəh	
止	TƏ	持	持	直之	澄之開三平	dry	drə	
止	TƏ	歭 跱 峙 痔 偫 洔 畤 秲 庤	歭 跱 峙 痔 偫 洔 畤 秲 庤	直里	澄之開三上	dryq	drəʔ	
止	TƏ	滍	滍	直几	澄脂開三上	driq		
止	TƏ	詩 邿	詩 邿	書之	書之開三平	sjy	stə	
止	TƏ	寺	寺	祥吏	邪之開三去	zyh	sdəh	
登	TƏŊ	登 璒 燈 簦 㲪 䔲 㽅 䳾	登 璒 燈 簦 㲪 䔲 㽅 䳾	都滕	端登開一平	teong	tˤəŋ	
登	TƏŊ	嶝 鐙 隥 橙 凳 𧄼 𩞬 磴	嶝 鐙 隥 橙 凳 𧄼 𩞬 磴	都鄧	端登開一去	teongh	tˤəŋh	
登	TƏŊ	㡧 𩏠	㡧 𩏠	猪孟	知庚開二去	traengh		
登	TƏŊ	𠑅 䆸	𠑅 䆸	中莖	知耕開二平	treeng		
登	TƏŊ	鼟 膯 𤃶 𧰥	鼟 膯 𤃶 𧰥	他登	透登開一平	theong		
登	TƏŊ	𤃶	𤃶	台鄧	透登開一去	theongh		
登	TƏŊ	鄧 蹬 僜 𣩟 䮴	鄧 蹬 僜 𣩟 䮴	徒亘	定登開一去	deongh	dˤəŋh	
登	TƏŊ	橙 憕 瞪	橙 憕 瞪	宅耕	澄耕開二平	dreeng	drˤəŋ	
登	TƏŊ	澄 憕	澄 憕	直庚	澄庚開二平	draeng	drˤaŋ	
登	TƏŊ	撜	撜		章蒸開三上	tjyngq		
登	TƏŊ	證	證	諸應	章蒸開三去	tjyngh	təŋh	
登	TƏŊ	僜	僜	丑升	徹蒸開三平	trhyng		
登	TƏŊ	覴	覴	丑證	徹蒸開三去	trhyngh		
登	TƏŊ	澄 瞪 憕	澄 瞪 憕	直陵	澄蒸開三平	dryng	drəŋ	
登	TƏŊ	瞪 𪒘	瞪 𪒘	丈證	澄蒸開三去	dryngh		
升	TƏŊ	抍	抍		章蒸開三上	tjyngq		
升	TƏŊ	升 昇 陞 抍	升 昇 陞 抍	識蒸	書蒸開三平	sjyng	stəŋ	
氶	TƏŊ	蒸 䒱 烝 𦚦 䕄 篜 脀	蒸 䒱 烝 𦚦 䕄 篜 脀	煑仍	章蒸開三平	tjyng	təŋ	
氶	TƏŊ	拯 𨋬 氶	拯 𨋬 氶		章蒸開三上	tjyngq	təŋʔ	
氶	TƏŊ	烝	烝	諸應	章蒸開三去	tjyngh	təŋh	
氶	TƏŊ	承 丞 𨋬	承 丞 𨋬	署陵	常蒸開三平	djyng	dəŋ	
氶	TƏŊ	丞	丞	常證	常蒸開三去	djyngh		
爯	TƏŊ	稱 爯 偁	稱 爯 偁	處陵	昌蒸開三平	tjhyng	tʰəŋ	
爯	TƏŊ	稱	稱	昌孕	昌蒸開三去	tjhyngh	tʰəŋh	
徵	TƏŊ	徵 𨟃 癥	徵 𨟃 癥	陟陵	知蒸開三平	tryng	trəŋ	
徵	TƏŊ	徵	徵	陟里	知之開三上	tryq	trəʔ	
徵	TƏŊ	澂 懲	澂 懲	直陵	澄蒸開三平	dryng	drəŋ	
秤	—	秤	秤	昌孕	昌蒸開三去	tjhyngh	tʰəŋh	·秤，「稱」改其聲旁爲「平」而作。說見：裘錫圭《文字學概要（修訂本）》。
𣃘	—	𣃘	𣃘	宅江	澄江二平	droeung		·𣃘，《說文》：「𣃘，旌旗杠皃。从丨从㫃，㫃亦聲。」徐鍇曰：「㫃音偃，象旌旗偃蹇飛揚之貌。丨，橦榦也，杠即橦也。」此宅江切之音乃附會｛幢｝。
𣃘	—	𣃘	𣃘	陟陵	知蒸開三平	tryng		
𣃘	—	𣃘	𣃘	丑善	徹仙開三上	trhienq		
𠭁	TƏK	䙷 得 淂 𨁽 𣌏 𠮊	䙷 得 淂 𨁽 𣌏 𠮊	多則	端德開一入	teok	tˤək	
𠭁	TƏK	棏	棏	陟革	知麥開二入	treek		
𠭁	TƏK	㧹 㥂	㧹 㥂	他德	透德開一入	theok	tʰˤək	
𠭁	TƏK	𤙰 棏	𤙰 棏	徒得	定德開一入	deok		
𠭁	TƏK	䎪	䎪	奴勒	泥德開一入	neok		
𠭁	TƏK	𣮊 𢕚	𣮊 𢕚	丁力	知職開三入	tryk		
戠	TƏK	戴	戴	都代	端咍開一去	teojh	tˤəkh	·戴，《說文》云「𢦔」聲，聲紐不合，不可信。「戴」似爲「戠」省聲。上博竹書二《容成氏》簡9「履地△天」之「△」即从「首」、「戠」省聲，或說从「弋」、非，「戈」上一橫可爲證，楚系「戠」（如《包山》18）即如此，其省去了右下部以置放義符「首」，清華二簡20有不省者。秦漢文字「戴」字來源類此，其形體沿襲自早期｛戴｝初文「異(戴)」加注「戠」聲之字，後「戠」聲省形、類化爲「𢦏」，遂作「戴」。
戠	TƏK	樴	樴	徒得	定德開一入	deok	dˤək	
戠	TƏK	職 軄 戠 織 膱 蟙 𧄕 樴	職 軄 戠 織 膱 蟙 𧄕 樴	之翼	章職開三入	tjyk	tək	
戠	TƏK	織 識	織 識	職吏	章之開三去	tjyh	təkh	
戠	TƏK	熾 幟 𡑠	熾 幟 𡑠	昌志	昌之開三去	tjhyh	tʰəkh	
戠	TƏK	𡑠	𡑠	常職	常職開三入	djyk		
戠	TƏK	識 𧄹	識 𧄹	賞職	書職開三入	sjyk	stək	
戠	TƏK	幟	幟	式吏	書之開三去	sjyh		
直	TƏK	德 惪 𢛳	德 惪 𢛳	多則	端德開一入	teok	tˤək	
直	TƏK	𥊸	𥊸	他德	透德開一入	theok		
直	TƏK	䐈	䐈	之翼	章職開三入	tjyk		
直	TƏK	稙	稙	竹力	知職開三入	tryk	trək	
直	TƏK	置	置	陟吏	知之開三去	tryh		
直	TƏK	埴	埴	昌志	昌之開三去	tjhyh		
直	TƏK	淔	淔	恥力	徹職開三入	trhyk		
直	TƏK	殖 植 埴 㨁	殖 植 埴 㨁	常職	常職開三入	djyk	dək	
直	TƏK	直 犆 䐈 𡸜	直 犆 䐈 𡸜	除力	澄職開三入	dryk	drək	
直	TƏK	值 植 㨁 𠍜	值 植 㨁 𠍜	直吏	澄之開三去	dryh	drəkh	
陟	TƏK	騭	騭	之日	章質開三入	tjit		
陟	TƏK	陟	陟	竹力	知職開三入	tryk	trək	
辰	TƏN	振 侲 桭 唇 㖘 帪 㲀	振 侲 桭 唇 㖘 帪 㲀	側(職)鄰	章真開三平	tjin	tən	
辰	TƏN	賑 裖 敐	賑 裖 敐	章忍	章真開三上	tjinq	tənʔ	
辰	TƏN	震 振 賑 娠 侲 䟴 䳲	震 振 賑 娠 侲 䟴 䳲	章刃	章真開三去	tjinh	tənh	
辰	TƏN	屒	屒	珍忍	知真開三上	trinq	trənʔ	
辰	TƏN	辴	辴	丑忍	徹真開三上	trhinq	tʰrənʔ	
辰	TƏN	辴	辴	丑飢	徹脂開三平	trhi		
辰	TƏN	辰 晨 䢅 敐 宸 鷐 麎 桭 屒 䣅	辰 晨 䢅 敐 宸 鷐 麎 桭 屒 䣅	植鄰	常真開三平	djin	dən	
辰	TƏN	蜃 祳 脤 㰮 鋠	蜃 祳 脤 㰮 鋠	時忍	常真開三上	djinq	dənʔ	
辰	TƏN	蜃	蜃	時刃	常真開三去	djinh	dənh	
辰	TƏN	陙	陙	常倫	常真合三平	djwin	dun	
辰	TƏN	娠	娠	失人	書真開三平	sjin	stən	
辰	TƏN	晨	晨	食鄰	船真開三平	zjin	dən	
辰	TƏN	脣 漘 䔚	脣 漘 䔚	食倫	船真合三平	zjwin	dun	
辰	TƏN	䀼	䀼	而振	日真開三去	njinh		·䀼，《方言》：「䀼眩，懣也。顚眴謂之䀼眩。」郭璞注：「䀼，音瞋恚。」《名義》之刃反；《玉篇》之忍切；《王三》而晉反；《廣韻》而振切。
辰	TƏN	㲀	㲀	士臻	崇臻開三平	dzryin		·㲀，動喜皃，又作「㰮」。《說文》：「㰮，指而笑也。从欠、辰聲。讀若蜃。」段玉裁注：「《吕覽》：『舜爲天子，𨌈𨌈敐敐，莫不載悅。』高注曰：『敐敐、動而喜也。』又作『陳陳殷殷』。無二切。皆譌字耳。敐葢卽㰮字。轉寫从夊。《吳都賦》：『東吳王孫，辴然而咍。』劉注云：『辴、大𥬇皃。』引莊周齊桓公『辴然而𥬇。』辴卽㰮字之異者。俗譌作辴。」原本《玉篇》引《說文》：「指而嘆也。」《名義》仕仁反；《玉篇》市眞切、又音𦿒；《廣韻》士臻切（又音真）。
典	TƏN	典 錪 𥮏	典 錪 𥮏	多殄	端先開四上	tenq	tˤənʔ	
典	TƏN	腆 痶 淟 錪 㥏 琠 䠄 賟 晪	腆 痶 淟 錪 㥏 琠 䠄 賟 晪	他典	透先開四上	thenq	tʰˤənʔ	
𡱂	TƏN	殿 𠿍	殿 𠿍	都甸	端先開四去	tenh	tˤənh	
𡱂	TƏN	臀 𡱂 𩪡 𥴫	臀 𡱂 𩪡 𥴫	徒渾	定魂合一平	don	dˤun	
𡱂	TƏN	殿 澱 𪑩 壂 𡱂	殿 澱 𪑩 壂 𡱂	堂練	定先開四去	denh	dˤənh	
㐱	TƏN	餮 飻	餮 飻	他結	透屑開四入	thet	tʰˤət	
㐱	TƏN	殄 跈	殄 跈	徒典	定先開四上	denq	dˤənʔ	
㐱	TƏN	抮	抮	呼(火)典	定先開四上	denq		·抮，「㐱」聲字不當讀中古曉母。疑早期字韻書切語上字本作「大」（如《新撰字鏡》大典反）、讀定母音，訛作「火」（如《名義》《玉篇》火典反），遂誤讀曉母。
㐱	TƏN	跈	跈	乃殄	泥先開四上	nenq		
㐱	TƏN	畛	畛	側(職)鄰	章真開三平	tjin	tən	
㐱	TƏN	軫 胗 疹 畛 㐱 紾 診 袗 眕 䪾 駗 𠘱	軫 胗 疹 畛 㐱 紾 診 袗 眕 䪾 駗 𠘱	章忍	章真開三上	tjinq	tənʔ	
㐱	TƏN	袗 䪾	袗 䪾	章刃	章真開三去	tjinh		
㐱	TƏN	珍	珍	陟鄰	知真開三平	trin		
㐱	TƏN	紾	紾	知演	知仙開三上	trienq		
㐱	TƏN	趁	趁	丑刃	徹真開三去	trhinh	tʰrənh	
㐱	TƏN	趁	趁	直珍	澄真開三平	drin		
㐱	TƏN	診	診	直刃	澄真開三去	drinh	drənh	
㐱	TƏN	胗	胗	居忍	見真開三A上	kinq		·胗，又作「𦜌」、「𤷌」。
㐱	TƏN	趁	趁	尼展	孃仙開三上	nrienq		
疢	TƏN	疢	疢	丑刃	徹真開三去	trhinh	tʰrənh	·疢，《說文》：「疢，熱病也。从疒、从火。」《毛詩·小雅·小弁》：「疢如疾首。」周家臺秦簡：「黔首疢疾。298」
塵	TƏN	塵	塵	直珍	澄真開三平	drin	drən	
合	KƏP	姶 佮	姶 佮	烏合	影合開一入	qop		
合	KƏP	閤 鴿 合 敆 鉿 鮯 蛤 郃 匌 頜 佮 𣭝 㭘 㠷 鞈 韐 𢂷	閤 鴿 合 敆 鉿 鮯 蛤 郃 匌 頜 佮 𣭝 㭘 㠷 鞈 韐 𢂷	古沓	見合開一入	kop	kˤəp	
合	KƏP	韐 𢂷 跲 袷 䀫 餄 鞈	韐 𢂷 跲 袷 䀫 餄 鞈	古洽	見洽開二入	keep	krˤəp	
合	KƏP	䆟 匌	䆟 匌	口荅	溪合開一入	khop		
合	KƏP	䶀	䶀	苦盍	溪盍開一入	khap		
合	KƏP	恰 㓣 帢 𣁴	恰 㓣 帢 𣁴	苦洽	溪洽開二入	kheep		
合	KƏP	合 郃 榙 䢔 㭘 詥 耠 𡇶 𪘁 𦳬 盒	合 郃 榙 䢔 㭘 詥 耠 𡇶 𪘁 𦳬 盒	侯閤	匣合開一入	ghop	ɡˤəp	
合	KƏP	洽 䨐 祫 烚 珨 䞩	洽 䨐 祫 烚 珨 䞩	侯夾	匣洽開二入	gheep	ɡrˤəp	
合	KƏP	頜	頜	胡感	匣覃開一上	ghomq		
合	KƏP	欱 㾑	欱 㾑	呼合	曉合開一入	hop		
合	KƏP	䶎 欱	䶎 欱	呼洽	曉洽開二入	heep		
合	KƏP	哈 㾑	哈 㾑	五合	疑合開一入	ngop		
合	KƏP	給	給	居立	見緝開三B入	kyip		
合	KƏP	袷 跲	袷 跲	居怯	見業開三入	kyop		
合	KƏP	㭘	㭘	其輒	羣葉開三B入	gyep		
合	KƏP	跲 㭘	跲 㭘	巨業	羣業開三入	gyop		
合	KƏP	噏 歙 翕 𧬈 潝 熻 嬆 翖 𨝫 闟 𪅲	噏 歙 翕 𧬈 潝 熻 嬆 翖 𨝫 闟 𪅲	許及	曉緝開三B入	hyip		
合	KƏP	㢵	㢵	虚業	曉業開三入	hyop		
合	TƏP	㩉	㩉	盧合	來合開一入	lop		
合	TƏP	答 畣 𨅞 撘 荅 褡 㜓 㾑 嗒 𤝰 㿯 㯚	答 畣 𨅞 撘 荅 褡 㜓 㾑 嗒 𤝰 㿯 㯚	都合	端合開一入	top	tˤəp	
合	TƏP	㩉 褡	㩉 褡	都搕	端盍開一入	tap		
合	TƏP	劄 𠍹	劄 𠍹	竹洽	知洽開二入	treep		
合	TƏP	䶀 佮 𪘁	䶀 佮 𪘁	他合	透合開一入	thop		
合	TƏP	㯓 𦪙 鞳 塔 搭 嗒	㯓 𦪙 鞳 塔 搭 嗒	吐盍	透盍開一入	thap		
合	TƏP	蹹	蹹	徒合	定合開一入	dop		
合	TƏP	䵽 <䶀>	䵽 䶀	倉雜	清盍開一入	tshap		·䵽，鼓聲，又作「𩌇」、「𪔕」。《說文》：「𪔕，鼓鼙聲。从鼓，缶聲。」段玉裁注：「按『缶』聲不得土盍切明矣。《玉篇》曰：『䵽，𡔷聲也。七盍切。』《廣韵》曰：『䵽，𡔷聲也。倉雜切。』皆卽其字。『缶』者，『去』之譌，『去』聲古或入侵部也。然皆『䶀』之誤字耳。」其說可從。然《名義》恥闔反與「合」聲相諧，《切韻》系韻書及《玉篇》讀清母、與字形不合，未詳。
合	TƏP	歙	歙	書涉	書葉開三入	sjiep		
合	TƏP	湁	湁	丑入	徹緝開三入	trhip		
合	TƏP	拾	拾	是執	常緝開三入	djip		
凹	—	凹	凹	烏洽	影洽開二入	qeep	ʔrˤəp	·凹，又作「䆟」，《玄應音義》卷十一引《蒼頡篇》如此作。
對	TƏP	對 𡭊 𣝉 轛 𠏮	對 𡭊 𣝉 轛 𠏮	都隊	端灰合一去	tojh	tˤəph	
對	TƏP	䨴 薱 濧	䨴 薱 濧	徒對	定灰合一去	dojh	dˤəph	
對	TƏP	轛	轛	追萃	知脂合三去	trwih		
對	TƏP	懟	懟	直類	澄脂合三去	drwih		
甚	TƏM	湛 媅 𧡪	湛 媅 𧡪	丁含	端覃開一平	tom	tˤəm	
甚	TƏM	黮	黮	他感	透覃開一上	thomq	tʰˤəmʔ	
甚	TƏM	䨢 黮 𧡪	䨢 黮 𧡪	徒感	定覃開一上	domq	dˤəmʔ	
甚	TƏM	湛 㴴 偡	湛 㴴 偡	徒減	澄咸開二上	dreemq	drˤəmʔ	
甚	TƏM	糂	糂	桑感	心覃開一上	somq		
甚	TƏM	斟 㘰	斟 㘰	職深	章侵開三平	tjim		
甚	TƏM	碪 椹	碪 椹	知林	知侵開三平	trim	trəm	
甚	TƏM	戡	戡	張甚	知侵開三上	trimq		
甚	TƏM	揕	揕	知鴆	知侵開三去	trimh		
甚	TƏM	𧡪	𧡪	充針	昌侵開三平	tjhim		
甚	TƏM	踸 鍖 䫖	踸 鍖 䫖	丑甚	徹侵開三上	trhimq		
甚	TƏM	諶 愖 煁 瘎	諶 愖 煁 瘎	氏任	常侵開三平	djim	dəm	
甚	TƏM	甚	甚	常枕	常侵開三上	djimq	dəmʔ	
甚	TƏM	甚	甚	時鴆	常侵開三去	djimh	dəmh	
甚	TƏM	湛	湛	直深	澄侵開三平	drim	drəm	
甚	TƏM	葚 𣞵	葚 𣞵	食荏	船侵開三上	zjimq	dəmʔ	
甚	TƏM	䤁	䤁	昨淫	從侵開三平	dzim		
甚	TƏM	䤁	䤁	餘針	以侵開三平	jim		
甚	KƏM	堪 戡 嵁	堪 戡 嵁	口含	溪覃開一平	khom	kʰˤəm	
甚	KƏM	歁	歁	苦感	溪覃開一上	khomq		
甚	KƏM	勘 𧗀 𪉯 磡	勘 𧗀 𪉯 磡	苦紺	溪覃開一去	khomh	kʰˤəmh	
甚	KƏM	歁	歁	口荅	溪合開一入	khop		
甚	KƏM	嵁	嵁	苦咸	溪咸開二平	kheem		
甚	KƏM	嵁	嵁	五含	疑覃開一平	ngom		
甚	KƏM	嵁	嵁	五感	疑覃開一上	ngomq		
甚	KƏM	嵁	嵁	士減	崇咸開二上	dzreemq		
冘	TƏM	耽 眈 酖 妉 𡖓	耽 眈 酖 妉 𡖓	丁含	端覃開一平	tom	tˤəm	
冘	TƏM	黕 耽 𡖓 衴 䪴 瓭 抌	黕 耽 𡖓 衴 䪴 瓭 抌	都感	端覃開一上	tomq	tˤəmʔ	
冘	TƏM	紞 䒞	紞 䒞	都敢	端談開一上	tamq		
冘	TƏM	馾 𩈉	馾 𩈉	丁紺	端覃開一去	tomh		
冘	TƏM	𧖺 䏙	𧖺 䏙	他感	透覃開一上	thomq		
冘	TƏM	眈 㽎	眈 㽎	徒含	定覃開一平	dom	dˤəm	
冘	TƏM	髧	髧	徒感	定覃開一上	domq		
冘	TƏM	枕 䪴 䫬	枕 䪴 䫬	章荏	章侵開三上	tjimq	təmʔ	
冘	TƏM	枕	枕	之任	章侵開三去	tjimh		
冘	TƏM	㱽	㱽	張甚	知侵開三上	trimq		
冘	TƏM	㓄	㓄	知鴆	知侵開三去	trimh		
冘	TƏM	訦 忱 㽸	訦 忱 㽸	氏任	常侵開三平	djim	dəm	
冘	TƏM	訦	訦	常枕	常侵開三上	djimq		
冘	TƏM	沈 沉 𤘣 莐 䒞 霃 枕 鈂	沈 沉 𤘣 莐 䒞 霃 枕 鈂	直深	澄侵開三平	drim	drəm	
冘	TƏM	鴆 沈 㼉	鴆 沈 㼉	直禁	澄侵開三去	drimh	drəmh	
冘	TƏM	沈 邥 魫	沈 邥 魫	式任	書侵開三上	sjimq	stəmʔ	
冘	TƏM	冘	冘	餘針	以侵開三平	jim		·冘，《說文》：「冘，淫淫，行皃。」沈濤《古本考》、段玉裁《注》謂「淫淫」本作「冘冘」。
冘	TƏM	𣜣 鈂	𣜣 鈂	昨淫	從侵開三平	dzim		
冘	TƏM	㱽	㱽	巨金	羣侵開三B平	gyim		
冘	TƏM	㽎	㽎	許金	曉侵開三B平	hyim		
丼	—	丼	丼	都感	端覃開一上	tomq		·丼，《廣韻》：「丼，姓也。」
丼	—	𩾺	𩾺	丁紺	端覃開一去	tomh		
而	NƏ	㾍	㾍	奴來	泥咍開一平	neoj		
而	NƏ	耐 耏	耐 耏	奴代	泥咍開一去	neojh	nˤəh	
而	NƏ	䎠	䎠	奴禾	泥歌合一平	nwa		
而	NƏ	而 栭 𣚊 𨼏 陾 陑 髵 峏 𨎪 輀 𦠌 胹 𦓒 𩰴 洏 鮞 耏 䎠 鴯	而 栭 𣚊 𨼏 陾 陑 髵 峏 𨎪 輀 𦠌 胹 𦓒 𩰴 洏 鮞 耏 䎠 鴯	如之	日之開三平	njy	nə	
而	NƏ	鮞	鮞	如六	日屋三入	njuk		
而	NƏ	恧	恧	女力	孃職開三入	nryk		
而	NƏ	恧 𦗂	恧 𦗂	女六	孃屋三入	nruk		·恧，心慚，又作「聏」、「𦗂」。《說文》：「恧，慙也。从心，而聲。」段玉裁注：「古音在一部，音轉入三部。」
耳	NƏ	佴	佴	奴代	泥咍開一去	neojh	nˤəh	
耳	NƏ	眲	眲	尼戹	孃麥開二入	nreek		
耳	NƏ	恥	恥	敕里	徹之開三上	trhyq	n̥rəʔ	
耳	NƏ	咡 誀	咡 誀	如之	日之開三平	njy	nə	
耳	NƏ	耳 洱 駬 䋙 𪕔	耳 洱 駬 䋙 𪕔	而止	日之開三上	njyq	nəʔ	
耳	NƏ	餌 𩱓 珥 衈 毦 咡 刵 佴 誀 洱 䎶 㛅 䏪 䣵 眲 𦖢	餌 𩱓 珥 衈 毦 咡 刵 佴 誀 洱 䎶 㛅 䏪 䣵 眲 𦖢	仍吏	日之開三去	njyh	nəh	
耳	NƏ	髶	髶	而至	日脂開三去	njih		
耳	NƏ	聻	聻	乃里	孃之開三上	nryq		
耳	NƏ	䣵	䣵	女利	孃脂開三去	nrih		
能	NƏ NƏŊ	態	態	他代	透咍開一去	theojh	n̥ˤəh	
能	NƏ NƏŊ	能	能	奴來	泥咍開一平	neoj	nˤə	
能	NƏ NƏŊ	螚 能 𣉘	螚 能 𣉘	奴代	泥咍開一去	neojh	nˤəh	
能	NƏ NƏŊ	能	能	奴登	泥登開一平	neong	nˤəŋ	
能	NƏ NƏŊ	能	能	奴等	泥登開一上	neongq		
能	NƏ NƏŊ	䘅 𣉘	䘅 𣉘	奴勒	泥德開一入	neok	nˤək	
𠧟	NƏ	迺	迺	奴亥	泥咍開一上	neojq	nˤəʔ	
乃	NƏ NƏŊ	乃 鼐	乃 鼐	奴亥	泥咍開一上	neojq	nˤəʔ	
乃	NƏ NƏŊ	疓	疓	如亥	日廢開三上	njyojq		·疓，病也。《廣雅》：「疓，病也。」《名義》如亥反；《玉篇》奴亥反；《廣雅音註》女駭、而亥二反；《廣韻》如亥切。如亥切乃日母一等，於韻例不合，此切語當襲自早期韻書；《切韻》音系當爲泥母一等，與奴亥切同。
乃	NƏ NƏŊ	鼐	鼐	奴代	泥咍開一去	neojh	nˤəh	
乃	NƏ NƏŊ	仍 艿 䚮 辸 礽 扔 㭁	仍 艿 䚮 辸 礽 扔 㭁	如乗	日蒸開三平	njyng	nəŋ	
乃	NƏ NƏŊ	扔 芿 㭁	扔 芿 㭁	而證	日蒸開三去	njyngh	nəŋh	
疒	—	疒	疒	尼戹	孃麥開二入	nreek		·疒，《說文》：「𤕫，倚也。人有疾病，象倚箸之形。凡𤕫之屬皆从𤕫。」本｛疾｝之初文，後棄而不用。中古音該詞士莊切、尼戹切，前者當是由「爿」旁附會｛牀｝之音；後者似與訓“病”之｛疓｝*nˤəʔ同源。待考。
刃	NƏN	涊	涊	乃殄	泥先開四上	nenq	nˤənʔ	
刃	NƏN	㲽	㲽	奴甸	泥先開四去	nenh	nˤənh	
刃	NƏN	忍 荵 涊	忍 荵 涊	而軫	日真開三上	njinq	nənʔ	
刃	NƏN	刃 認 肕 韌 仞 軔 牣 杒 訒 𢂻	刃 認 肕 韌 仞 軔 牣 杒 訒 𢂻	而振	日真開三去	njinh	nənh	
刃	NƏN	認	認	而證	日蒸開三去	njyngh		
刃	NƏN	㠴	㠴	人質	日質開三入	njit		
刃	NƏN	䏰	䏰	如順	日真合三去	njwinh		
刃	NƏN	紉	紉	女鄰	孃真開三平	nrin	nrən	
刃	NƏN	䵑	䵑	尼質	孃質開三入	nrit		
男	NƏM	男	男	那含	泥覃開一平	nom	nˤəm	
南	NƏM	南 楠	南 楠	那含	泥覃開一平	nom	nˤəm	
南	NƏM	腩 湳 䈒 揇 萳	腩 湳 䈒 揇 萳	奴感	泥覃開一上	nomq	nˤəmʔ	
南	NƏM	諵 喃	諵 喃	女咸	孃咸開二平	nreem		
南	NƏM	諵	諵	尼賺	孃咸開二去	nreemh		
南	NƏM	罱	罱	盧敢	來談開一上	lamq		·罱，又作「𦊔」。《玉篇》女感切；《廣韻》盧敢切；《集韻》乃感切。
南	NƏM	𢆉	𢆉	如甚	日侵開三上	njimq		·𢆉，《說文》：「𢆉，㨖也。从干。入一爲干；入二爲𢆉。讀若{能}[飪]。言稍甚也。」段玉裁注：「讀若飪。同音也。如審切。七部。南从𢆉聲。」此音蓋自「南」字剝離而來（參考：季旭昇《說文新證》2014版P146-147），故置於「南」聲系。古文字中的「南」實爲整體表意字，非許慎所謂「𢆉」聲字。
南	NƏM	䋻	䋻	女心	孃侵開三平	nrim		
壬	NƏM	任 鵀 恁 壬 紝 銋 䛘	任 鵀 恁 壬 紝 銋 䛘	如林	日侵開三平	njim	nəm	
壬	NƏM	荏 飪 餁 栠 恁 袵 䏕 䇮 銋	荏 飪 餁 栠 恁 袵 䏕 䇮 銋	如甚	日侵開三上	njimq	nəmʔ	
壬	NƏM	妊 絍 鵀 任 衽	妊 絍 鵀 任 衽	汝鴆	日侵開三去	njimh	nəmh	
壬	NƏM	䣸	䣸	而琰	日鹽開三上	njiemq		
壬	NƏM	䛘 鵀	䛘 鵀	女心	孃侵開三平	nrim	nrəm	
壬	NƏM	拰	拰	尼凜	孃侵開三上	nrimq		
壬	NƏM	賃	賃	乃禁	孃侵開三去	nrimh	nrəmh	
入	NƏP NUT	納 䪏 蒳 軜 衲 魶 妠 㨥	納 䪏 蒳 軜 衲 魶 妠 㨥	奴荅	泥合開一入	nop	nˤəp	
入	NƏP NUT	內	內	奴對	泥灰合一去	nojh	nˤəph	·內，早周由緝部入物部nˤəph>nˤus。
入	NƏP NUT	妠	妠	奴紺	泥覃開一去	nomh		
入	NƏP NUT	魶 𩚛	魶 𩚛	奴盍	泥盍開一入	nap		
入	NƏP NUT	㶧	㶧	乃本	泥魂合一上	nonq		
入	NƏP NUT	抐	抐	奴困	泥魂合一去	nonh		
入	NƏP NUT	訥 㕯 肭 抐 𣧍	訥 㕯 肭 抐 𣧍	内骨	泥沒合一入	not	nˤut	
入	NƏP NUT	㘨	㘨	奴協	泥怗開四入	nep		
入	NƏP NUT	豽 㕯 肭	豽 㕯 肭	女滑	孃黠合二入	nrweet	nrˤut	
入	NƏP NUT	妠	妠	女刮	孃鎋合二入	nrwaet		
入	NƏP NUT	𩬳 <𩬀>	𩬳 𩬀	陟賄	端灰合一上	tojq		·𩬳，《廣韻》：「𩬳，陟賄切。假髮髻也。一。」unt據其中古音疑爲「𩬀」之訛，且從之。
入	NƏP NUT	入	入	人執	日緝開三入	njip	nəp	
入	NƏP NUT	芮 汭 枘 蜹 笍 鈉	芮 汭 枘 蜹 笍 鈉	而銳	日祭合三去	njwiejh	nəph	
入	NƏP NUT	蜹	蜹	以芮	日祭合三去	njwiejh	nəph	·蜹，蚊蟲，又作「蚋」。《爾雅·釋蟲》：「蠓，蠛蠓」郭璞注：「小蟲，似蚋，喜亂飛。」陸德明釋文：「蜹，人銳反。《字林》人劣反。又作蚋，字同。秦人謂蚊為蜹。」以芮切之以母讀法與「芮」聲不合，疑早期字韻書或音義書切語上字本作「人」（如《字林》人劣反、《釋文》人銳反），或誤識爲「以」，王仁昫《切韻》遂據以誤入以母、而無日母之音，《廣韻》襲誤音而又增正音。
入	NƏP NUT	焫 蜹 㕯	焫 蜹 㕯	如劣	日薛合三入	njwiet		
入	NƏP NUT	䄲	䄲	而瑞	日支合三去	njwieh		
入	NƏP NUT	𦮾	𦮾	尼立	孃緝開三入	nrip		
入	NƏP NUT	𤴘	𤴘	尼輒	孃葉開三入	nriep		·𤴘，《說文》：「𤴘，機下足所履者。从止从又，入聲。」
入	NƏP NUT	吶	吶	女劣	孃薛合三入	nrwiet		
入	NƏP NUT	㨅	㨅	女恚	孃支合三去	nrwieh		
入	NƏP NUT	𨧨	𨧨	除芮	澄祭合三去	drwiejh		
入	NƏP NUT	笍	笍	陟衛	知祭合三去	trwiejh		
廿	NƏP	廿	廿	人執	日緝開三入	njip	nəp	·廿，「二十」之合音。
帇	—	帇 𥬬	帇 𥬬	尼輒	孃葉開三入	nriep		·帇，《說文》：「𦘒，手之疌巧也。从又持巾。」古文字無此「𦘒」字，疑「帇」與「𤴘」有形與音上的關係。
才	TSƏ	烖 灾 𤆎 栽 哉 𢦏 𦳦 渽 睵	烖 灾 𤆎 栽 哉 𢦏 𦳦 渽 睵	祖才	精咍開一平	tseoj	tsˤə	
才	TSƏ	載	載	作亥	精咍開一上	tseojq	tsˤəʔ	
才	TSƏ	載 𨚵 𩛥 䵧	載 𨚵 𩛥 䵧	作代	精咍開一去	tseojh	tsˤəh	
才	TSƏ	睵 䞗	睵 䞗	倉才	清咍開一平	tsheoj	tsʰˤə	
才	TSƏ	䞗	䞗	楚皆	初皆開二平	tsrheej		
才	TSƏ	裁 財 才 材 䴭 溨 鼒 𦬁	裁 財 才 材 䴭 溨 鼒 𦬁	昨哉	從咍開一平	dzeoj	dzˤə	
才	TSƏ	在	在	昨宰	從咍開一上	dzeojq	dzˤəʔ	
才	TSƏ	載 裁 在 酨 栽	載 裁 在 酨 栽	昨代	從咍開一去	dzeojh	dzˤəh	
才	TSƏ	豺 𡺵	豺 𡺵	士皆	崇皆開二平	dzreej	dzrˤə	
才	TSƏ	鼒	鼒	子之	精之開三平	tsy	tsə	
才	TSƏ	茬 䊷	茬 䊷	側持	莊之開三平	tsry	tsrə	
才	TSƏ	胾	胾	側吏	莊之開三去	tsryh	tsrəh	
才	TSƏ	蛓	蛓	七吏	清之開三去	tshyh	tsʰəh	
才	TSƏ	蛓 䛋 <𧧟>	蛓 䛋 𧧟	七賜	清支開三去	tshieh		·蛓，《名義》尊吏反；《玉篇》七吏切；《王三》此豉反；《廣韻》七賜、七吏二切。·䛋，謀也。原本《玉篇》：「誎。千吏反。《字書》：『謀也。』」《名義》：「䛋，千吏反。謀。」《玉篇》：「⿰言戍，七賜切。謀也。」《改併四聲篇海》引《奚韻》：「𧧟，謀也。」《王三》此豉反：「䛋，謀。」《廣韻》奇寄、七賜二切。待考。
才	TSƏ	茬	茬	士之	崇之開三平	dzry	dzrə	
才	TSƏ	䛋 <𧧟>	䛋 𧧟	奇寄	羣支開三B去	gyeh		·䛋，「𧧟」之訛字，見七賜切之「䛋」。
絲	TSƏ	兹 孳 嵫 滋 嗞 𪑿 鎡 鰦 鶿 稵	兹 孳 嵫 滋 嗞 𪑿 鎡 鰦 鶿 稵	子之	精之開三平	tsy	tsə	
絲	TSƏ	稵	稵	子幽	精之開三平	tsy		·稵，「稵」本讀之韻，《切韻》系韻書收子幽反一音與字形不合，蓋所據材料切語下字本作「絲」、形近訛爲「幽」而誤，說見：楊寶忠《談談近代漢字的特殊變易》。
絲	TSƏ	螆	螆	七吏	清之開三去	tshyh		
絲	TSƏ	慈 礠 鶿 濨 兹	慈 礠 鶿 濨 兹	疾之	從之開三平	dzy	dzə	
絲	TSƏ	絲 蕬	絲 蕬	息兹	心之開三平	sy	sə	
采	TSƏ	采 採 綵 寀 彩 䰂 㥒	采 採 綵 寀 彩 䰂 㥒	倉宰	清咍開一上	tsheojq	tsʰˤəʔ	
采	TSƏ	菜 埰 棌 䰂 䐆	菜 埰 棌 䰂 䐆	倉代	清咍開一去	tsheojh	tsʰˤəh	
甾	TSƏ	菑 甾 𦸜 淄 㿳 輜 錙 鶅 緇 椔 鯔 䎩 䣎	菑 甾 𦸜 淄 㿳 輜 錙 鶅 緇 椔 鯔 䎩 䣎	側持	莊之開三平	tsry	tsrə	
甾	TSƏ	椔 鶅	椔 鶅	側吏	莊之開三去	tsryh	tsrəh	
甾	TSƏ	輜	輜	楚持	初之開三平	tsrhy	tsʰrə	
再	TSƏ	再	再	作代	精咍開一去	tseojh	tsˤəh	
再	TSƏ	洅	洅	子罪	精灰合一上	tsojq		
宰	TSƏ	宰 縡 䏁	宰 縡 䏁	作亥	精咍開一上	tseojq	tsˤəʔ	
宰	TSƏ	縡	縡	作代	精咍開一去	tseojh		
宰	TSƏ	梓	梓	即里	精之開三上	tsyq	tsəʔ	·梓，《說文》：「梓，楸也。从木，宰省聲。榟，或不省。」
宰	TSƏ	滓 䔂	滓 䔂	阻史	莊之開三上	tsryq	tsrəʔ	
宰	TSƏ	𦞤	𦞤	息利	心脂開三去	sih		·𦞤，《說文》：「囟，頭會匘蓋也。象形。凡囟之屬皆从囟。𦞤，或从肉、宰。𠙷，古文囟字。」
史	TSƏ	事 剚 倳	事 剚 倳	側吏	莊之開三去	tsryh	tsrəh	
史	TSƏ	事	事	鉏吏	崇之開三去	dzryh	dzrəh	
史	TSƏ	史 使 駛 𩰢	史 使 駛 𩰢	踈士	生之開三上	sryq	srəʔ	
史	TSƏ	駛 使 𣳪 𧳅 𩰢 𨽄 𥥥	駛 使 𣳪 𧳅 𩰢 𨽄 𥥥	踈吏	生之開三去	sryh	srəh	
士	TSƏ	士 仕	士 仕	鉏里	崇之開三上	dzryq	dzrəʔ	
子	TSƏ	孜 孖 仔	孜 孖 仔	子之	精之開三平	tsy	tsə	
子	TSƏ	子 㜽 仔 虸 耔 秄 杍	子 㜽 仔 虸 耔 秄 杍	即里	精之開三上	tsyq	tsəʔ	
子	TSƏ	字 牸 孳 茡 芓 孖	字 牸 孳 茡 芓 孖	疾置	從之開三去	dzyh	dzəh	
𡿧	TSƏ	災 𡿧 菑	災 𡿧 菑	祖才	精咍開一平	tseoj	tsˤə	
灾	—	灾	灾	祖才	精咍開一平	tseoj	tsˤə	
蚝	—	蚝	蚝	七吏	清之開三去	tshyh		·蚝，从「虫」从「毛」，會意。
思	SƏ	偲	偲	倉才	清咍開一平	tsheoj	tsʰˤə	
思	SƏ	鰓 揌 䚡 顋 愢 𪃄	鰓 揌 䚡 顋 愢 𪃄	蘇來	心咍開一平	seoj	sˤə	
思	SƏ	崽	崽	山皆	生皆開二平	sreej	srˤə	
思	SƏ	崽 諰	崽 諰	山佳	生佳開二平	sree		
思	SƏ	颸	颸	楚持	初之開三平	tsrhy		
思	SƏ	思 恖 罳 緦 𥯨 禗 偲 楒	思 恖 罳 緦 𥯨 禗 偲 楒	息兹	心之開三平	sy	sə	
思	SƏ	𤟧 葸 諰	𤟧 葸 諰	胥里	心之開三上	syq	səʔ	
思	SƏ	思	思	相吏	心之開三去	syh	səh	
曾	TSƏŊ	增 憎 磳 曾 矰 罾 熷 䎖 竲 橧 譄 𦼏	增 憎 磳 曾 矰 罾 熷 䎖 竲 橧 譄 𦼏	作滕	精登開一平	tseong	tsˤəŋ	
曾	TSƏŊ	增	增	子鄧	精登開一去	tseongh		
曾	TSƏŊ	蹭 𠟂	蹭 𠟂	千鄧	清登開一去	tsheongh	tsʰˤəŋh	
曾	TSƏŊ	噌	噌	楚耕	初耕開二平	tsrheeng	tsʰrˤəŋ	
曾	TSƏŊ	層 曾 䁬	層 曾 䁬	昨楞	從登開一平	dzeong	dzˤəŋ	
曾	TSƏŊ	贈 𪒟	贈 𪒟	昨亘	從登開一去	dzeongh	dzˤəŋh	
曾	TSƏŊ	鏳	鏳	士耕	崇耕開二平	dzreeng		
曾	TSƏŊ	僧 鬙 䒏	僧 鬙 䒏	蘇增	心登開一平	seong	sˤəŋ	
曾	TSƏŊ	㬝	㬝	蘇公	心東一平	soung		
曾	TSƏŊ	䆵	䆵	宅耕	澄耕開二平	dreeng		
曾	TSƏŊ	甑 䰝 𩱭 䙢	甑 䰝 𩱭 䙢	子孕	精蒸開三去	tsyngh	tsəŋh	
曾	TSƏŊ	潧	潧	側詵	莊臻開三平	tsryin		·潧，水名，今作「溱」。《說文》：「潧，水。出鄭國。从水曾聲。《詩》曰：『潧與洧，方渙渙兮。』」今本《毛詩·鄭風·溱洧》作「溱與洧」。
曾	TSƏŊ	繒 鄫 驓 橧 竲 嶒	繒 鄫 驓 橧 竲 嶒	疾陵	從蒸開三平	dzyng	dzəŋ	
曾	TSƏŊ	磳	磳	仕兢	崇蒸開三平	dzryng		
畟	TSƏK	稷 㮨 㹄 畟 𤠎	稷 㮨 㹄 畟 𤠎	子力	精職開三入	tsyk	tsək	
畟	TSƏK	畟 𦔎	畟 𦔎	初力	初職開三入	tsrhyk	tsʰrək	
畟	TSƏK	溭	溭	士力	崇職開三入	dzryk	dzrək	
則	TSƏK	則 𠟻 𠟭	則 𠟻 𠟭	子德	精德開一入	tseok	tsˤək	
則	TSƏK	𣿐	𣿐	昨代	從咍開一去	dzeojh		
則	TSƏK	賊 𧵪 鱡 鰂 蠈 𣿐 𦽒	賊 𧵪 鱡 鰂 蠈 𣿐 𦽒	昨則	從德開一入	dzeok	dzˤək	
則	TSƏK	𡬙	𡬙	思贈	心登開一去	seongh		
則	TSƏK	𢯩 萴 側	𢯩 萴 側	阻力	莊職開三入	tsryk	tsrək	
則	TSƏK	測 惻 𡍫	測 惻 𡍫	初力	初職開三入	tsrhyk	tsʰrək	
則	TSƏK	廁	廁	初吏	初之開三去	tsrhyh	tsʰrəkh	
則	TSƏK	𢯩	𢯩	秦力	從職開三入	dzyk		
則	TSƏK	崱 萴	崱 萴	士力	崇職開三入	dzryk	dzrək	
夨	TSƏK	稄 <𥟔> 𥟔 𣅔 仄 昃 㳁 夨 𠨮	稄 𥟔 𥟔 𣅔 仄 昃 㳁 夨 𠨮	阻力	莊職開三入	tsryk	tsrək	·稄，《名義》：「𥟔，壯力反。福丸丶。」P.2014《切韻·職韻》：「⿰禾⿱䀠六，禾稠稫〻。」鄭張尚芳《上古音系》：「稄，又从昃，疑爲稷省訛。」其說似非，疑「稄」爲「𥟔」之訛字。
夨	TSƏK	𡸦	𡸦	士力	崇職開三入	dzryk		
𡫳	SƏK	塞 𡫼 寨 㥶 𢥛	塞 𡫼 寨 㥶 𢥛	蘇則	心德開一入	seok	sˤək	
𡫳	SƏK	賽 簺 塞 𢞝	賽 簺 塞 𢞝	先代	心咍開一去	seojh	sˤəkh	
𡫳	SƏK	僿	僿	式吏	書之開三去	sjyh		·僿，《史記·高祖本紀》：「文之敝，小人以僿，故救僿莫若以忠。」裴駰集解：「僿，徐廣曰：一作『薄』。駰案：《史記音隱》曰：『僿音西志反。』鄭玄曰：『文，尊卑之差也。薄，苟習文法，無悃誠也。』」司馬貞索隱：「僿，鄭音先代反，鄒本作『薄』，音扶各反，本一作「僿」，而徐廣云一作「薄」，是本互不同也。裴又引音隱云：『僿音先志反』，僿、塞聲相近故也。蓋僿猶薄之義也。」《裴韻·至韻》息利反：「僿，〻猶細砕也。《史記》：小[人以]僿。」《廣韻》音式志切，此書母讀法與「塞」聲不密合。未詳。
息	SƏK	息 㮩 鄎 瘜 蒠 熄 𦞜 䭒 㴧 𥰝 𪄛	息 㮩 鄎 瘜 蒠 熄 𦞜 䭒 㴧 𥰝 𪄛	相即	心職開三入	syk	sək	
西	SƏI	西 卤 𠧧 栖 粞	西 卤 𠧧 栖 粞	先稽	心齊開四平	sej	sˤəi	
西	SƏI	洒	洒	先禮	心齊開四上	sejq	sˤəiʔ	·洒，又作「洗」。
西	SƏI	栖	栖	蘇計	心齊開四去	sejh		
西	SƏI	粞 毢	粞 毢	蘇來	心咍開一平	seoj		·毢，又作「毸」。
西	SƏI	洒	洒	所賣	生佳開二去	sreeh		·洒，《說文》：「洒，滌也。从水、西聲。古文[以]爲灑埽字。」，《毛詩·山有樞》「弗洒弗掃」毛傳：「洒，灑也。」
西	SƏI	茜	茜	倉甸	清先開四去	tshenh		
西	SƏI	哂	哂	式忍	書真開三上	sjinq		
存	TSƏN	存 拵 𨚲 袸	存 拵 𨚲 袸	徂尊	從魂合一平	dzon	dzˤən	·存，見訓讀字表。
存	TSƏN	臶 栫	臶 栫	徂悶	從魂合一去	dzonh	dzˤənh	
存	TSƏN	荐 洊 臶 栫 袸	荐 洊 臶 栫 袸	在甸	從先開四去	dzenh	dzˤənh	
薦	TSƏN	瀳 韉	瀳 韉	則前	精先開四平	tsen	tsˤən	
薦	TSƏN	薦 𧲛	薦 𧲛	作甸	精先開四去	tsenh	tsˤənh	
薦	TSƏN	䍎	䍎	倉甸	清先開四去	tshenh	tsʰˤənh	
薦	TSƏN	䍎	䍎	倉困	清魂合一去	tshonh	tsʰˤənh	
薦	TSƏN	瀳 𨷳	瀳 𨷳	在甸	從先開四去	dzenh	dzˤənh	
先	SƏN	先 𥑻	先 𥑻	蘇前	心先開四平	sen	sˤən	
先	SƏN	銑 洗 跣 毨 姺 箲 筅 㭠 𦭶 𩶤	銑 洗 跣 毨 姺 箲 筅 㭠 𦭶 𩶤	蘇典	心先開四上	senq	sˤənʔ	
先	SƏN	㪇 先	㪇 先	蘇佃	心先開四去	senh	sˤənh	
先	SƏN	洗	洗	先禮	心齊開四上	sejq		·洗，又作「洒」。
先	SƏN	駪 兟 詵 侁 姺 𢓠	駪 兟 詵 侁 姺 𢓠	所臻	生臻開三平	sryin	srən	
丳	—	丳	丳	初限	初山開二上	tsrheenq		·丳，可參：笹原宏之《“串”字探源——以“串”表扦子之意爲中心》。
參	TSƏM	篸	篸	作含	精覃開一平	tsom		
參	TSƏM	篸	篸	作紺	精覃開一去	tsomh		
參	TSƏM	䟃 㜗	䟃 㜗	七合	清合開一入	tshop	tsʰˤəp	
參	TSƏM	遪	遪	士合	清合開一入	tshop		
參	TSƏM	參 驂 䟃 傪 㜗	參 驂 䟃 傪 㜗	倉含	清覃開一平	tshom	tsʰˤəm	
參	TSƏM	慘 黲 㜗 傪 䫩	慘 黲 㜗 傪 䫩	七感	清覃開一上	tshomq	tsʰˤəmʔ	
參	TSƏM	謲 參 㽩	謲 參 㽩	七紺	清覃開一去	tshomh	tsʰˤəmh	
參	TSƏM	黲	黲	倉敢	清談開一上	tshamq	tsʰˤamʔ	
參	TSƏM	毿 蔘 犙	毿 蔘 犙	蘇含	心覃開一平	som	sˤəm	
參	TSƏM	犙	犙	山幽	心覃開一平	som		·犙，楊寶忠謂：「『犙』爲歷史傳承字，漢代以後文獻少有用例，其字箋註本《切韻》僅有山幽反一讀，至《集韻》《類篇》多至六讀者，此緣歷史音變與傳抄失誤也。《玉篇》『犙』字山含、且含兩讀，箋註本《切韻》讀《幽韻》山幽反者，蓋所據舊音本作山函（與『山含』音同）反，形近誤作山幽反，故箋註本《切韻》將其字收入《幽韻》。……中古以後，幽、尤二韻相混，故『犙』字又讀作所鳩反。」說見：楊寶忠《談談近代漢字的特殊變易》。
參	TSƏM	犙	犙	所鳩(幽)	心覃開一平	som		·犙，見山幽切之「犙」。
參	TSƏM	糝 𢕕 㧲 槮 䫩 䊉	糝 𢕕 㧲 槮 䫩 䊉	桑感	心覃開一上	somq	sˤəmʔ	
參	TSƏM	俕 䫅	俕 䫅	蘇紺	心覃開一去	somh		·俕、䫅，其所從之「宋」乃「參」之變，非「宋」字，說見：楊寶忠《疑難字續考》P335-336。「浨」「䊉」二字亦然。或以此說「宋」古音在侵部，謬。
參	TSƏM	參 鬖	參 鬖	蘇甘	心談開一平	sam	sˤam	
參	TSƏM	摻 𩌰 㺑	摻 𩌰 㺑	所咸	生咸開二平	sreem	srˤəm	
參	TSƏM	摻 㺑 醦	摻 㺑 醦	所斬	生咸開二上	sreemq	srˤəmʔ	
參	TSƏM	縿 穇 𩌰	縿 穇 𩌰	所銜	生銜開二平	sraem	srˤam	
參	TSƏM	㺑	㺑	山檻	生銜開二上	sraemq		
參	TSƏM	嵾 參 𥤇 槮	嵾 參 𥤇 槮	楚簪	初侵開三平	tsrhyim	tsʰrəm	
參	TSƏM	墋 醦 磣	墋 醦 磣	初朕	初侵開三上	tsrhyimq	tsʰrəmʔ	
參	TSƏM	參 曑 蔘 槮	參 曑 蔘 槮	所今	生侵開三平	sryim	srəm	
參	TSƏM	瘮 槮	瘮 槮	踈錦	生侵開三上	sryimq		
參	TSƏM	滲	滲	所禁	生侵開三去	sryimh	srəmh	
兓	TSƏM	簪 撍 𥸢 䐶 䍼 鐕	簪 撍 𥸢 䐶 䍼 鐕	作含	精覃開一平	tsom	tsˤəm	
兓	TSƏM	昝 <朁> 撍	昝 朁 撍	子感	精覃開一上	tsomq		·昝，「朁」之俗字。
兓	TSƏM	撍	撍	作紺	精覃開一去	tsomh		
兓	TSƏM	噆 䍼	噆 䍼	子荅	精合開一入	tsop		
兓	TSƏM	僭	僭	子念	精添開四去	tsemh		
兓	TSƏM	憯 朁 噆	憯 朁 噆	七感	清覃開一上	tshomq	tsʰˤəmʔ	
兓	TSƏM	憯	憯	青忝	清添開四上	tshemq		
兓	TSƏM	蠶 䣟 𨅔	蠶 䣟 𨅔	昨含	從覃開一平	dzom	dzˤəm	
兓	TSƏM	䣠 <䣟>	䣠 䣟	慈夜(舍)	從覃開一平	dzom	dzˤəm	·䣠，亭名，乃「䣟」之訛字。《切韻》系韻書所收慈夜切之韻母與「朁」聲字形不合，是唐人所據字書反切下字本作「含」（音同昨含切）被誤識爲「舍」，遂收入《禡韻》。說見：楊寶忠《疑難字續考》P248。
兓	TSƏM	㣅 㔆	㣅 㔆	徂感	從覃開一上	dzomq		
兓	TSƏM	𨅔 䣟	𨅔 䣟	徂合	從合開一入	dzop		
兓	TSƏM	䁮	䁮	漸念	從添開四去	dzemh		
兓	TSƏM	糣	糣	桑感	心覃開一上	somq	sˤəmʔ	
兓	TSƏM	兓 𩀿 𪖼 𩻛	兓 𩀿 𪖼 𩻛	子心	精侵開三平	tsim	tsəm	
兓	TSƏM	䤐 䭙 䐶	䤐 䭙 䐶	子朕	精侵開三上	tsimq	tsəmʔ	
兓	TSƏM	熸	熸	子廉	精鹽開三平	tsiem		
兓	TSƏM	兂 簪 㻸 撍	兂 簪 㻸 撍	側吟	莊侵開三平	tsryim	tsrəm	
兓	TSƏM	譖	譖	莊蔭	莊侵開三去	tsryimh	tsrəmh	
兓	TSƏM	䤐	䤐	七稔	清侵開三上	tshimq		
兓	TSƏM	㿊	㿊	七然	清仙開三平	tshien		·㿊，痛也，又作「憯」。宋人所收七然切與「朁」聲字形不合，待考。
兓	TSƏM	鬵 嶜 灊	鬵 嶜 灊	昨淫	從侵開三平	dzim	dzəm	
兓	TSƏM	潛 朁 鬵 灊 䁮	潛 朁 鬵 灊 䁮	昨鹽	從鹽開三平	dziem	dzam	
兓	TSƏM	潛	潛	慈豔	從鹽開三去	dziemh	dzamh	
兓	TSƏM	𣠟 𩅨 𩻛 䅾	𣠟 𩅨 𩻛 䅾	鋤針	崇侵開三平	dzryim	dzrəm	
兓	TSƏM	䅾	䅾	巨金	羣侵開三B平	gyim		·䅾，禾苗將秀。《切韻》系韻書收群母音，與「朁」聲不諧，待考。
兓	TSƏM	灊 鬵	灊 鬵	徐林	邪侵開三平	zim		
侵	TSƏM	祲 梫 埐 綅 𥍯	祲 梫 埐 綅 𥍯	子心	精侵開三平	tsim	tsəm	
侵	TSƏM	寖	寖	子朕	精侵開三上	tsimq	tsəmʔ	
侵	TSƏM	浸 濅 𥧲 祲	浸 濅 𥧲 祲	子鴆	精侵開三去	tsimh	tsəmh	
侵	TSƏM	鋟	鋟	子廉	精鹽開三平	tsiem	tsam	
侵	TSƏM	侵 𢔀 駸 浸 䜷 𥍯 綅	侵 𢔀 駸 浸 䜷 𥍯 綅	七林	清侵開三平	tshim	tsʰəm	
侵	TSƏM	寑 𡪢 寢 梫 㾛 𡬓 𦯈 鋟	寑 𡪢 寢 梫 㾛 𡬓 𦯈 鋟	七稔	清侵開三上	tshimq	tsʰəmʔ	
侵	TSƏM	䈜	䈜	七鴆	清侵開三去	tshimh		
侵	TSƏM	梫 駸	梫 駸	楚簪	初侵開三平	tsrhyim	tsʰrəm	
侵	TSƏM	埐	埐	昨淫	從侵開三平	dzim		
侵	TSƏM	綅 𦃌 䯹	綅 𦃌 䯹	息廉	心鹽開三平	siem	sam	
侵	TSƏM	薓	薓	所今	生侵開三平	sryim		
岑	TSƏM	䰼	䰼	徂感	從覃開一上	dzomq		
岑	TSƏM	𩷒 䰼 梣	𩷒 䰼 梣	昨淫	從侵開三平	dzim	dzəm	
岑	TSƏM	岑 涔 梣 笒	岑 涔 梣 笒	鋤針	崇侵開三平	dzryim	dzrəm	·岑，《說文》：「岑，山小而高。从山，今聲。」未詳。
岑	TSƏM	侺	侺	時鴆	常侵開三去	djimh		
心	TSƏM	沁 𠖶 吣	沁 𠖶 吣	七鴆	清侵開三去	tshimh	tsʰəmh	
心	TSƏM	心 𨊳 杺	心 𨊳 杺	息林	心侵開三平	sim	səm	
心	TSƏM	伈	伈	斯甚	心侵開三上	simq		
森	SƏM	森	森	所今	生侵開三平	sryim	srəm	
咠	TSƏP	壻 <𡎎>	壻 𡎎	蘇計	心齊開四去	sejh	sˤ[ə]ph	·壻，《說文》：「壻，夫也。从士、胥聲。」秦漢文字中寫作「𡎎」，「胥」應是「咠」之訛形。說見：李豪《古文字的諧聲系統及相關問題研究》《“壻（婿）”字古音考》、董珊《秦武公銅器銘文的新發現》。
咠	TSƏP	湒 咠 葺 䁒 𥠋	湒 咠 葺 䁒 𥠋	子入	精緝開三入	tsip	tsəp	
咠	TSƏP	楫 檝	楫 檝	即葉	精葉開三入	tsiep	tsap	
咠	TSƏP	戢 𥊬 𧤏 𧥄 蕺 濈 𠿠 霵	戢 𥊬 𧤏 𧥄 蕺 濈 𠿠 霵	阻立	莊緝開三入	tsryip	tsrəp	
咠	TSƏP	緝 葺 諿 𪔪 咠	緝 葺 諿 𪔪 咠	七入	清緝開三入	tship	tsʰəp	
咠	TSƏP	輯 檝 𠦫 箿	輯 檝 𠦫 箿	秦入	從緝開三入	dzip	dzəp	
咠	TSƏP	霵	霵	仕戢	崇緝開三入	dzryip	dzrəp	
咠	TSƏP	揖	揖	伊入	影緝開三A入	qip	ʔəp	·揖，《說文》：「攘也。从手咠聲。一曰手箸胷曰揖。」異體作「挹」者與形聲密合。待考。
帀	TSƏP	帀 迊 𠯗 魳 沞 䞙	帀 迊 𠯗 魳 沞 䞙	子荅	精合開一入	tsop	tsˤəp	
帀	TSƏP	韴	韴	徂合	從合開一入	dzop		
集	TSƏP	囃 𥗭	囃 𥗭	倉雜	清盍開一入	tshap		
集	TSƏP	雜 磼 雥 䕹	雜 磼 雥 䕹	徂合	從合開一入	dzop	dzˤəp	
集	TSƏP	䕹	䕹	在協	從怗開四入	dzep		
集	TSƏP	㗱 潗 䌖 㠍	㗱 潗 䌖 㠍	子入	精緝開三入	tsip	tsˤəp	
集	TSƏP	鏶 穕	鏶 穕	七接	清葉開三入	tshiep		
集	TSƏP	集 𦺴 鏶	集 𦺴 鏶	秦入	從緝開三入	dzip	dzˤəp	
集	TSƏP	䌖	䌖	疾葉	從葉開三入	dziep		
䯂	TSƏP	䯂	䯂	仕戢	崇緝開三入	dzryip		·䯂，《說文》：「䯂，眾盛也。从木、驫聲。《逸周書》曰：『[䯂]疑沮事。』{闕。}」今本《逸周書·文酌》作「聚疑沮事」。段玉裁注：「『驫』見《馬部》，《唐韵》甫虬切；曹憲《廣雅音》曰：香幽、必幽二反；《廣韵》甫烋切、又音標。然則『䯂』音當在三部明矣。而鉉云所臻切，《篇》、《韵》皆同，與許云『驫聲』者不合。葢『燊』屬會意，『䯂』屬形聲，而皆訓盛。『燊』讀若『莘莘征夫』之『莘』，因强同之耳。」段玉裁據「驫」之中古音考「䯂」字歸上古幽部，因謂「䯂」中古音所臻切者乃同義訓讀｛燊｝，理甚明晰。然所據「驫」中古音宵幽韻者，乃左思《吳都賦》「驫䮅飍矞」之「驫」（訓義核心是“馬走皃”），與《說文》「眾馬也」之「驫」字形雖同，然其詞未必同一，不可以今律古。許慎之音難覓，余疑當以《集韻》仕戢切推「驫」之音，是許音「驫」精組緝部、讀｛集｝之同源詞；《說文》「䯂，驫聲」亦精組緝部，《名義》仕戢反得之（《名義》蓋襲自顧野王《玉篇》）。所臻切如段說訓讀｛燊｝、非許慎舊讀。古文字未見「䯂」字，以形音義考之，似與「雧」有關，待考。
亼	—	亼	亼	秦入	從緝開三入	dzip		·亼，《說文》：「𠓛，三合也。从入、一，象三合之形。凡𠓛之屬皆从𠓛。讀若集。」傳世文字系統中的「亼」多來自倒口之形（參：林義光《文源》），古文字無“集合”之「亼」字。楚文字「𰍜」字間或增一橫飾筆，上部因似「亼」形，朱德熙以爲即「亼」聲（說見：朱德熙《壽縣出土楚器銘文研究》），恐顛倒源流。傳世「亼」字本自《說文》系統，或爲許慎析「合」从「亼」而來，以爲有“集合”義而讀｛集｝；或爲許慎析古文“集”（即上述「𰍜」字）而來。可參：張世超《楚文字札記》第一則（《古文字研究》第29輯）。
㗊	—	㗊	㗊	阻立	莊緝開三入	tsryip		·㗊，《說文》：「㗊，眾口也。从四口。凡㗊之屬皆从㗊。讀若戢。又讀若呶。」
歰	SƏP	𢕬	𢕬	蘇合	心合開一入	sop		
歰	SƏP	𢕬	𢕬	初戢	初緝開三入	tsrhyip		
歰	SƏP	歰 澀 澁 㒊	歰 澀 澁 㒊	色立	生緝開三入	sryip	srəp	
𪔧	—	𪔧	𪔧	他協	透怗開四入	thep		·𪔧，《廣韻》：「𪔧，鼓無聲。或作『𪔪』。」又作「𪔪」。《說文》：「𪔪，鼓無聲也。从鼓、咠聲。」《集韻》作「䵿」。
亥	KƏ	餩	餩	愛黑	影德開一入	qeok		
亥	KƏ	該 豥 垓 荄 郂 陔 姟 絯 晐 峐 侅 賅 胲 䬵	該 豥 垓 荄 郂 陔 姟 絯 晐 峐 侅 賅 胲 䬵	古哀	見咍開一平	keoj	kˤə	
亥	KƏ	頦	頦	古亥	見咍開一上	keojq		
亥	KƏ	荄 痎	荄 痎	古諧	見皆開二平	keej	krˤə	
亥	KƏ	㱾 侅 奒 㚊	㱾 侅 奒 㚊	苦哀	溪咍開一平	kheoj	kʰˤə	
亥	KƏ	輆	輆	苦亥	溪咍開一上	kheojq	kʰˤəʔ	
亥	KƏ	欬	欬	苦蓋(愛)	溪咍開一去	kheojh	kʰˤəh	
亥	KƏ	烗 劾	烗 劾	苦戒	溪皆開二去	kheejh		
亥	KƏ	刻	刻	苦得	溪德開一入	kheok	kʰˤək	
亥	KƏ	孩 咳 頦 豥	孩 咳 頦 豥	戸來	匣咍開一平	gheoj	ɡˤə	
亥	KƏ	亥 侅 㧡 𥩲	亥 侅 㧡 𥩲	胡改	匣咍開一上	gheojq	ɡˤəʔ	
亥	KƏ	㤥 劾	㤥 劾	胡槩	匣咍開一去	gheojh	ɡˤəh	
亥	KƏ	骸	骸	戸皆	匣皆開二平	gheej	ɡrˤə	
亥	KƏ	駭 絯 侅	駭 絯 侅	侯楷	匣皆開二上	gheejq	ɡrˤəʔ	
亥	KƏ	劾	劾	胡得	匣德開一入	gheok	ɡˤək	
亥	KƏ	核	核	下革	匣麥開二入	gheek	ɡrˤək	
亥	KƏ	硋 閡	硋 閡	五漑	疑咍開一去	ngeojh	ŋˤəh	
其	KƏ	朞 稘 基 箕 萁 諅 其 錤 諆	朞 稘 基 箕 萁 諅 其 錤 諆	居之	見之開三平	ky	k(r)ə	
其	KƏ	欺 娸 䫥 䫏 𠐾 魌 僛 𪅾 𡖾 䶞	欺 娸 䫥 䫏 𠐾 魌 僛 𪅾 𡖾 䶞	去其	溪之開三平	khy	kʰ(r)ə	
其	KƏ	唭	唭	去吏	溪之開三去	khyh	kʰ(r)əh	
其	KƏ	其 期 旗 綦 綨 𢃛 萁 𧯯 蜝 琪 麒 騏 淇 䳢 錤 藄 棊 櫀 碁 𤪌 璂 鯕 祺 禥 踑 𦪆 䑴 䶞	其 期 旗 綦 綨 𢃛 萁 𧯯 蜝 琪 麒 騏 淇 䳢 錤 藄 棊 櫀 碁 𤪌 璂 鯕 祺 禥 踑 𦪆 䑴 䶞	渠之	羣之開三平	gy	ɡ(r)ə	
其	KƏ	惎 諅 帺	惎 諅 帺	渠記	羣之開三去	gyh	ɡ(r)əh	
𢍁	KƏ	𢍁	𢍁	渠之	羣之開三平	gy	ɡ(r)ə	
𢍁	KƏ	𢍁	𢍁	渠記	羣之開三去	gyh	ɡ(r)əh	·𢍁，古文字從「廾」捧物。有以下用法：①讀爲｛惎｝。《說文·廾部》引《春秋傳》曰：「晉人或以廣墜，楚人𢍉之。」今本《左傳·宣公十二年》：「晉人或以廣隊，不能進，楚人惎之，脫扃。」②讀爲｛騏｝。《說文·廾部》：「𢍉，杜林以爲騏麟字。」③讀爲{𤪌}。阜陽漢簡《詩經》：「□弁伊𢍉(𤪌)。」今本《毛詩·曹風·鳲鳩》作「其弁伊騏」。④讀爲｛棋｝。睡虎地秦簡《爲吏之道》：「凡治事，敢爲固，謁(遏)私圖，畫局陳𢍉(棋)以爲耤(藉)。」
己	KƏ	紀 己 妀 𠮯	紀 己 妀 𠮯	居里	見之開三上	kyq	k(r)əʔ	
己	KƏ	記	記	居吏	見之開三去	kyh	k(r)əh	
己	KƏ	起 邔 杞 屺 玘 芑	起 邔 杞 屺 玘 芑	墟里	溪之開三上	khyq	kʰ(r)əʔ	
己	KƏ	跽	跽	曁几	羣脂開三A上	giq	ɡ(r)əʔ	
己	KƏ	忌 邔 䋟 鵋 誋 梞 𥭜	忌 邔 䋟 鵋 誋 梞 𥭜	渠記	羣之開三去	gyh	ɡ(r)əh	
𠤕	ŊƏ ɁƏ	埃 唉 㶼 欸	埃 唉 㶼 欸	烏開	影咍開一平	qeoj	ʔˤə	
𠤕	ŊƏ ɁƏ	欸 挨	欸 挨	於改	影咍開一上	qeojq	ʔˤəʔ	
𠤕	ŊƏ ɁƏ	𢰇	𢰇	乙諧	影皆開二平	qeej		
𠤕	ŊƏ ɁƏ	挨 唉	挨 唉	於駭	影皆開二上	qeejq	ʔrˤəʔ	
𠤕	ŊƏ ɁƏ	儗	儗	海愛	曉咍開一去	heojh		
𠤕	ŊƏ ɁƏ	欸	欸	許介	曉皆開二去	heejh		
𠤕	ŊƏ ɁƏ	礙 儗 懝	礙 儗 懝	五漑	疑咍開一去	ngeojh	ŋˤəh	
𠤕	ŊƏ ɁƏ	騃 𤶗	騃 𤶗	五駭	疑皆開二上	ngeejq	ŋrˤəʔ	
𠤕	ŊƏ ɁƏ	譺	譺	五介	疑皆開二去	ngeejh	ŋrˤəh	
𠤕	ŊƏ ɁƏ	俟	俟	渠希	羣微開三平	gyj		
𠤕	ŊƏ ɁƏ	㶼 娭 誒	㶼 娭 誒	許其	曉之開三平	hy	h(r)ə	
𠤕	ŊƏ ɁƏ	疑 嶷 觺	疑 嶷 觺	語其	疑之開三平	ngy	ŋ(r)ə	
𠤕	ŊƏ ɁƏ	擬 儗 薿 譺 𥣖	擬 儗 薿 譺 𥣖	魚紀	疑之開三上	ngyq	ŋ(r)əʔ	
𠤕	ŊƏ ɁƏ	䰯 㘈 譺 㽈 儗	䰯 㘈 譺 㽈 儗	魚記	疑之開三去	ngyh	ŋ(r)əh	
𠤕	ŊƏ ɁƏ	凝	凝	魚陵	疑蒸開三平	ngyng	ŋ(r)əŋ	
𠤕	ŊƏ ɁƏ	凝	凝	牛𩜁	疑蒸開三去	ngyngh		
𠤕	ŊƏ ɁƏ	嶷 薿 㘈 懝 觺	嶷 薿 㘈 懝 觺	魚力	疑職開三入	ngyk	ŋ(r)ək	
𠤕	ŊƏ ɁƏ	俟 竢 涘 騃 𥏳 𢓪	俟 竢 涘 騃 𥏳 𢓪	牀史	俟之開三上	zryq		
𠤕	ŊƏ ɁƏ	矣 𦮸	矣 𦮸	于紀	云之開三上	yq	əʔ	·矣，「𠤕(疑)」之變體，上部變形音化爲「㠯」。說見：李守奎《〈說文〉古文與楚文字互證三則》、張富海《說“矣”》。
𠤕	ŊƏ ɁƏ	𦡸	𦡸	女利	孃脂開三去	nrih		
毐	ɁƏ	毐	毐	烏開	影咍開一平	qeoj	ʔˤə	
毐	ɁƏ	毐	毐	於改	影咍開一上	qeojq	ʔˤəʔ	·毐，《說文》：「毐，人無行也。从士从毋。賈侍中說：秦始皇母與嫪毐淫，坐誅，故世罵淫曰嫪毐。讀若娭。」陳劍先生謂「毐」爲「每」之分化字（說見：陳劍《釋金文“毒”字》），唯聲母不合，未詳。
㝵	—	䙷	䙷	五漑	疑咍開一去	ngeojh		·䙷，東漢以後產生的「礙」之俗字，由「得」去除「彳」以會“不得”之義。可見：裘錫圭《文字學概念(修訂本)》P134-138。
亙	KƏŊ	搄 縆 絙	搄 縆 絙	古恒	見登開一平	keong	kˤəŋ	
亙	KƏŊ	亘 堩 揯 縆 䱎 𥔂	亘 堩 揯 縆 䱎 𥔂	古鄧	見登開一去	keongh	kˤəŋh	·亘，「亙」之訛字，與「宣」、「桓」之聲符同形。
亙	KƏŊ	恆 𢛢 峘	恆 𢛢 峘	胡登	匣登開一平	gheong	ɡˤəŋ	
兢	KƏŊ	兢	兢	居陵	見蒸開三平	kyng	k(r)əŋ	
兢	KƏŊ	殑	殑	其矜	羣蒸開三平	gyng		
兢	KƏŊ	殑	殑	其拯	羣蒸開三上	gyngq		
兢	KƏŊ	殑	殑	其𩜁	羣蒸開三去	gyngh		
肎	KƏŊ	肯 肎	肯 肎	苦等	溪登開一上	kheongq	kʰˤəŋʔ	
䧹	ɁƏŊ	膺 應 𧕄 鷹	膺 應 𧕄 鷹	於陵	影蒸開三平	qyng	ʔ(r)əŋ	
䧹	ɁƏŊ	應 譍 噟	應 譍 噟	於證	影蒸開三去	qyngh	ʔ(r)əŋh	
革¹	KƏK	革 諽 䪂 𦑜	革 諽 䪂 𦑜	古核	見麥開二入	keek	krˤək	
革¹	KƏK	鞂 㮖	鞂 㮖	古黠	見黠開二入	keet		
革¹	KƏK	緙 諽	緙 諽	楷革	溪麥開二入	kheek	kʰrˤək	
戒	KƏK	裓 𢧧	裓 𢧧	古得	見德開一入	keok		
戒	KƏK	祴	祴	古哀	見咍開一平	keoj		
戒	KƏK	誡 戒 悈	誡 戒 悈	古拜	見皆開二去	keejh	krˤəkh	
戒	KƏK	𤈪	𤈪	苦戒	溪皆開二去	kheejh		
戒	KƏK	械 㳦	械 㳦	胡介	匣皆開二去	gheejh	ɡrˤəkh	
戒	KƏK	駴	駴	侯楷	匣皆開二上	gheejq		
戒	KƏK	㖑	㖑	許介	曉皆開二去	heejh		
戒	KƏK	悈	悈	紀力	見職開三入	kyk	k(r)əkh	
亟	KƏK	殛 㥛 亟 𧩦	殛 㥛 亟 𧩦	紀力	見職開三入	kyk	k(r)ək	
亟	KƏK	䩯	䩯	丘力	溪職開三入	khyk	kʰ(r)ək	
亟	KƏK	亟	亟	去吏	溪之開三去	khyh	kʰ(r)əkh	
亟	KƏK	極	極	渠力	羣職開三入	gyk	ɡ(r)ək	
茍	—	茍	茍	紀力	見職開三入	kyk		·茍，《說文》：「茍，自急敕也。从羊省，从包省。从口，口猶愼言也。从羊，羊與義、善、美同意。凡茍之屬皆从茍。𠷜，古文羊不省。」按《說文》「自急敕也」之訓語可分兩部分：在“急”的意義上此「茍」與「亟」、「悈」、「棘」是一詞異體；在“敕”的意義上與｛誡｝同源；且這兩個意義在語源上是相關的。其訓皆與上古見系職部詞有關，是許慎讀「茍」爲職部音，中古字韻書得之。秦漢文字「茍」「亟」形近混淆（可參：邊田剛《漢語史視角下的〈淮南子〉校釋新證》》），許音蓋本於此，鄔可晶說。
克	KƏK	克 剋 勀 𡞢	克 剋 勀 𡞢	苦得	溪德開一入	kheok	kʰˤək	
色	ŊƏK	赩	赩	許極	曉職開三入	hyk	hrək	
色	ŊƏK	色	色	所力	生職開三入	sryk	ŋ̊rək	
𥈜	—	𥈜 𢤋	𥈜 𢤋	許極	曉職開三入	hyk		
𠶷	ɁƏK	噫	噫	烏界	影皆開二去	qeejh		
𠶷	ɁƏK	憶 億 臆 𠶷 繶 醷 澺 薏 𦺳 䗷 𩍖 檍 𣚍 癔	憶 億 臆 𠶷 繶 醷 澺 薏 𦺳 䗷 𩍖 檍 𣚍 癔	於力	影職開三入	qyk	ʔ(r)ək	
𠶷	ɁƏK	意 鷾	意 鷾	於記	影之開三去	qyh	ʔ(r)əkh	
𠶷	ɁƏK	譩 噫	譩 噫	於其	影之開三平	qy		
𠶷	ɁƏK	譩 醷	譩 醷	於擬	影之開三上	qyq		
𠶷	ɁƏK	譩	譩	於希	影微開三平	qyj		
几	KƏI	飢 机 肌 虮	飢 机 肌 虮	居夷	見脂開三B平	kyi	krəi	
几	KƏI	几 麂 㞦 机 䢳 𤜝	几 麂 㞦 机 䢳 𤜝	居履	見脂開三B上	kyiq	krəiʔ	
皆	KƏI	皆 偕 稭 喈 階 𦝨 堦 楷 鶛 湝 𤭧 𩘅 蝔 鍇	皆 偕 稭 喈 階 𦝨 堦 楷 鶛 湝 𤭧 𩘅 蝔 鍇	古諧	見皆開二平	keej	krˤəi	·皆，陳劍先生謂「几」聲。說見：陳劍《甲骨文舊釋“眢”和“𧗓”的兩個字及金文“𫡋”字新釋》。
皆	KƏI	稭	稭	古黠	見黠開二入	keet		
皆	KƏI	𦝨	𦝨	苦蟹	溪佳開二上	kheeq		
皆	KƏI	揩 𦂄 𢔡 𥻄	揩 𦂄 𢔡 𥻄	口皆	溪皆開二平	kheej	kʰrˤəi	
皆	KƏI	楷 𥏪 鍇	楷 𥏪 鍇	苦駭	溪皆開二上	kheejq	kʰrˤəiʔ	
皆	KƏI	揩	揩	苦戒	溪皆開二去	kheejh	kʰrˤəih	
皆	KƏI	諧 𩤠 瑎 湝 龤 蝔	諧 𩤠 瑎 湝 龤 蝔	戸皆	匣皆開二平	gheej	ɡrˤəi	
幾	KƏI	機 譏 嘰 𦺬 磯 鞿 饑 禨 幾 䟇 鐖 僟 璣 𧗇	機 譏 嘰 𦺬 磯 鞿 饑 禨 幾 䟇 鐖 僟 璣 𧗇	居依	見微開三平	kyj	kəi	
幾	KƏI	蟣 幾 穖 𩴆	蟣 幾 穖 𩴆	居狶	見微開三上	kyjq	kəiʔ	
幾	KƏI	禨	禨	居豙	見微開三去	kyjh	kəih	
幾	KƏI	𩴆 畿 㙨 𧰙 𦠄 幾 蟣 𪙧	𩴆 畿 㙨 𧰙 𦠄 幾 蟣 𪙧	渠希	羣微開三平	gyj	ɡəi	
幾	KƏI	䤒 幾	䤒 幾	其旣	羣微開三去	gyjh	ɡəih	
希¹	KƏI	𢓬	𢓬	喜皆	曉皆開二平	heej	hrˤəi	
希¹	KƏI	希 晞 莃 鵗 睎 稀 豨 𧻶 桸 悕 俙 欷	希 晞 莃 鵗 睎 稀 豨 𧻶 桸 悕 俙 欷	香衣	曉微開三平	hyj	həi	·希，傳世「希」聲諸字有兩類讀音：①曉母微部KƏI，「稀」屬此類；②端組脂部TI，「絺」屬此類。《說文》以「絺」爲「希」聲，舊皆從之。安大簡《詩》絺綌之｛絺｝作「⿰希氐」，是「氐」聲字，可見｛絺｝當歸上古端組脂部TI，與牙喉音微部的「希」聲不諧。張富海謂「希」本身應該兼具二音，既是｛絺｝的初文、又可以表示“稀疏”之｛稀｝（說見：張富海《“希”字古音考》），可信。初，林澐釋九年衛鼎〔《集成》02831〕「𧮫」字（見：林沄《新版〈金文編〉正文部分釋字商榷》），其上作線條交織之形。鄔可晶先生謂其上爲是｛綌｝（粗葛布）、｛絺｝（細葛布）共同的初文（見：鄔可晶《說金文“䝳”及相關之字》），甚有啟發性。總言之，古文字作線條交織者，可讀三類讀音，因其線條之稀疏，可爲｛稀｝*həi之表意字；因其密，可爲｛緻｝*drih之表意字（古漢語端組脂部TI有一個表示“細膩”的詞族，其詞如“細緻”的｛緻｝*drih、“細葛布”的｛絺｝*tʰri、“細磨刀石”的｛厎｝*tiʔ）；因其有隙，可爲｛隙｝*kʰrak（與表示“粗葛布”的｛綌｝*kʰrak同源）之表意字；因而一形多用爲三類讀音，是爲三聲系。前二音於傳世文字系統作「希」旁，末者KAK作「𧮫」旁、後隸楷混作「谷」形。
希¹	KƏI	豨 俙 𪖥 霼 唏	豨 俙 𪖥 霼 唏	虚豈	曉微開三上	hyjq	həiʔ	
希¹	KƏI	欷 唏 䮎	欷 唏 䮎	許旣	曉微開三去	hyjh	həih	
希¹	KƏI	㾙 脪	㾙 脪	香靳	曉殷開三去	hynh	hənh	
希¹	KƏI	脪 㾙	脪 㾙	興腎	曉真開三B上	hyinq	hrənʔ	
希¹	KƏI	䛥	䛥	許迄	曉迄開三入	hyt	hət	
希¹	KƏI	桸	桸	許羈	曉支開三B平	hye		
希¹	KƏI	𪖥	𪖥	興倚	曉支開三B上	hyeq		
䨳	—	䨳	䨳	虚器	曉脂開三B去	hyih		·䨳，《說文》：「䨳，見雨而比息。从覞从雨。讀若欷。」
冀	KƏI	冀 兾 驥 懻	冀 兾 驥 懻	几利	見脂開三B去	kyih	krəih	
豈	KƏI ŊƏI	㱯 剴 㨟 䶣 䐩	㱯 剴 㨟 䶣 䐩	古哀	見咍開一平	keoj	kˤəi	
豈	KƏI ŊƏI	䐩	䐩	公回	見灰合一平	koj		
豈	KƏI ŊƏI	愷 凱 颽 塏 暟 鎧 闓 䐩	愷 凱 颽 塏 暟 鎧 闓 䐩	苦亥	溪咍開一上	kheojq	kʰˤəiʔ	
豈	KƏI ŊƏI	鎧 闓	鎧 闓	苦蓋(愛)	溪咍開一去	kheojh	kʰˤəih	
豈	KƏI ŊƏI	㨟 䠽 䱺	㨟 䠽 䱺	戸來	匣咍開一平	gheoj	ɡˤəi	
豈	KƏI ŊƏI	䔇	䔇	胡對	匣灰合一去	ghojh		
豈	KƏI ŊƏI	皚 嵦 敳 㱯 隑 剴 獃	皚 嵦 敳 㱯 隑 剴 獃	五來	疑咍開一平	ngeoj	ŋˤəi	
豈	KƏI ŊƏI	磑	磑	五灰	疑灰合一平	ngoj		
豈	KƏI ŊƏI	磑	磑	五對	疑灰合一去	ngojh		
豈	KƏI ŊƏI	覬 𩥉	覬 𩥉	几利	見脂開三B去	kyih	krəih	
豈	KƏI ŊƏI	豈 䔇	豈 䔇	袪狶	溪微開三上	khyjq	kʰəiʔ	·豈，《說文》：「豈，還師振旅樂也。一曰欲也，登也。从豆，微省聲。」其說不可從。古文字「豈」早見於西周金文（見𧽊簋《集成》04266），構形待考。
豈	KƏI ŊƏI	凒	凒	魚衣	疑微開三平	ngyj		
豈	KƏI ŊƏI	顗 螘	顗 螘	魚豈	疑微開三上	ngyjq	ŋəiʔ	
豈	KƏI ŊƏI	螘	螘	魚倚	疑支開三B上	ngyeq	ŋ(r)aiʔ	
衣	ɁƏI	哀	哀	烏開	影咍開一平	qeoj	ʔˤəi	
衣	ɁƏI	㕈	㕈	於改	影咍開一上	qeojq		
衣	ɁƏI	𤇯	𤇯	烏痕	影痕開一平	qeon		
衣	ɁƏI	㕈	㕈	烏繢	影灰合一去	qojh		
衣	ɁƏI	依 衣 㛄 䧇 㥋	依 衣 㛄 䧇 㥋	於希	影微開三平	qyj	ʔəi	
衣	ɁƏI	扆 㥋 偯 㕈	扆 㥋 偯 㕈	於豈	影微開三上	qyjq	ʔəiʔ	
衣	ɁƏI	衣	衣	於旣	影微開三去	qyjh	ʔəih	
衣	ɁƏI	禕	禕	於離	影支開三B平	qye	ʔrəi	
艮	KƏN ŊƏN	根 跟 𣥦 珢	根 跟 𣥦 珢	古痕	見痕開一平	keon	kˤən	
艮	KƏN ŊƏN	䫀 詪	䫀 詪	古很	見痕開一上	keonq	kˤənʔ	
艮	KƏN ŊƏN	艮 茛 珢 詪	艮 茛 珢 詪	古恨	見痕開一去	keonh	kˤənh	
艮	KƏN ŊƏN	艱	艱	古閑	見山開二平	keen	krˤən	
艮	KƏN ŊƏN	墾 懇 齦 豤	墾 懇 齦 豤	康很	溪痕開一上	kheonq	kʰˤənʔ	
艮	KƏN ŊƏN	齦	齦	起限	溪山開二上	kheenq		
艮	KƏN ŊƏN	豤	豤	苦昆	溪魂合一平	khon		
艮	KƏN ŊƏN	豤	豤	牽繭	溪先開四上	khenq		
艮	KƏN ŊƏN	痕 鞎 拫	痕 鞎 拫	戸恩	匣痕開一平	gheon	ɡˤən	
艮	KƏN ŊƏN	很 䓳	很 䓳	胡墾	匣痕開一上	gheonq	ɡˤənʔ	
艮	KƏN ŊƏN	恨	恨	胡艮	匣痕開一去	gheonh	ɡˤənh	
艮	KƏN ŊƏN	蛝	蛝	戸閒	匣山開二平	gheen		
艮	KƏN ŊƏN	限 硍 䦘	限 硍 䦘	胡簡	匣山開二上	gheenq	ɡˤənʔ	
艮	KƏN ŊƏN	詪	詪	胡典	匣先開四上	ghenq		
艮	KƏN ŊƏN	䓳	䓳	戸皆	匣皆開二平	gheej		·䓳，《名義》胡墾反；《玉篇》胡墾切；《王三》戶皆反；《廣韻》戶皆、胡墾二切。
艮	KƏN ŊƏN	垠 泿	垠 泿	五根	疑痕開一平	ngeon	ŋˤən	
艮	KƏN ŊƏN	眼	眼	五限	疑山開二上	ngeenq	ŋrˤənʔ	
艮	KƏN ŊƏN	䫀	䫀	多殄	端先開四上	tenq		·䫀，頰後，《說文》：「𩓓(䫀)，頰後也。从頁，𥃩(艮)聲。」《切韻》系韻書收端母讀法，與「艮」聲字形不合，待考。
艮	KƏN ŊƏN	垠 齦	垠 齦	語斤	疑殷開三平	ngyn	ŋən	
艮	KƏN ŊƏN	銀 檭 珢 垠 泿	銀 檭 珢 垠 泿	語巾	疑真開三B平	ngyin	ŋrən	
堇	KƏN	囏	囏	古閑	見山開二平	keen	krˤən	·囏，又作「艱」。《說文》：「𥌵，土難治也。从堇、艮聲。囏，籒文艱从喜。」甲骨文「㛸」、「⿰壴卩」讀爲｛艱｝，象人跪坐守鼓之形，是｛艱｝的表意字，所从「壴」非聲（說見：郭沫若《卜辭通纂》、陳劍《殷墟卜辭的分期分類對甲骨文考釋的重要性》）；其異體作「⿰𦰩壴」，乃「𦰩」聲，《說文》籀文「囏」即此字加「口」而作（說見：陳劍上引文、孫俊,趙鵬《“艱”字補釋》）。張富海以爲「𦰩」象縛手呼號之人，表示艱難之意，既可讀爲｛艱｝、也可以讀爲｛難｝（說見：張富海《說“難”》），故兼有見組文部KƏN、泥組元部NAN兩類讀音；前者在傳世文字系統中作「堇」聲，後者保留在「難」等字中。
堇	KƏN	謹 㹏 槿 堇 𡏳 漌 慬	謹 㹏 槿 堇 𡏳 漌 慬	居隱	見殷開三上	kynq	kənʔ	
堇	KƏN	㨷	㨷	居焮	見殷開三去	kynh	kənh	
堇	KƏN	螼	螼	羌印	溪真開三B去	khyinh	kʰrənh	
堇	KƏN	螼	螼	弃忍	溪真開三A上	khinq		
堇	KƏN	勤 懃 慬 懄 瘽 𥎊	勤 懃 慬 懄 瘽 𥎊	巨斤	羣殷開三平	gyn	ɡən	
堇	KƏN	瘽	瘽	其謹	羣殷開三上	gynq	ɡənʔ	
堇	KƏN	𥎊 㨷 堇 墐	𥎊 㨷 堇 墐	巨巾	羣真開三B平	gyin	ɡrən	
堇	KƏN	僅 覲 殣 瑾 饉 㝻 廑 瘽 墐 𠞱 歏	僅 覲 殣 瑾 饉 㝻 廑 瘽 墐 𠞱 歏	渠遴	羣真開三B去	gyinh	ɡrənh	
堇	KƏN	鄞	鄞	語斤	疑殷開三平	ngyn	ŋən	
堇	KƏN	鄞	鄞	語巾	疑真開三B平	ngyin	ŋrən	
巾	KƏN	巾	巾	居銀	見真開三B平	kyin	krən	
巾	KƏN	㧆	㧆	居焮	見殷開三去	kynh		
斤	KƏI KƏN ŊƏN	蚚	蚚	胡輩	匣灰合一去	ghojh		·蚚，《爾雅》：「強，蚚。」陸德明釋文：「《字林》巨希反。又下枚反。郭胡輩反。」《說文》：「蚚，强也。从虫、斤聲。」
斤	KƏI KƏN ŊƏN	圻	圻	五根	疑痕開一平	ngeon		
斤	KƏI KƏN ŊƏN	斤 釿	斤 釿	舉欣	見殷開三平	kyn	kən	
斤	KƏI KƏN ŊƏN	𪏴 菦	𪏴 菦	居隱	見殷開三上	kynq		
斤	KƏI KƏN ŊƏN	蘄	蘄	居依	見微開三平	kyj		
斤	KƏI KƏN ŊƏN	靳 斤 劤	靳 斤 劤	居焮	見殷開三去	kynh	kənh	
斤	KƏI KƏN ŊƏN	赾	赾	丘謹	溪殷開三上	khynq	kʰənʔ	
斤	KƏI KƏN ŊƏN	祈 頎 旂 圻 蚚 玂 岓	祈 頎 旂 圻 蚚 玂 岓	渠希	羣微開三平	gyj	ɡəi	
斤	KƏI KƏN ŊƏN	芹 蘄	芹 蘄	巨斤	羣殷開三平	gyn	ɡən	
斤	KƏI KƏN ŊƏN	近	近	其謹	羣殷開三上	gynq	ɡənʔ	
斤	KƏI KƏN ŊƏN	近	近	巨靳	羣殷開三去	gynh	ɡənh	
斤	KƏI KƏN ŊƏN	蘄	蘄	渠之	羣之開三平	gy		
斤	KƏI KƏN ŊƏN	欣 忻 昕 訢 炘 邤	欣 忻 昕 訢 炘 邤	許斤	曉殷開三平	hyn	hən	
斤	KƏI KƏN ŊƏN	焮 炘 𤴾 𦜓	焮 炘 𤴾 𦜓	香靳	曉殷開三去	hynh	hənh	
斤	KƏI KƏN ŊƏN	掀	掀	虚言	曉元開三平	hyon	han	
斤	KƏI KƏN ŊƏN	沂	沂	魚衣	疑微開三平	ngyj	ŋəi	
斤	KƏI KƏN ŊƏN	䖐 圻 齗 斦 𪛊 䓄	䖐 圻 齗 斦 𪛊 䓄	語斤	疑殷開三平	ngyn	ŋən	
斤	KƏI KƏN ŊƏN	听	听	牛謹	疑殷開三上	ngynq	ŋənʔ	
斤	KƏI KƏN ŊƏN	垽	垽	吾靳	疑殷開三去	ngynh	ŋrənh	
斤	KƏI KƏN ŊƏN	㹞 䓄 𪛊	㹞 䓄 𪛊	語巾	疑真開三B平	ngyin	ŋrən	
斤	KƏI KƏN ŊƏN	釿 齗 听	釿 齗 听	宜引	疑真開三B上	ngyinq	ŋrənʔ	
斤	KƏI KƏN ŊƏN	垽	垽	魚覲	疑真開三B去	ngyinh	ŋrənh	
巹	KƏN	巹 𧯷	巹 𧯷	居隱	見殷開三上	kynq	kənʔ	·巹，又作「𧯷」。《說文》：「巹，謹身有所承也。从己、丞。讀若《詩》云『赤舄己己』。」其說不能讓人信服。構形待考。·𧯷，又作「巹」。《說文》：「𧯷，蠡也。从豆，蒸省聲。」段玉裁注：「『巹』者，『𧯷』之假借字。『巹』从『丞』聲；『𧯷』从『䒱』聲。故同音假借。」段注以爲「巹」「𧯷」分別爲「丞」「䒱」聲，然前者在上古見系文部、後者在上古端組蒸部，聲韻都有距離，其說不可從。待考。
筋	KƏN	筋 䈥	筋 䈥	舉欣	見殷開三平	kyn	kən	·筋，《說文》：「筋，肉之力也。从力从肉从竹。竹，物之多筋者。」其說曲折不可信。劉釗謂其下从「刀」（說見：劉釗《古文字構形學》），是也。構形待考。
猌	ŊƏN	㹜	㹜	語斤	疑殷開三平	ngyn		
猌	ŊƏN	𪙤	𪙤	宜引	疑真開三B上	ngyinq	ŋrənʔ	
猌	ŊƏN	憖 猌	憖 猌	魚覲	疑真開三B去	ngyinh	ŋrənh	·猌，《說文》：「猌，犬張齗怒也。从犬、來聲。讀{又}若銀。」段玉裁注：「此从犬來會意。」《說文》以「齗」聲訓、又「讀若銀」。
䖜	—	䖜	䖜	語巾	疑真開三B平	ngyin	ŋrən	·䖜，《說文》「䖜，兩虎爭聲。从虤从曰。讀若憖。」
𤔌	ɁƏN	䭡	䭡	烏恨	影痕開一去	qeonh	ʔˤənh	
𤔌	ɁƏN	穩 𡁋 㒚	穩 𡁋 㒚	烏本	影魂合一上	qonq		
𤔌	ɁƏN	䭡	䭡	烏困	影魂合一去	qonh		
𤔌	ɁƏN	㶏	㶏	於斤	影殷開三平	qyn		
𤔌	ɁƏN	隱 𤻘 䌥 㥯 櫽 嶾 㶏 𨏈	隱 𤻘 䌥 㥯 櫽 嶾 㶏 𨏈	於謹	影殷開三上	qynq	ʔənʔ	
𤔌	ɁƏN	㒚 懚 隱 檼 𤔌 㥯 㶏 㡥	㒚 懚 隱 檼 𤔌 㥯 㶏 㡥	於靳	影殷開三去	qynh	ʔənh	
𠃊	ɁƏN	𠃊	𠃊	於謹	影殷開三上	qynq	ʔənʔ	·𠃊，《說文》：「𠃊，匿也，象𨒅曲隱蔽形。凡𠃊之屬皆从𠃊。讀若隱。」其說確有所本，戰國楚簡見一从「心」、「𠃊」聲之字，據此讀爲｛隱｝文從字順。郭店楚簡《唐虞之道》：「廛(禪)之流，世亡(無)△(隱)直(德)。7」
殷	ɁƏN	殷	殷	烏閑	影山開二平	qeen	ʔrˤən	
殷	ɁƏN	殷 慇 溵	殷 慇 溵	於斤	影殷開三平	qyn	ʔən	
殷	ɁƏN	磤 㐆	磤 㐆	於謹	影殷開三上	qynq		
殷	ɁƏN	㐆	㐆	於希	影微開三平	qyj		·㐆，《說文》：「㐆，歸也。从反身。」此字是從「殷」心上剝離、附會“歸依”之｛依｝產生的。古文字「殷」本爲整體會意字。
既	KƏT	愛 㤅 𢟪 曖 僾 𥴨 靉 薆 璦	愛 㤅 𢟪 曖 僾 𥴨 靉 薆 璦	烏代	影咍開一去	qeojh	ʔˤəth	·愛，秦漢文字的「𢙴(愛)」來源於「㤅」的自我糅合。由於「旡」在戰國文字中又常作「夂」形，後來出現了把「旡」與訛形「夂」同時寫出的字形，這才出現了「𢙴」形；「既」有類似的文字雜糅現象（參考：陳劍《孔家坡漢簡的“祟”字》）。
既	KƏT	曖	曖	於蓋	影泰開一去	qajh		
既	KƏT	溉 概 摡 𠌰	溉 概 摡 𠌰	古代	見咍開一去	keojh	kˤəth	
既	KƏT	䐴	䐴	古對	見灰合一去	kojh		
既	KƏT	䐴	䐴	古外	見泰合一去	kwajh		
既	KƏT	慨 嘅	慨 嘅	苦蓋(愛)	溪咍開一去	kheojh	kʰˤəth	
既	KƏT	僾 靉	僾 靉	於豈	影微開三上	qyjq	ʔəiʔ	
既	KƏT	穊	穊	几利	見脂開三B去	kyih	krəth	
既	KƏT	既 暨 溉 旡 蔇	既 暨 溉 旡 蔇	居豙	見微開三去	kyjh	kəth	
既	KƏT	暨	暨	居乙	見質開三B入	kyit		
既	KƏT	暨	暨	居乙	見迄開三入	kyt		
既	KƏT	炁 䀈	炁 䀈	去旣	溪微開三去	khyjh	kʰəth	
既	KƏT	𡳅	𡳅	去例	溪祭開三B去	khyejh		
既	KƏT	䀈	䀈	去吏	溪之開三去	khyh		
既	KƏT	暨 鱀 塈	暨 鱀 塈	其冀	羣脂開三B去	gyih	ɡrəth	
既	KƏT	鱀	鱀	渠記	羣之開三去	gyh		
既	KƏT	櫭	櫭	渠列	羣薛開三B入	gyet		
既	KƏT	塈 䊠 𢟪 黖 摡 䀈	塈 䊠 𢟪 黖 摡 䀈	許旣	曉微開三去	hyjh	həth	
气	KƏT	㧉	㧉	古代	見咍開一去	keojh		
气	KƏT	刏	刏	古對	見灰合一去	kojh		
气	KƏT	扢	扢	古忽	見沒合一入	kot		
气	KƏT	愾	愾	苦蓋(愛)	溪咍開一去	kheojh		
气	KƏT	𩑔 矻 㩿	𩑔 矻 㩿	苦骨	溪沒合一入	khot		
气	KƏT	𩑔	𩑔	苦本	溪魂合一上	khonq		
气	KƏT	麧 𥝖 齕 紇	麧 𥝖 齕 紇	下沒	匣沒開一入	gheot	ɡˤət	
气	KƏT	扢	扢	戸骨	匣沒合一入	ghot		
气	KƏT	齕 紇 籺	齕 紇 籺	胡結	匣屑開四入	ghet		
气	KƏT	䩐	䩐	呼骨	曉沒合一入	hot		
气	KƏT	䦍	䦍	五忽	疑沒合一入	ngot		
气	KƏT	訖 吃 扢 䰴	訖 吃 扢 䰴	居乙	見迄開三入	kyt	kət	
气	KƏT	𣢆	𣢆	居豙	見微開三去	kyjh	kəth	
气	KƏT	刏	刏	居依	見微開三平	kyj		
气	KƏT	乞 䒗	乞 䒗	去迄	溪迄開三入	khyt	kʰət	·乞，「气」之分化字。
气	KƏT	氣 气 盵	氣 气 盵	去旣	溪微開三去	khyjh	kʰəth	
气	KƏT	䞘 𢇓	䞘 𢇓	其迄	羣迄開三入	gyt		
气	KƏT	刏	刏	渠希	羣微開三平	gyj		
气	KƏT	迄 仡 釳 忔 䒗 汔	迄 仡 釳 忔 䒗 汔	許迄	曉迄開三入	hyt	hət	
气	KƏT	愾 氣 餼 鎎 熂 霼 𧱲 犔 忥	愾 氣 餼 鎎 熂 霼 𧱲 犔 忥	許旣	曉微開三去	hyjh	həth	
气	KƏT	忾	忾	喜夷	曉脂開三A平	hi		
气	KƏT	疙 屹 圪 𧆫 仡	疙 屹 圪 𧆫 仡	魚迄	疑迄開三入	ngyt	ŋət	
气	KƏT	圪	圪	魚乙	疑質開三B入	ngyit		
器	KƏT	器	器	去冀	溪脂開三B去	khyih	kʰrəth	
肸	KƏT	肸	肸	許迄	曉迄開三入	hyt	hət	
肸	KƏT	肸	肸	羲乙	曉質開三B入	hyit	hrət	·肸，大徐本《說文》：「肸，[肸]響，布也。从十从䏌。」小徐本作「從十，䏌聲。」待考。
圅	KƏM	蜬	蜬	古南	見覃開一平	kom	kˤəm	
圅	KƏM	涵 䈄 䤴 函 顄 𩔞 蜬 𣹢 圅 䨡 𩄙 𢎘 𠗴	涵 䈄 䤴 函 顄 𩔞 蜬 𣹢 圅 䨡 𩄙 𢎘 𠗴	胡男	匣覃開一平	ghom	ɡˤəm	·𢎘，《說文》裡的作爲聲符的「𢎘」來源駁雜：①傳世乎感切之「𢎘」，劉釗謂爲「圅」之截省分化字（說見：劉釗《古文字構形研究》），《說文》以「圅」爲「𢎘」聲，然「圅」實爲整體表意字，可見傳世文字系統的「𢎘」確係自「圅」剝離而出，今據其說歸入「圅」聲系；②《說文》以「氾」「犯」爲「𢎘」聲，這種「𢎘」實來自古文字中跪坐人形（早期字形上有屮形），得音源頭待考，今歸「㔾」聲系。
圅	KƏM	菡 涵 𢎘 𢃗 顄	菡 涵 𢎘 𢃗 顄	胡感	匣覃開一上	ghomq	ɡˤəmʔ	
圅	KƏM	函 㮭	函 㮭	胡讒	匣咸開二平	gheem	ɡrˤəm	
咸	KƏM KIM	䌠	䌠	古南	見覃開一平	kom		
咸	KƏM KIM	感 鱤 䃭	感 鱤 䃭	古禫	見覃開一上	komq	kˤəmʔ	
咸	KƏM KIM	緘 䌠 瑊 黬 𪒹	緘 䌠 瑊 黬 𪒹	古咸	見咸開二平	keem	krˤəm	
咸	KƏM KIM	減 𥳒	減 𥳒	古斬	見咸開二上	keemq	krˤəmʔ	
咸	KƏM KIM	䶢	䶢	古洽	見洽開二入	keep	krˤəp	
咸	KƏM KIM	轗 顑	轗 顑	苦感	溪覃開一上	khomq	kʰˤəmʔ	
咸	KƏM KIM	轗	轗	苦紺	溪覃開一去	khomh	kʰˤəmh	
咸	KƏM KIM	𠔺	𠔺	苦咸	溪咸開二平	kheem		
咸	KƏM KIM	𢜩	𢜩	苦減	溪咸開二上	kheemq		
咸	KƏM KIM	䁍 䶢	䁍 䶢	苦洽	溪洽開二入	kheep	kʰrˤəp	
咸	KƏM KIM	䌠	䌠	苦兼	溪添開四平	khem		
咸	KƏM KIM	撼	撼	胡感	匣覃開一上	ghomq		
咸	KƏM KIM	憾	憾	胡紺	匣覃開一去	ghomh		
咸	KƏM KIM	咸 鹹 醎 𩤥 諴 椷 輱	咸 鹹 醎 𩤥 諴 椷 輱	胡讒	匣咸開二平	gheem	ɡrˤəm	
咸	KƏM KIM	減 喊 𡞣 𥻇	減 喊 𡞣 𥻇	下斬	匣咸開二上	gheemq	ɡrˤəmʔ	
咸	KƏM KIM	䫲	䫲	呼唵	曉覃開一上	homq		
咸	KƏM KIM	䫲 𩞿	䫲 𩞿	呼紺	曉覃開一去	homh		
咸	KƏM KIM	喊	喊	呼覽	曉談開一上	hamq		
咸	KƏM KIM	㰹 𧍧	㰹 𧍧	許咸	曉咸開二平	heem		
咸	KƏM KIM	喊	喊	呼豏	曉咸開二上	heemq		
咸	KƏM KIM	䌠	䌠	許兼	曉添開四平	hem		
咸	KƏM KIM	黬 羬 𧇱 麙 㺂	黬 羬 𧇱 麙 㺂	五咸	疑咸開二平	ngeem	ŋrˤəm	
咸	KƏM KIM	顑	顑	玉陷	疑咸開二去	ngeemh		
咸	KƏM KIM	䉞	䉞	都感	端覃開一上	tomq		·䉞，此字又作「㔶」、「㯯」、「𥴶」。《廣韻》：「䉞，箱屬，又作𥴶。〔都感切〕」聲母可疑。「㔶」在《廣韻》古禫切：「《方言》云：『箱類』又云：『覆頭也』。又音貢。」
咸	KƏM KIM	鍼 𪈁 箴 葴 瑊 鱵	鍼 𪈁 箴 葴 瑊 鱵	職深	章侵開三平	tjim	kim	
咸	KƏM KIM	𢜩	𢜩	丘廉	溪鹽開三B平	khyem		
咸	KƏM KIM	羬 鍼	羬 鍼	巨淹	羣鹽開三B平	gyem		
咸	KƏM KIM	鍼	鍼	巨鹽	羣鹽開三A平	giem		
今	ɁƏM KƏM	䳺 盦	䳺 盦	烏含	影覃開一平	qom	ʔˤəm	
今	ɁƏM KƏM	盦	盦	安盍	影盍開一入	qap	ʔˤap	
今	ɁƏM KƏM	酓	酓	於念	影添開四去	qemh		
今	ɁƏM KƏM	䶃	䶃	古南	見覃開一平	kom	kˤəm	
今	ɁƏM KƏM	玪	玪	古咸	見咸開二平	keem	krˤəm	
今	ɁƏM KƏM	趝	趝	紀念	見添開四去	kemh		
今	ɁƏM KƏM	龕 <𪚕> 𢦟 𩑟 㪁	龕 𪚕 𢦟 𩑟 㪁	口含	溪覃開一平	khom	kʰˤəm	·龕，《說文》：「龕，龍皃。从龍、合聲。」段玉裁注：「各本作『合聲』，篆體亦誤。今依《九經字樣》正。」《九經字樣》：「龍皃也。從龍，從今聲，作龕訛。」
今	ɁƏM KƏM	含 筨 梒 頷 鋡 𤭙 𠥴 䶃 肣	含 筨 梒 頷 鋡 𤭙 𠥴 䶃 肣	胡男	匣覃開一平	ghom	ɡˤəm	
今	ɁƏM KƏM	頷 㜝 肣 莟 𡻡	頷 㜝 肣 莟 𡻡	胡感	匣覃開一上	ghomq	ɡˤəmʔ	
今	ɁƏM KƏM	琀 浛 唅 莟	琀 浛 唅 莟	胡紺	匣覃開一去	ghomh	ɡˤəmh	
今	ɁƏM KƏM	㟏 𩈣 馠 𣢺 谽 唅	㟏 𩈣 馠 𣢺 谽 唅	火含	曉覃開一平	hom		
今	ɁƏM KƏM	妗 𧮰 䩂	妗 𧮰 䩂	許咸	曉咸開二平	heem	hrˤəm	
今	ɁƏM KƏM	欦	欦	火斬	曉咸開二上	heemq	hrˤəmʔ	
今	ɁƏM KƏM	欦 妗	欦 妗	許兼	曉添開四平	hem		
今	ɁƏM KƏM	𡪁	𡪁	五含	疑覃開一平	ngom		
今	ɁƏM KƏM	㜝	㜝	五感	疑覃開一上	ngomq	ŋˤəmʔ	
今	ɁƏM KƏM	陰 霠	陰 霠	於金	影侵開三B平	qyim	ʔ(r)əm	
今	ɁƏM KƏM	蔭 𤷜 廕	蔭 𤷜 廕	於禁	影侵開三B去	qyimh	ʔ(r)əmh	
今	ɁƏM KƏM	酓	酓	於琰	影鹽開三A上	qiemq	ʔamʔ	
今	ɁƏM KƏM	今 黅 衿	今 黅 衿	居吟	見侵開三B平	kyim	k(r)əm	
今	ɁƏM KƏM	衾	衾	去金	溪侵開三B平	khyim	kʰ(r)əm	
今	ɁƏM KƏM	𩖄 (𩒣)	𩖄 𩒣	欽錦	溪侵開三B上	khyimq		
今	ɁƏM KƏM	坅	坅	丘甚	溪侵開三A上	khimq		
今	ɁƏM KƏM	㪁	㪁	丘嚴	溪嚴開三平	khyom		
今	ɁƏM KƏM	欦 𩒣	欦 𩒣	丘广	溪嚴開三上	khyomq		
今	ɁƏM KƏM	㪁 𤬯	㪁 𤬯	丘釅	溪嚴開三去	khyomh		
今	ɁƏM KƏM	𨦄	𨦄	丘廉	溪鹽開三B平	khyem		
今	ɁƏM KƏM	𣢲	𣢲	匹凡	溪嚴開三平	khyom		·𣢲，《切韻》系韻書所收匹凡切之聲母與「今」聲字形不合，是唐人所本字韻書上字本作「丘」（如原本《玉篇》丘凡反、《名義》丘月反），或誤識作「匹」，遂誤收入滂母音。
今	ɁƏM KƏM	擒 黔 禽 芩 𨙽 檎 庈 雂 㪁 耹 靲	擒 黔 禽 芩 𨙽 檎 庈 雂 㪁 耹 靲	巨金	羣侵開三B平	gyim	ɡ(r)əm	
今	ɁƏM KƏM	𦧈 䶖 𤘡 𦨽 紟 笒	𦧈 䶖 𤘡 𦨽 紟 笒	巨禁	羣侵開三B去	gyimh	ɡ(r)əmh	
今	ɁƏM KƏM	𢁮 黔 鳹 雂 鈐	𢁮 黔 鳹 雂 鈐	巨淹	羣鹽開三B平	gyem	ɡram	
今	ɁƏM KƏM	吟 訡 䪩 荶	吟 訡 䪩 荶	魚金	疑侵開三B平	ngyim	ŋ(r)əm	
今	ɁƏM KƏM	吟	吟	宜禁	疑侵開三B去	ngyimh	ŋ(r)əmh	
今	ɁƏM KƏM	妗	妗	處占	昌鹽開三平	tjhiem		
今	ɁƏM KƏM	棽	棽	丑林	徹侵開三平	trhim		
今	ɁƏM KƏM	棽	棽	所今	生侵開三平	sryim		
今	ɁƏM KƏM	枔	枔	徐林	邪侵開三平	zim		
金	KƏM	淦	淦	古南	見覃開一平	kom	kˤəm	
金	KƏM	淦	淦	古暗	見覃開一去	komh	kˤəmh	
金	KƏM	銜	銜	戸監	匣銜開二平	ghaem	ɡrˤam	
金	KƏM	顉	顉	五感	疑覃開一上	ngomq	ŋˤəmʔ	
金	KƏM	𦌫	𦌫	女減	孃咸開二上	nreemq		
金	KƏM	金 䘳 𪑙	金 䘳 𪑙	居吟	見侵開三B平	kyim	k(r)əm	
金	KƏM	錦	錦	居飲	見侵開三B上	kyimq	k(r)əmʔ	
金	KƏM	欽 菳 嶔 顉	欽 菳 嶔 顉	去金	溪侵開三B平	khyim	kʰ(r)əm	
金	KƏM	顉	顉	欽錦	溪侵開三B上	khyimq	kʰ(r)əmʔ	
金	KƏM	琴 捦 㕋 鵭 䔷	琴 捦 㕋 鵭 䔷	巨金	羣侵開三B平	gyim	ɡ(r)əm	·琴，古文字作「金」聲。
金	KƏM	唫	唫	渠飲	羣侵開三B上	gyimq	ɡ(r)əmʔ	
金	KƏM	鈙	鈙	巨禁	羣侵開三B去	gyimh	ɡ(r)əmh	
金	KƏM	䔷	䔷	其矜	羣蒸開三平	gyng		
金	KƏM	廞	廞	許金	曉侵開三B平	hyim	h(r)əm	
金	KƏM	廞	廞	許錦	曉侵開三B上	hyimq	h(r)əmʔ	
金	KƏM	唫 崟	唫 崟	魚金	疑侵開三B平	ngyim	ŋ(r)əm	
金	KƏM	趛	趛	牛錦	疑侵開三B上	ngyimq	ŋ(r)əmʔ	
𬔧	KƏM	𥸡 贑 䤗 贛 㔶 𧆐 灨	𥸡 贑 䤗 贛 㔶 𧆐 灨	古禫	見覃開一上	komq	kˤəmʔ	
𬔧	KƏM	𧆐 灨 贛	𧆐 灨 贛	古暗	見覃開一去	komh	kˤəmh	
𬔧	KƏM	贛 䇨 㔶 㯯 𧆐	贛 䇨 㔶 㯯 𧆐	古送	見東一去	koungh	kˤoŋh	
𬔧	KƏM	竷	竷	苦感	溪覃開一上	khomq	kʰˤəmʔ	
𬔧	KƏM	竷	竷	苦紺	溪覃開一去	khomh	kʰˤəmh	
𬔧	KƏM	嗊 𢦅	嗊 𢦅	呼孔	曉東一上	houngq		
𬔧	KƏM	戇	戇	呼貢	曉東一去	houngh		
𬔧	KƏM	𥴶	𥴶	都感	端覃開一上	tomq		·𥴶，同「䉞」。
𬔧	KƏM	戇	戇	陟降	知江二去	troeungh		
𬔧	KƏM	𧗜	𧗜	徒紺	定覃開一去	domh		
嵒	ŊƏM	嵒 碞 𧬌	嵒 碞 𧬌	五咸	疑咸開二平	ngeem	ŋrˤəm	
嵒	ŊƏM	碞	碞	魚金	疑侵開三B平	ngyim		·碞，「嵒」之改形字，時人以爲「嵒」下爲「山」而易之爲「石」。
㐺	ŊƏM	𩂢	𩂢	五佳	疑佳開二平	ngee		
㐺	ŊƏM	𩂢	𩂢	擬皆	疑皆開二平	ngeej		
㐺	ŊƏM	𩂢 乑	𩂢 乑	魚金	疑侵開三B平	ngyim	ŋ(r)əm	·𩂢，《說文》：「𩂢，霖雨也。南陽謂霖𩂢。从雨、㐺聲。」·㐺，《說文》：「㐺，眾立也。从三人。凡乑之屬皆从乑。讀若欽崟。」
音	ɁƏM	諳 腤 嬜 韽 喑	諳 腤 嬜 韽 喑	烏含	影覃開一平	qom	ʔˤəm	
音	ɁƏM	揞 隌 罯 𤃷	揞 隌 罯 𤃷	烏感	影覃開一上	qomq	ʔˤəmʔ	
音	ɁƏM	暗 闇	暗 闇	烏紺	影覃開一去	qomh	ʔˤəmh	
音	ɁƏM	𤟟 黯	𤟟 黯	乙咸	影咸開二平	qeem	ʔrˤəm	
音	ɁƏM	黯	黯	乙減	影咸開二上	qeemq	ʔrˤəmʔ	
音	ɁƏM	韽 𤟟 揞	韽 𤟟 揞	於陷	影咸開二去	qeemh		
音	ɁƏM	罯	罯	烏合	影合開一入	qop		
音	ɁƏM	嬜	嬜	呼談	曉談開一平	ham		
音	ɁƏM	音 隌 瘖 䜾 喑 䤃	音 隌 瘖 䜾 喑 䤃	於金	影侵開三B平	qyim	ʔ(r)əm	
音	ɁƏM	𤃷	𤃷	於錦	影侵開三B上	qyimq		
音	ɁƏM	䅧 窨 喑	䅧 窨 喑	於禁	影侵開三B去	qyimh	ʔ(r)əmh	
音	ɁƏM	䅧	䅧	一鹽	影鹽開三A平	qiem		
音	ɁƏM	愔	愔	挹淫	影侵開三A平	qim		
音	ɁƏM	歆 嬜	歆 嬜	許金	曉侵開三B平	hyim		
飲	ɁƏM	㱃 飲	㱃 飲	於錦	影侵開三B上	qyimq	ʔ(r)əmʔ	
飲	ɁƏM	飲	飲	於禁	影侵開三B去	qyimh	ʔ(r)əmh	
邑	ɁƏP	唈	唈	烏荅	影合開一入	qop		
邑	ɁƏP	浥	浥	烏洽	影洽開二入	qeep		
邑	ɁƏP	挹	挹	伊入	影緝開三A入	qip		
邑	ɁƏP	邑 悒 唈 裛 浥 䓃 䭂 𦶂	邑 悒 唈 裛 浥 䓃 䭂 𦶂	於汲	影緝開三B入	qyip	ʔ(r)əp	
邑	ɁƏP	裛	裛	於輒	影葉開三B入	qyep		
邑	ɁƏP	䱒 裛 浥 𦤡	䱒 裛 浥 𦤡	於業	影業開三入	qyop		
邑	ɁƏP	俋	俋	直立	澄緝開三入	drip		·俋，《莊子》：「俋俋乎耕而不顧。」陸德明釋文：「俋俋，徐於執反，又直立反。李云：耕貌。一云：耕人行貌。又音秩，又於十反。《字林》云：『勇壯貌。』」
龜	WƏ	鬮 龜	鬮 龜	居求	見尤三平	ku	kwə	
龜	WƏ	龜 𪚦 𠃾	龜 𪚦 𠃾	居追	見脂合三B平	kui	kwrə	
龜	WƏ	鬮	鬮	居黝	見幽開三上	kiwq		
牛	WƏ	牛	牛	語求	疑尤三平	ngu	ŋwə	
丘	WƏ	丘 丠 蚯 邱	丘 丠 蚯 邱	去鳩	溪尤三平	khu	kʰwə	
丘	WƏ	𪖛	𪖛	丘救	溪尤三去	khuh		
又	WƏ	䵋 䈐	䵋 䈐	古對	見灰合一去	kojh		
又	WƏ	怪 恠 𥑋 𡌪	怪 恠 𥑋 𡌪	古壞	見皆合二去	kweejh	kwrˤəh	
又	WƏ	絠	絠	古亥	見咍開一上	keojq		
又	WƏ	恢 詼 㷇 盔	恢 詼 㷇 盔	苦回	溪灰合一平	khoj	kʰwˤə	
又	WƏ	蛕 烠	蛕 烠	戸恢	匣灰合一平	ghoj		
又	WƏ	倄 <侑>	倄 侑	于罪	云廢合三上	uojq		·倄，「侑」之訛字，痛叫、痛聲，或又作「痏」。《顏氏家訓·風操》：「《蒼頡篇》有『倄』字，《訓詁》云：『痛而謼也，音羽罪反。』今北人痛則呼之。《聲類》音于來反，今南人痛或呼之。」《說文》：「倄，剌也。从人、肴聲。{一曰痛聲。}」段玉裁注：「玄應《佛書音義》曰：『痏痏，諸書作「侑」。《通俗文》：于罪切。痛聲曰痏。』此條合之字義、俗語皆無不合。其云『諸書作侑』，葢《蒼頡訓詁》亦在其中。借『侑』爲『痏』，皆『有』聲也。《顏氏家訓》之『倄』當是『侑』之誤。不必與《說文》牽合。大徐《說文》改『毒之』爲『痛聲』，恐是竊取黃門語。」其說改《顏氏家訓》羽罪反之「倄」爲「侑」可從；改《說文》則未必。前人多已言及，「肴」聲之字不得音賄韻，《廣韻》于罪切之字實作「侑」，是也。此字後訛作「倄」，與原本胡茅切、同樣與“痛”有關的「倄」相混。
又	WƏ	灰	灰	呼恢	曉灰合一平	hoj	w̥ˤə	
又	WƏ	賄 蛕	賄 蛕	呼罪	曉灰合一上	hojq		
又	WƏ	醢	醢	呼改	曉咍開一上	heojq		
又	WƏ	脄	脄	莫杯	明灰一平	moj		·脄，又作「脢」。
又	WƏ	脄	脄	莫代	明咍一去	meojh		
又	WƏ	郁 戫 栯	郁 戫 栯	於六	影屋三入	quk		
又	WƏ	久 玖 灸 𡚮 𨾉	久 玖 灸 𡚮 𨾉	舉有	見尤三上	kuq	kwəʔ	·久，「久」「又」聲韻極近，頗疑「久」爲「又」之分化字。古文字中手形一般作三指，亦多見省作二指者（參看：裘錫圭《釋“𠬪”》、黃天樹《𩰫比盨銘文補釋》、謝明文《吳虎鼎銘文補釋》等）。西周金文中二指之「又」似「氒」形（見縣妀簋：「隹十～二月」《集成》04269），秦文字「久」乃此類「又」的孑遺。
又	WƏ	灸 㝌 疚	灸 㝌 疚	居祐	見尤三去	kuh	kwəh	
又	WƏ	柩	柩	巨救	羣尤三去	guh	ɡwəh	
又	WƏ	珛	珛	許救	曉尤三去	huh		
又	WƏ	有 右 䳑 友 㕛 䀁 𥁓 栯 䒴	有 右 䳑 友 㕛 䀁 𥁓 栯 䒴	云久	云尤三上	uq	wəʔ	
又	WƏ	宥 又 佑 右 祐 䀁 𥁓 酭 𤴨 囿 姷 䞥 侑 𦳩	宥 又 佑 右 祐 䀁 𥁓 酭 𤴨 囿 姷 䞥 侑 𦳩	于救	云尤三去	uh	wəh	
又	WƏ	洧 鮪 痏 䵋	洧 鮪 痏 䵋	榮美	云脂合三B上	uiq	wrəʔ	
又	WƏ	囿 哊	囿 哊	于六	云屋三入	uk		
又	WƏ	畂	畂	力救	來尤三去	luh		
裘	WƏ	𧚍 裘	𧚍 裘	巨鳩	羣尤三平	gu	ɡwə	·裘，早期甲金文作有毛之衣形，是“皮裘”之｛裘｝*ɡwə的表意字，又加注「又」聲，後其聲符「又」類化作「求」。
尤	WƏ	蚘	蚘	戸恢	匣灰合一平	ghoj		
尤	WƏ	尤 𣏞 疣 肬 𪐤 沋 訧	尤 𣏞 疣 肬 𪐤 沋 訧	羽求	云尤三平	u	wə	·尤，《說文》：「尤，異也。从乙，又聲。」其說不可信。舊多謂「尤」爲贅肬之｛肬｝的初文。謝明文指出古文字从「又」形常作「尤」形，因疑「尤」也許是「又」之分化字（說見：謝明文《“耑”及相關諸字》），可參考。
尤	WƏ	𩑣 忧	𩑣 忧	于救	云尤三去	uh	wəh	
舊	WƏ	舅 臼 齨 䳎 䊆	舅 臼 齨 䳎 䊆	其九	羣尤三上	guq	ɡwəʔ	
舊	WƏ	舊 匶	舊 匶	巨救	羣尤三去	guh	ɡwəh	
弓	WƏŊ	𥥈	𥥈	烏橫	影庚合二去	qwaengh		
弓	WƏŊ	泓 宖	泓 宖	烏宏	影耕合二平	qweeng	ʔwrˤəŋ	
弓	WƏŊ	弘 鞃 苰	弘 鞃 苰	胡肱	匣登合一平	ghweong	wˤəŋ	
弓	WƏŊ	𢘌	𢘌	戸盲	匣庚合二平	ghwaeng		
弓	WƏŊ	弓 匑 躬	弓 匑 躬	居戎	見東三平	kung	kwəŋ	·匑、躬，本作「躳」旁，古音在冬部。後作「弓」旁。
弓	WƏŊ	穹 焪 芎 匑	穹 焪 芎 匑	去宮	溪東三平	khung	kʰwəŋ	
弓	WƏŊ	焪 䛪 䠻	焪 䛪 䠻	去仲	溪東三去	khungh	kʰwəŋh	
厷	WƏŊ	肱 𩉦	肱 𩉦	古弘	見登合一平	kweong	kwˤəŋ	
厷	WƏŊ	䍔 𣘯	䍔 𣘯	古橫	見庚合二平	kwaeng		
厷	WƏŊ	宏 紘 紭 閎 𧮯 耾 翃 浤 竑 宖 鈜 吰 𥐪	宏 紘 紭 閎 𧮯 耾 翃 浤 竑 宖 鈜 吰 𥐪	戸萌	匣耕合二平	ghweeng	wrˤəŋ	
厷	WƏŊ	雄	雄	羽弓	云東三平	ung	wəŋ	
或	WƏK	國	國	古或	見德合一入	kweok	kwˤək	
或	WƏK	幗 慖 <幗> 簂 𪏤 蔮	幗 慖 幗 簂 𪏤 蔮	古對	見灰合一去	kojh	kwˤəkh	·慖，「幗」之訛字（說見：楊寶忠《疑難字考釋與研究》P758-760），誤自《唐韻》引《埤蒼》始。
或	WƏK	蟈 馘 聝 幗 膕 𩪐 摑 漍 𢹖 䂸 慖 嘓 䬎 𧖻	蟈 馘 聝 幗 膕 𩪐 摑 漍 𢹖 䂸 慖 嘓 䬎 𧖻	古獲	見麥合二入	kweek	kwrˤək	
或	WƏK	𢃤 𥇙	𢃤 𥇙	呼或	曉德合一入	hweok		
或	WƏK	𦑌 掝 㖪 𤷇 𠜻	𦑌 掝 㖪 𤷇 𠜻	呼麥	曉麥合二入	hweek	w̥rˤək	
或	WƏK	或 惑 蜮 魊 𡿿	或 惑 蜮 魊 𡿿	胡國	匣德合一入	ghweok	wˤək	
或	WƏK	彧 𪑝 稶 㰲 𠸹 𨪎	彧 𪑝 稶 㰲 𠸹 𨪎	於六	影屋三入	quk	ʔwək	
或	WƏK	閾 㰲 𤷇 𪑝 緎 𦑌 淢	閾 㰲 𤷇 𪑝 緎 𦑌 淢	況逼	曉職合三入	huik	w̥rək	
或	WƏK	域 蜮 罭 棫 㚜 𪂉 𦈸 琙 𪑝 緎 䮙 魊 淢 𦱂	域 蜮 罭 棫 㚜 𪂉 𦈸 琙 𪑝 緎 䮙 魊 淢 𦱂	雨逼	云職合三入	uik	wrək	
或	WƏK	㰲	㰲	之欲	章燭三入	tjuok		·㰲，原本《玉篇》呼麦、扵陸二反；《名義》於陸反；《玉篇》火麥、於六二切；《王三》之欲反；《裴韻》之欲反；《廣韻》於六、之欲、況逼三切；《集韻》乙六、忽麥、忽域三切。《集韻》又有「𣤁」字：「朱欲切。吹氣也。或作𣥀。」
回	WƏI	詯 <䛛> 𣴵	詯 䛛 𣴵	荒内	曉灰合一去	hojh		·詯，《說文》：「詯，膽气滿聲在人上。从言、自聲。讀若反目相睞。」原本《玉篇》：「詯，胡内反。《說文》：『膽滿氣也。』《蒼頡萹》：『胡市也。』《聲類》：『在人上也。』《字書》：『一曰市决後悔也。』」《玉篇》：「詯，胡內切。膽氣滿聲在人上也。又胡市切。」「𧩤，火內切。休市。與詯同。」「䛛，戶對切。胡市也。」《廣韻》：「詯，休市。〔荒內切〕」「詯，胡市。〔胡對切〕」蓋後世胡市切、休市切之「䛛」與《說文》「自」聲之「詯」在形體上混同（也訛作「𧩤」），故「詯」有荒內切、胡對切之音義。
回	WƏI	回 洄 迴 徊 佪 𩢱 茴	回 洄 迴 徊 佪 𩢱 茴	戸恢	匣灰合一平	ghoj	wˤəi	
回	WƏI	迴 詯 <䛛> 䛛	迴 詯 䛛 䛛	胡對	匣灰合一去	ghojh	wˤəih	
韋	WƏI	媁	媁	於非	影微合三平	quj	ʔwəi	
韋	WƏI	郼	郼	於希	影微開三平	qyj		·郼，《呂氏春秋·慎大》：「商不變肆，親郼如夏。」高誘曰：「郼，讀如衣，今兖州人謂殷氏皆曰衣。」
韋	WƏI	褘	褘	許歸	曉微合三平	huj	w̥əi	
韋	WƏI	諱	諱	許貴	曉微合三去	hujh	w̥əih	
韋	WƏI	幃 韋 闈 圍 䙟 𩎯 違 湋 鍏 潿 𧝕 𠆎 𢾁	幃 韋 闈 圍 䙟 𩎯 違 湋 鍏 潿 𧝕 𠆎 𢾁	雨非	云微合三平	uj	wəi	
韋	WƏI	韙 煒 暐 偉 瑋 葦 椲 韡 𩘚 媁 愇 鍏 𢯷	韙 煒 暐 偉 瑋 葦 椲 韡 𩘚 媁 愇 鍏 𢯷	于鬼	云微合三上	ujq	wəiʔ	
韋	WƏI	緯 圍	緯 圍	于貴	云微合三去	ujh	wəih	
囗	—	囗	囗	雨非	云微合三平	uj	wəi	·囗，《說文》：「囗，回也。象回帀之形。凡囗之屬皆从囗。」
卉	—	卉	卉	許偉	曉微合三上	hujq		
卉	—	卉 芔 泋	卉 芔 泋	許貴	曉微合三去	hujh		
熏	WƏN	薰 曛 勳 熏 燻 獯 纁 醺 臐	薰 曛 勳 熏 燻 獯 纁 醺 臐	許云	曉文合三平	hun	w̥ən	
熏	WƏN	爋 臐 薰	爋 臐 薰	許運	曉文合三去	hunh	w̥ənh	
熏	WƏN	壎	壎	況袁	曉元合三平	huon		
熏	WƏN	櫄	櫄	丑倫	徹真合三平	trhwin	tʰrun	·櫄，《說文·木部》：「杶，木也。从木屯聲。《夏書》曰：『杶榦栝柏。』杻，古文杶。櫄，或从熏。」
〇¹	WƏN WAN	䫟	䫟	胡本	匣魂合一上	ghonq		
〇¹	WƏN WAN	損 䐣	損 䐣	蘇本	心魂合一上	sonq	ʍˤənʔ	
〇¹	WƏN WAN	勛	勛	許云	曉文合三平	hun	w̥ən	
〇¹	WƏN WAN	塤	塤	況袁	曉元合三平	huon		
〇¹	WƏN WAN	𦔐 鄖 溳 篔 員 𪔅 愪 𧶊	𦔐 鄖 溳 篔 員 𪔅 愪 𧶊	王分	云文合三平	un	wən	
〇¹	WƏN WAN	䫟 𪏚 𤸫	䫟 𪏚 𤸫	云粉	云文合三上	unq		
〇¹	WƏN WAN	員 𧶊 韻 䚋 𤸫	員 𧶊 韻 䚋 𤸫	王問	云文合三去	unh	wənh	
〇¹	WƏN WAN	袁 園 榬 轅 溒 猿	袁 園 榬 轅 溒 猿	雨元	云元合三平	uon	wan	
〇¹	WƏN WAN	遠	遠	雲阮	云元合三上	uonq	wanʔ	
〇¹	WƏN WAN	遠	遠	于願	云元合三去	uonh		
〇¹	WƏN WAN	員 圓	員 圓	王權	云仙合三B平	uen	wran	·員，《說文》：「員，物數也。从貝，囗聲。」「員」即从「鼎」、「〇(圓)」聲，可見：裘錫圭《文字學概要（修訂本）》。古文字圓形「〇」有兩類讀音：①云組文元部W[Ə,A]N，是｛圓｝*wran的表意字；②云組元部，是｛環｝*wrˤen的表意字。
〇¹	WƏN WAN	縜	縜	爲贇	云真合三B平	uin		
〇¹	WƏN WAN	殞 溳 磒 隕 霣 愪	殞 溳 磒 隕 霣 愪	于敏	云真合三B上	uinq	wrənʔ	
〇¹	WƏN WAN	薳	薳	韋委	云支合三B上	ueq		
云	WƏN	䰟 沄 忶	䰟 沄 忶	戸昆	匣魂合一平	ghon		
云	WƏN	雲 芸 蕓 𦓷 耘 妘 紜 澐 云 䢵 沄 𧶊 耺 橒 䉙	雲 芸 蕓 𦓷 耘 妘 紜 澐 云 䢵 沄 𧶊 耺 橒 䉙	王分	云文合三平	un	wən	
云	WƏN	抎	抎	云粉	云文合三上	unq		
云	WƏN	䲰 忶 𧶊	䲰 忶 𧶊	王問	云文合三去	unh		
云	WƏN	囩	囩	爲贇	云真合三B平	uin		
云	WƏN	夽	夽	魚吻	疑文合三上	ngunq		
軍	WƏI WƏN	㡓 褌 鶤	㡓 褌 鶤	古渾	見魂合一平	kon		
軍	WƏI WƏN	緷	緷	古本	見魂合一上	konq	kwˤənʔ	
軍	WƏI WƏN	睴 璭 𧬪	睴 璭 𧬪	古困	見魂合一去	konh		
軍	WƏI WƏN	䮝 𤟤 餫 鼲 楎 渾 㑮 䡣 𡍦 𢣒 𣝂 煇 顐 𧡡 琿	䮝 𤟤 餫 鼲 楎 渾 㑮 䡣 𡍦 𢣒 𣝂 煇 顐 𧡡 琿	戸昆	匣魂合一平	ghon	wˤən	
軍	WƏI WƏN	鯶 渾 緷 𨡫 睴 煇	鯶 渾 緷 𨡫 睴 煇	胡本	匣魂合一上	ghonq		
軍	WƏI WƏN	𡍦	𡍦	戸關	匣刪合二平	ghwaen		
軍	WƏI WƏN	㑮 瘒 顐	㑮 瘒 顐	牛昆	疑魂合一平	ngon		
軍	WƏI WƏN	顐 諢	顐 諢	五困	疑魂合一去	ngonh		
軍	WƏI WƏN	惲 賱	惲 賱	於粉	影文合三上	qunq		
軍	WƏI WƏN	軍 皸	軍 皸	舉云	見文合三平	kun	kwən	·軍，《說文》：「軍，圜圍也。四千人爲軍。从車，从包省。軍，兵車也。」王國維以爲「勹」聲（「旬」「勻」的聲符），今學者多從之；然其音實不諧，不可信。鄔可晶先生猜想其所从之「車」也許爲「熏」之省變，說見：鄔可晶《說“回”》。待考。
軍	WƏI WƏN	皸 䝍	皸 䝍	居運	見文合三去	kunh		
軍	WƏI WƏN	𨌗	𨌗	丘愧	溪脂合三B去	khuih		
軍	WƏI WƏN	齳 喗	齳 喗	魚吻	疑文合三上	ngunq		
軍	WƏI WƏN	葷	葷	許云	曉文合三平	hun		
軍	WƏI WƏN	揮 煇 輝 暉 翬 楎 瀈 㫎 𤟤	揮 煇 輝 暉 翬 楎 瀈 㫎 𤟤	許歸	曉微合三平	huj	w̥əi	
軍	WƏI WƏN	䡣	䡣	虚言	曉元開三平	hyon		
軍	WƏI WƏN	韗	韗	虚願	曉元合三去	huonh		
軍	WƏI WƏN	運 暈 餫 䩵 韗 鄆 鶤 𧡡 緷	運 暈 餫 䩵 韗 鄆 鶤 𧡡 緷	王問	云文合三去	unh	wənh	
胃	WƏT	喟	喟	苦怪	溪皆合二去	khweejh		
胃	WƏT	喟	喟	丘愧	溪脂合三B去	khuih		
胃	WƏT	䬑 𢯮 䁌 𢔥	䬑 𢯮 䁌 𢔥	王勿	云物合三入	ut	wət	
胃	WƏT	胃 謂 㥜 媦 𦩝 彙 蝟 渭 煟 𩹂 緭 𦳢 䬑	胃 謂 㥜 媦 𦩝 彙 蝟 渭 煟 𩹂 緭 𦳢 䬑	于貴	云微合三去	ujh	wəth	
寣	—	寣 𤶘	寣 𤶘	呼骨	曉沒合一入	hot	w̥ˤət	·寣，《說文》：「寣，臥驚也。一曰小兒號寣寣。一曰河内相𧦝也。从㝱省，从言。」
𢍚	—	𢍚	𢍚	于貴	云微合三去	ujh		·𢍚，《說文》：「𢍚，艸木𢍚孛之皃。从𣎵，畀聲。」「畀」非聲也。此字構形不明，待考。可參：李春桃《釋甲骨金文中的“𠏴”——兼論〈說文〉中“𤱿”字來源》、劉洪濤《〈說文〉“𤱿孛”釋義》。
熊	WƏM	熊	熊	羽弓	云東三平	ung	wəm	
巴	PA	爸	爸	捕可	並歌一上	baq		
巴	PA	巴 鈀 笆 豝 芭 㿬 蚆 吧	巴 鈀 笆 豝 芭 㿬 蚆 吧	伯加	幫麻二平	pae	prˤa	
巴	PA	把	把	愽下	幫麻二上	paeq	prˤaʔ	
巴	PA	弝 靶	弝 靶	必駕	幫麻二去	paeh	prˤah	
巴	PA	葩 鈀 妑 蚆 吧 舥 𧣃	葩 鈀 妑 蚆 吧 舥 𧣃	普巴	滂麻二平	phae	pʰrˤa	
巴	PA	帊	帊	普駕	滂麻二去	phaeh	pʰrˤah	
巴	PA	杷	杷	傍卦	並佳二去	beeh		
巴	PA	爬 杷 琶	爬 杷 琶	蒲巴	並麻二平	bae	brˤa	
巴	PA	跁 笆	跁 笆	傍下	並麻二上	baeq	brˤaʔ	
巴	PA	杷 跁 𥝧	杷 跁 𥝧	白駕	並麻二去	baeh		
步	PA	荹	荹	薄胡	並模一平	bo		
步	PA	步 𩣝 𨛒 荹	步 𩣝 𨛒 荹	薄故	並模一去	boh	bˤah	
步	PA	踄	踄	傍各	並鐸一入	bak	bˤak	
夫	PA	无	无	莫胡	明模一平	mo		
夫	PA	趺 肤 邞 鈇 衭 㠸 玞 夫 鳺 扶 𩵩 䄮 䃿 妋	趺 肤 邞 鈇 衭 㠸 玞 夫 鳺 扶 𩵩 䄮 䃿 妋	甫無	幫虞三平	puo	p(r)a	
夫	PA	麩	麩	芳無	滂虞三平	phuo		
夫	PA	扶 𢻳 芙 颫 蚨 夫 𧥱 枎 𤱽 𥄑	扶 𢻳 芙 颫 蚨 夫 𧥱 枎 𤱽 𥄑	防無	並虞三平	buo	b(r)a	
夫	PA	无	无	武夫	明虞三平	muo	m(r)a	·无，或說抽取「無」的中間形體而來（說見：董珊《釋燕系文字中的“無”字》），或說是「夫」之分化字（說見：李家浩《貴將軍虎節與辟大夫虎節——戰國符節銘文研究之一》《〈說文〉篆文有漢代小學家篡改和虛造的字形》、趙平安《秦至漢初簡帛文字與假借改造字字源考證》等），從後說。
甫	PA	逋 餔 𥂈 晡 庯 陠 鵏 𧻷 峬 誧 秿 鯆	逋 餔 𥂈 晡 庯 陠 鵏 𧻷 峬 誧 秿 鯆	博孤	幫模一平	po	pˤa	
甫	PA	補 圃	補 圃	博古	幫模一上	poq	pˤaʔ	
甫	PA	圃 𠜙	圃 𠜙	愽故	幫模一去	poh	pˤah	
甫	PA	𥠵 鋪 鯆 𩹲 𨁏 痡 誧 𧱹 陠 䮒 𢼹	𥠵 鋪 鯆 𩹲 𨁏 痡 誧 𧱹 陠 䮒 𢼹	普胡	滂模一平	pho	pʰˤa	
甫	PA	溥 誧 浦 烳	溥 誧 浦 烳	滂古	滂模一上	phoq	pʰˤaʔ	
甫	PA	悑 鋪 誧	悑 鋪 誧	普故	滂模一去	phoh	pʰˤah	
甫	PA	豧	豧	匹候	滂侯一去	phouh		
甫	PA	𩌏	𩌏	蒲候	並侯一去	bouh		
甫	PA	酺 匍 蜅 䔕 蒲 蒱 䈻	酺 匍 蜅 䔕 蒲 蒱 䈻	薄胡	並模一平	bo	bˤa	
甫	PA	捕 哺 鞴 <𩊬> 餔 鵏	捕 哺 鞴 𩊬 餔 鵏	薄故	並模一去	boh	bˤah	·鞴，盛箭器，《王三》《裴韻》皆注「〻靫」；古書又作「步叉」。《釋名》：「步叉，人步所帶，以箭叉其中也。」《玄應音義》卷十一引《通俗文》：「箭箙曰步靫。」戴震《方言疏證》謂「『韛』、『步』、『箙』並聲之轉」，不可信。按「𤰈」聲字不當讀中古暮韻，此形蓋「𩊬」之訛（也有「步叉」與「韛」義近的緣故），《切三·佳韻》楚佳反「靫」下注正作「𩊬靫」（《敦煌經部文獻合集》以爲其底本「𩊬」爲「鞴」字形訛，非是）。
甫	PA	簠	簠	甫無	幫虞三平	puo		
甫	PA	甫 脯 簠 黼 蜅 莆 俌 𥒰 鯆 郙	甫 脯 簠 黼 蜅 莆 俌 𥒰 鯆 郙	方矩	幫虞三上	puoq	p(r)aʔ	·甫，《說文》：「甫，男子美稱也。从用、父，父亦聲。」文字系統所謂的「甫」有兩個來源（可參：趙平安《〈說文〉小篆與〈說文〉未收的小篆異體》、詹鄞鑫《〈說文〉篆文校正芻議》、何琳儀《戰國古文字典》、徐寶貴《石鼓文考釋五則》等）。傳世之「甫¹」字與「尃」之聲符「甫²」並非一源：後者从「田」中有「屮」，是爲“苗圃”之｛圃｝*p(r)aʔ的表意字；謝明文謂前者來源於《合集》6813之字（謝明文於訪談中講到他有《“□”“甫”關係新探——兼釋甲骨文中的“甫”字》一文言此）。
甫	PA	麱 鋪 痡 豧 郙 㕊 秿	麱 鋪 痡 豧 郙 㕊 秿	芳無	滂虞三平	phuo	pʰ(r)a	
甫	PA	俌	俌	芳武	滂虞三上	phuoq		
甫	PA	豧 簠	豧 簠	芳遇	滂虞三去	phuoh	pʰ(r)ah	
甫	PA	輔 䩉 𩒺 秿 鬴 䪔	輔 䩉 𩒺 秿 鬴 䪔	扶雨	並虞三上	buoq	b(r)aʔ	
父	PA	抪	抪	博孤	幫模一平	po	pˤa	
父	PA	布 佈 抪 𧉩	布 佈 抪 𧉩	愽故	幫模一去	poh	pˤah	
父	PA	怖	怖	普故	滂模一去	phoh	pʰˤah	
父	PA	斧 𧉊 㕮 父 蚥	斧 𧉊 㕮 父 蚥	方矩	幫虞三上	puoq	p(r)aʔ	
父	PA	父 𩾿 滏 䭸 㕮 蚥 釜	父 𩾿 滏 䭸 㕮 蚥 釜	扶雨	並虞三上	buoq	b(r)aʔ	
並	PA PAŊ	譜	譜	博古	幫模一上	poq	pˤaʔ	
並	PA PAŊ	普	普	滂古	滂模一上	phoq	pʰˤaʔ	·普，大徐本《說文》：「普，日無色也。从日从並。」小徐本作「從日，竝聲。」「並」聲是也，見「並」下。
並	PA PAŊ	𣮧 䰃	𣮧 䰃	北朗	幫唐一上	pangq		
並	PA PAŊ	𠊧	𠊧	蒲幸	並耕二上	beengq		
並	PA PAŊ	𠊧	𠊧	蒲迸	並耕二去	beengh		
並	PA PAŊ	䰃	䰃	薄庚	並庚二平	baeng		
並	PA PAŊ	𨂝	𨂝	白銜	並銜二平	baem		·𨂝，涉水過河，又作「湴」，《說文》作「淜」，經典作「馮」。《廣韻》：「𨂝，步渡水。白銜切。一。」《玄應音義》卷十八：「湴泥：又作淜，同。排咸、白監二反，無舟渡河也。《說文》：『涉渡水也。』《玉篇》皮氷反。」《說文》：「淜，無舟渡河也。」段玉裁注：「《小雅》傳曰：『徒涉曰馮河；徒搏曰暴虎。』《爾雅·釋訓》、《論語》孔注同。淜正字；馮假借字。」中古咸、銜韻讀音與「並」「朋」聲皆不合，待考。
並	PA PAŊ	湴	湴	蒲鑑	並銜二去	baemh		
兵	PAŊ	浜 㙃	浜 㙃	布耕	幫耕二平	peeng		
兵	PAŊ	浜 㑟	浜 㑟	布梗	幫庚二上	paengq		
兵	PAŊ	兵	兵	甫明	幫庚三B平	pyaeng	praŋ	
方	PAŊ	縍 𨢐	縍 𨢐	博旁	幫唐一平	pang		
方	PAŊ	榜 牓 螃 蒡	榜 牓 螃 蒡	北朗	幫唐一上	pangq	pˤaŋʔ	
方	PAŊ	螃 搒 舫 謗	螃 搒 舫 謗	補曠	幫唐一去	pangh	pˤaŋh	
方	PAŊ	閍 祊 騯 嗙	閍 祊 騯 嗙	甫盲	幫庚二平	paeng	prˤaŋ	
方	PAŊ	榜	榜	北孟	幫庚二去	paengh		
方	PAŊ	滂 鎊 霶 雱 䨦 磅 𣂆	滂 鎊 霶 雱 䨦 磅 𣂆	普郎	滂唐一平	phang	pʰˤaŋ	
方	PAŊ	髈 䒍	髈 䒍	匹朗	滂唐一上	phangq		
方	PAŊ	磅	磅	撫庚	滂庚二平	phaeng		
方	PAŊ	傍 彷 膀 髈 䠙 趽 房 旁 篣 𨜷 螃 䅭 騯	傍 彷 膀 髈 䠙 趽 房 旁 篣 𨜷 螃 䅭 騯	步光	並唐一平	bang	bˤaŋ	
方	PAŊ	傍 徬	傍 徬	蒲浪	並唐一去	bangh	bˤaŋh	
方	PAŊ	榜 䄘 搒 蒡 篣 𩡕 騯 𣂆 𨍩	榜 䄘 搒 蒡 篣 𩡕 騯 𣂆 𨍩	薄庚	並庚二平	baeng	brˤaŋ	
方	PAŊ	方 汸 坊 蚄 肪 邡 鴋 枋 鈁 牥 趽 䄱	方 汸 坊 蚄 肪 邡 鴋 枋 鈁 牥 趽 䄱	府良	幫陽三平	puang	paŋ	
方	PAŊ	昉 倣 放 瓬	昉 倣 放 瓬	分网	幫陽三上	puangq	paŋʔ	
方	PAŊ	放 舫 趽 𨾔	放 舫 趽 𨾔	甫妄	幫陽三去	puangh	paŋh	
方	PAŊ	芳 妨 淓	芳 妨 淓	敷方	滂陽三平	phuang	pʰaŋ	
方	PAŊ	髣 彷 仿 紡 鶭 鴋	髣 彷 仿 紡 鶭 鴋	妃兩	滂陽三上	phuangq	pʰaŋʔ	
方	PAŊ	訪 妨 邡	訪 妨 邡	敷亮	滂陽三去	phuangh	pʰaŋh	
方	PAŊ	房 防 坊 魴 方 肪 鴋	房 防 坊 魴 方 肪 鴋	符方	並陽三平	buang	baŋ	
方	PAŊ	防	防	符況	並陽三去	buangh	baŋh	
彭	PAŊ	𥛱	𥛱	甫盲	幫庚二平	paeng	prˤaŋ	
彭	PAŊ	澎	澎	撫庚	滂庚二平	phaeng	pʰrˤaŋ	
彭	PAŊ	彭 澎 膨 蟚 憉	彭 澎 膨 蟚 憉	薄庚	並庚二平	baeng	brˤaŋ	
彭	PAŊ	膨	膨	蒲孟	並庚二去	baengh		
白	PAK	伯 迫 敀 百 柏 湐 𦯉 㼟	伯 迫 敀 百 柏 湐 𦯉 㼟	博陌	幫陌二入	paek	prˤak	
白	PAK	粕 胉	粕 胉	匹各	滂鐸一入	phak	pʰˤak	
白	PAK	怕	怕	普駕	滂麻二去	phaeh		
白	PAK	拍 魄 怕 皛 敀 珀 𧻙 𤖼 洦	拍 魄 怕 皛 敀 珀 𧻙 𤖼 洦	普伯	滂陌二入	phaek	pʰrˤak	
白	PAK	泊 箔	泊 箔	傍各	並鐸一入	bak	bˤak	
白	PAK	𤝡 𩹏 𦫙	𤝡 𩹏 𦫙	白駕	並麻二去	baeh		
白	PAK	白 帛 舶 鮊 𦰬	白 帛 舶 鮊 𦰬	傍陌	並陌二入	baek	brˤak	
白	PAK	陌 帞 袹 蛨 貊 佰 㹮 𩢷 洦 𢫦 𧻙 銆	陌 帞 袹 蛨 貊 佰 㹮 𩢷 洦 𢫦 𧻙 銆	莫白	明陌二入	maek	mrˤak	
白	PAK	咟	咟	胡麥	匣麥合二入	ghweek		·咟，又作「㗲」，未詳。
白	PAK	皕	皕	彼側	幫職三入	pyik		·皕，《說文》：「皕，二百也。凡皕之屬皆从皕。讀若祕。」段玉裁注：「讀若逼。逼各本作祕。按《五經文字》皕音逼。《廣韵》彼側切，至韵不收。李仁甫《五音韵諩》目錄云：『讀若逼。』本注云：『彼力切。』皆由舊也。『衋』、『奭』字以爲聲。在弟五部。逼音相近也。」
白	PAK	碧	碧	彼役	幫陌三B入	pyaek		
尃	PA PAK	博 髆 搏 鎛 㗘 𪙍 鑮 簙 䗚 猼 䍸 欂 𩌏 溥 䶈 餺 䙏 𥴮	博 髆 搏 鎛 㗘 𪙍 鑮 簙 䗚 猼 䍸 欂 𩌏 溥 䶈 餺 䙏 𥴮	補各	幫鐸一入	pak	pˤak	
尃	PA PAK	膊 𦢸 䪙 搏 蒪 𥴮	膊 𦢸 䪙 搏 蒪 𥴮	匹各	滂鐸一入	phak	pʰˤak	
尃	PA PAK	𤸵	𤸵	普故	滂模一去	phoh		
尃	PA PAK	簿	簿	裴古	並模一上	boq		
尃	PA PAK	𤸵	𤸵	薄故	並模一去	boh		
尃	PA PAK	薄 礴 簿 𩍿 鑮 𩽛 䭦	薄 礴 簿 𩍿 鑮 𩽛 䭦	傍各	並鐸一入	bak	bˤak	
尃	PA PAK	欂	欂	蒲革	並麥二入	beek	brˤək	
尃	PA PAK	縛	縛	符臥	並歌一去	bah		
尃	PA PAK	璷	璷	力居（甫無）	幫虞三平	puo		·璷，友人趙英達說：「『璷』字（魚韻臚小韻）《廣韻》讀來母，於形聲不合，這大概是《廣韻》的編者搞亂了『膚』『臚』的關係，本想將『璷』『膚』看做同音字，但錯誤地將『璷』系聯到了『臚』小韻下，導致了這個例外的讀音。」
尃	PA PAK	傅 搏	傅 搏	方遇	幫虞三去	puoh	p(r)ah	
尃	PA PAK	𩅿	𩅿	孚縛	滂藥三入	phuak		
尃	PA PAK	敷 𣞒 䎔 𧀮 尃 㩤	敷 𣞒 䎔 𧀮 尃 㩤	芳無	滂虞三平	phuo	pʰ(r)a	·尃，與「甫」聲源頭有別，見「甫」下。
尃	PA PAK	榑	榑	防無	並虞三平	buo		
尃	PA PAK	賻 𠪻	賻 𠪻	符遇	並虞三去	buoh		
尃	PA PAK	縛	縛	符钁	並藥三入	buak	bak	
尃	PA PAK	欂 𣝍	欂 𣝍	弼戟	並陌三B入	byaek		
京²	PAK	亳	亳	傍各	並鐸一入	bak	bˤak	·亳，《說文》：「亳，京兆杜陵亭也。从高省，乇聲。」｛亳｝古音*bˤak（清華簡《尹至》作「白」PAK），其聲母與「乇」TAK不合，「乇」斷非聲也。林義光《文源》謂「『亳』與『乇』不同音」，似已察其聲之異，然又云「从京、宅省，京、宅互體而省」則不可信。甲骨文中舊釋「亳」者實爲「蒿」（說見：李學勤《釋“郊”》等），不論；東周文字中舊釋「亳」者，今學者多改釋「京」。郭永秉疑傳世文獻之「亳」是自「京」字分化而出（說見：郭永秉《“京”“亭”“亳”獻疑》），很可參考；近出曾公編鐘M190:30有「京社」二字，研究者或讀｛亳社｝（參看：陳民鎮《曾公⿰田求編鐘銘文補說》），可爲郭說之佳證。按｛亳｝*bˤak、｛京｝*kraŋ聲母迥異，上引郭文所謂音近云云非是；古都邑之「京」既可稱｛京｝*kraŋ、又可稱｛亳｝*bˤak，固自然之理，古文字系統的「京」當自有見來組陽部KRAŊ、幫組鐸部PAK二讀，後者分化作「亳」耳（有變形音化的因素）。
革²	PAK	霸 𧟶 欛 灞	霸 𧟶 欛 灞	必駕	幫麻二去	paeh	pʰrˤakh	
革²	PAK	𩔈 [䨣] 䨰	𩔈 䨣 䨰	匹各	滂鐸一入	phak		·𩔈，面大皃，「䨣」省聲，俗作「奤」。·䨣，《廣韻》：「濼，陂濼。[䨣，《說文》：『雨濡革也。』]䨰，上同。」據葛信益《〈廣韻〉訛奪舉正（增定稿）》補。
奤	—	奤	奤	匹各	滂鐸一入	phak		·奤，面大皃，从「大」从「面」，爲「𩔈」之會意俗字。
𦥭	—	𦥭	𦥭	匹各	滂鐸一入	phak		·𦥭，《說文》：「𦥭，齊謂舂曰𦥭。从臼、屰聲。讀若膊。」段玉裁注：「按《廣雅》獨不載此字。疑其臿即𦥭之誤。而其㯔即許之臿也。」待考。
皮	PAI	波 碆	波 碆	博禾	幫歌一平	pa	pˤai	
皮	PAI	跛 簸 駊 㝿	跛 簸 駊 㝿	布火	幫歌一上	paq	pˤaiʔ	
皮	PAI	簸	簸	補過	幫歌一去	pah	pˤaih	
皮	PAI	頗 坡 玻	頗 坡 玻	滂禾	滂歌一平	pha	pʰˤai	
皮	PAI	駊 頗 𡽠	駊 頗 𡽠	普火	滂歌一上	phaq	pʰˤaiʔ	
皮	PAI	破 頗	破 頗	普過	滂歌一去	phah	pʰˤaih	
皮	PAI	婆 蔢 碆	婆 蔢 碆	薄波	並歌一平	ba	bˤai	
皮	PAI	陂 詖 𥀍 𨧦	陂 詖 𥀍 𨧦	彼爲	幫支三B平	pye	p(r)ai	
皮	PAI	彼 柀 佊	彼 柀 佊	甫委	幫支三B上	pyeq	p(r)aiʔ	
皮	PAI	佊 詖 貱 陂 跛	佊 詖 貱 陂 跛	彼義	幫支三B去	pyeh	p(r)aih	
皮	PAI	鈹 帔 鮍 披 𤱍 耚 狓 翍 旇 秛 𤿎 㱟	鈹 帔 鮍 披 𤱍 耚 狓 翍 旇 秛 𤿎 㱟	敷羈	滂支三B平	phye	pʰ(r)ai	
皮	PAI	㱟 紴 披	㱟 紴 披	匹靡	滂支三B上	phyeq	pʰ(r)aiʔ	
皮	PAI	帔 秛	帔 秛	披義	滂支三B去	phyeh	pʰ(r)aih	
皮	PAI	皮 疲	皮 疲	符羈	並支三B平	bye	b(r)ai	
皮	PAI	被	被	皮彼	並支三B上	byeq	b(r)aiʔ	
皮	PAI	髲 被 鞁 㢰 旇 𤿙	髲 被 鞁 㢰 旇 𤿙	平義	並支三B去	byeh	b(r)aih	
皮	PAI	骳	骳	文彼	明支三B上	myeq		
釆	PAI PAN	皤 紴 嶓 番	皤 紴 嶓 番	博禾	幫歌一平	pa	pˤai	
釆	PAI PAN	播 𢿥 番 譒	播 𢿥 番 譒	補過	幫歌一去	pah	pˤaih	
釆	PAI PAN	𤳖	𤳖	北潘	幫寒一平	pan		
釆	PAI PAN	潘 㽃 番 㢖 𤺏	潘 㽃 番 㢖 𤺏	普官	滂寒一平	phan	pʰˤan	
釆	PAI PAN	鄱 皤 𩕏	鄱 皤 𩕏	薄波	並歌一平	ba	bˤai	
釆	PAI PAN	[番] 磻 蟠	番 磻 蟠	薄官	並寒一平	ban	bˤan	·番，《廣韻》：「縏，[小囊也。番，]番和，縣名，在涼州。」據葛信益《〈廣韻〉訛奪舉正（增定稿）》補。
釆	PAI PAN	釆	釆	蒲莧	並山二去	beenh		
釆	PAI PAN	蕃 藩 轓 鱕 籓 鐇	蕃 藩 轓 鱕 籓 鐇	甫煩	幫元三平	puon	pan	
釆	PAI PAN	橎	橎	府遠	幫元三上	puonq	panʔ	
釆	PAI PAN	飜 翻 旛 番 幡 𤄫 𤄜 轓 繙	飜 翻 旛 番 幡 𤄫 𤄜 轓 繙	孚袁	滂元三平	phuon	pʰan	
釆	PAI PAN	番 蹯 繙 燔 膰 羳 𩐏 鷭 蟠 蕃 𪖇 鐇 璠 𥢌 㺕 襎 墦 𢐲 䮳 旛 藩	番 蹯 繙 燔 膰 羳 𩐏 鷭 蟠 蕃 𪖇 鐇 璠 𥢌 㺕 襎 墦 𢐲 䮳 旛 藩	附袁	並元三平	buon	ban	
釆	PAI PAN	㺕	㺕	皮變	並仙三B去	byenh	branh	
班	PAN	班 斑	班 斑	布還	幫刪二平	paen	prˤan	
般	PAN	般 䈲	般 䈲	北潘	幫寒一平	pan	pˤan	
般	PAN	螌 䰉 般	螌 䰉 般	布還	幫刪二平	paen	prˤan	
般	PAN	槃 盤 鎜 瘢 幋 磐 䰉 般 搫 鞶 𪄀 𥈼 媻 縏 𪒀 䈲 𤠍	槃 盤 鎜 瘢 幋 磐 䰉 般 搫 鞶 𪄀 𥈼 媻 縏 𪒀 䈲 𤠍	薄官	並寒一平	ban	bˤan	
般	PAN	媻 搫	媻 搫	薄波	並歌一平	ba	bˤai	
棥	PAN	攀	攀	普班	滂刪二平	phaen	pʰrˤan	
棥	PAN	襻	襻	普患	滂刪二去	phaenh		
棥	PAN	樊 蠜 礬 𨟄 棥 𧢜	樊 蠜 礬 𨟄 棥 𧢜	附袁	並元三平	buon	ban	
棥	PAN	䫶	䫶	符分	並文三平	bun	bən	
煩	PAN	煩 𨆌 薠 𢶃	煩 𨆌 薠 𢶃	附袁	並元三平	buon	ban	·煩，《說文》：「煩，熱頭痛也。从頁从火。一曰焚省聲。」
緐	PAN	繁	繁	薄官	並寒一平	ban	bˤan	
緐	PAN	繁	繁	薄波	並歌一平	ba		
緐	PAN	繁 蘩 瀿 䋣	繁 蘩 瀿 䋣	附袁	並元三平	buon	ban	·䋣，《說文》：「䋣，馬髦飾也。从糸，每聲。《春秋傳》曰：『可以稱旌緐乎？』𦅳，䋣或从𢍙。𢍙，籀文弁。」之部「每」與之不密合，非聲。古文字「緐」是個整體表意字，可參：陳劍《釋金文的“毒”字》。
緐	PAN	㶗	㶗	符万	並元三去	buonh	banh	
反	PAN	粄 瓪 昄	粄 瓪 昄	博管	幫寒一上	panq		
反	PAN	𠯘	𠯘	博慢	幫寒一去	panh		
反	PAN	扳	扳	布還	幫刪二平	paen		
反	PAN	版 板 蝂 瓪 昄 鈑	版 板 蝂 瓪 昄 鈑	布綰	幫刪二上	paenq	prˤanʔ	
反	PAN	扳 眅	扳 眅	普班	滂刪二平	phaen		
反	PAN	眅	眅	普板	滂刪二上	phaenq		
反	PAN	阪 昄 魬	阪 昄 魬	扶板	並刪二上	baenq	brˤanʔ	
反	PAN	反 䡊 阪 坂 返	反 䡊 阪 坂 返	府遠	幫元三上	puonq	panʔ	
反	PAN	販 畈	販 畈	方願	幫元三去	puonh		
反	PAN	反	反	孚袁	滂元三平	phuon	pʰan	
反	PAN	㽹 㤆 汳	㽹 㤆 汳	芳万	滂元三去	phuonh	pʰanh	
反	PAN	飯	飯	扶晚	並元三上	buonq		
反	PAN	飯	飯	符万	並元三去	buonh		
半	PAN	䉽 䬳	䉽 䬳	博管	幫寒一上	panq		
半	PAN	半 絆 靽 姅 𩢔 㪵	半 絆 靽 姅 𩢔 㪵	博慢	幫寒一去	panh	pˤanh	
半	PAN	拌	拌	普官	滂寒一平	phan	pʰˤan	
半	PAN	坢 𧺾	坢 𧺾	普半	滂寒一上	phanq	pʰˤanʔ	
半	PAN	判 泮 頖 胖 姅 冸 牉	判 泮 頖 胖 姅 冸 牉	普半	滂寒一去	phanh	pʰˤanh	
半	PAN	柈	柈	薄官	並寒一平	ban	bˤan	
半	PAN	伴 拌	伴 拌	蒲旱	並寒一上	banq	bˤanʔ	
半	PAN	叛 𡞟 畔 伴	叛 𡞟 畔 伴	薄半	並寒一去	banh	bˤanh	
半	PAN	袢	袢	附袁	並元三平	buon	ban	
㚘	—	㚘	㚘	蒲旱	並寒一上	banq	bˤanʔ	
𠔯	—	𠔯	𠔯	布還	幫刪二平	paen		·𠔯，《說文》：「𠔯，賦事也。从菐从八。八，分之也。八亦聲。讀若頒。一曰讀若非。」
犮	PAT PƏT	袚 茇 盋 䳊 帗	袚 茇 盋 䳊 帗	北末	幫末一入	pat	pˤat	
犮	PAT PƏT	㺴 <𤤒>	㺴 𤤒	博拔	幫黠二入	peet		
犮	PAT PƏT	䯋	䯋	苦曷	並末一入	bat		·䯋，《切韻》系韻書收溪母地方，與「犮」聲字形不合。頗疑或有早期字韻書切語上字作「菩」（與《廣韻》蒲撥切「䯋」同音的「炦」於《名義》反菩曷，可爲旁證），而後訛作「苦」，遂誤收入苦曷切。
犮	PAT PƏT	𢂤	𢂤	蒲昧	並灰一去	bojh		
犮	PAT PƏT	跋 𧺺 魃 𢇷 軷 䣮 馛 炦 颰 妭 犮 拔 胈 鈸 䳊 䮂 菝 坺 𩃶 茇 䯋	跋 𧺺 魃 𢇷 軷 䣮 馛 炦 颰 妭 犮 拔 胈 鈸 䳊 䮂 菝 坺 𩃶 茇 䯋	蒲撥	並末一入	bat	bˤat	
犮	PAT PƏT	軷	軷	蒲蓋	並泰一去	bajh	bˤath	
犮	PAT PƏT	拔 菝 𥎱	拔 菝 𥎱	蒲八	並黠二入	beet	brˤət	
犮	PAT PƏT	蛂	蛂	蒲結	並屑四入	bet		·蛂，《爾雅》：「蛂，蟥蛢。」陸德明釋文：「謝音弗；沈符結反；《字林》夫替反。」
犮	PAT PƏT	紱 黻 韍 翇 冹 帗	紱 黻 韍 翇 冹 帗	分勿	幫物三入	put	pət	
犮	PAT PƏT	髮 𩠖 𩑛 <𩑱> 颰 冹	髮 𩠖 𩑛 𩑱 颰 冹	方伐	幫月三入	puot	pat	
犮	PAT PƏT	祓	祓	敷勿	滂物三入	phut	pʰət	
犮	PAT PƏT	瞂 拔 坺	瞂 拔 坺	房越	並月三入	buot	bat	
癹	PAT	撥 癶 鱍 𩯌 襏 𦪑 驋	撥 癶 鱍 𩯌 襏 𦪑 驋	北末	幫末一入	pat	pˤat	
癹	PAT	鏺 𢯸 𨂩 𨡩 𣸍 鱍 𦫔 𠷑	鏺 𢯸 𨂩 𨡩 𣸍 鱍 𦫔 𠷑	普活	滂末一入	phat	pʰˤat	
癹	PAT	癹 䚨	癹 䚨	蒲撥	並末一入	bat	bˤat	
癹	PAT	發	發	方伐	幫月三入	puot	pat	
癹	PAT	廢 癈 𤼺 橃 祓 𥳊 䉬 䚨	廢 癈 𤼺 橃 祓 𥳊 䉬 䚨	方肺	幫廢三去	puojh	path	
癹	PAT	橃	橃	房越	並月三入	buot	bat	
拜	PAT	𢷎 拜	𢷎 拜	博怪	幫皆二去	peejh	prˤath	
拜	PAT	湃	湃	普拜	滂皆二去	pheejh	pʰrˤath	
貝	PAT	貝 鋇 䟺 狽	貝 鋇 䟺 狽	愽蓋	幫泰一去	pajh	pˤath	
貝	PAT	敗	敗	補邁	幫夬二去	paejh	prˤath	
貝	PAT	垻	垻	必駕	幫麻二去	paeh		
貝	PAT	浿	浿	普蓋	滂泰一去	phajh	pʰˤath	
貝	PAT	浿	浿	普拜	滂皆二去	pheejh	pʰrˤath	
貝	PAT	䟺	䟺	蒲蓋	並泰一去	bajh	bˤath	
貝	PAT	敗 贁 䢙 唄	敗 贁 䢙 唄	薄邁	並夬二去	baejh	brˤath	
伐	PAT	筏	筏	北末	幫末一入	pat		
伐	PAT	茷	茷	愽蓋	幫泰一去	pajh	pˤath	
伐	PAT	伐 筏 栰 閥 垡 茷 䣹	伐 筏 栰 閥 垡 茷 䣹	房越	並月三入	buot	bat	
伐	PAT	茷	茷	符廢	並廢三去	buojh	bath	
罰	PAT	罰 藅	罰 藅	房越	並月三入	buot	bat	·罰，《說文》：「罰，辠之小者。从刀从詈。未以刀有所賊，但持刀罵詈，則應罰。」未詳。
吠	PAT	吠 𩵥 鼣	吠 𩵥 鼣	符廢	並廢三去	buojh	bath	
巿	PAT	䢌 㤄	䢌 㤄	北末	幫末一入	pat	pˤat	
巿	PAT	沛 𨙶 芾 㸬 伂 䰽 𣬪 𥄔 𢂏	沛 𨙶 芾 㸬 伂 䰽 𣬪 𥄔 𢂏	愽蓋	幫泰一去	pajh	pˤath	
巿	PAT	㧊 䣪 𧘟 䍨	㧊 䣪 𧘟 䍨	普活	滂末一入	phat	pʰˤat	
巿	PAT	霈 沛 𥄔 㤄	霈 沛 𥄔 㤄	普蓋	滂泰一去	phajh	pʰˤath	
巿	PAT	䟛 𧺡	䟛 𧺡	蒲撥	並末一入	bat		
巿	PAT	旆	旆	蒲蓋	並泰一去	bajh	bˤath	
巿	PAT	芾 䟛	芾 䟛	方味	幫微三去	pujh	path	
巿	PAT	芾 巿	芾 巿	分勿	幫物三入	put	pət	
巿	PAT	肺 杮 㤄 䑔	肺 杮 㤄 䑔	方廢	滂廢三去	phuojh	pʰath	
巿	PAT	㤄	㤄	拂伐	滂月三入	phuot		
巿	PAT	䑔	䑔	房越	並月三入	buot		
麃	PAU	藨	藨	普袍	滂豪一平	phaw	pʰˤau	
麃	PAU	麃	麃	薄交	並肴二平	baew	brˤau	
麃	PAU	鑣 𧥍 臕 儦 瀌 𦔩 藨	鑣 𧥍 臕 儦 瀌 𦔩 藨	甫嬌	幫宵三B平	pyew	p(r)au	
麃	PAU	𧞧	𧞧	陂矯	幫宵三B上	pyewq	p(r)auʔ	
麃	PAU	麃	麃	滂表	滂宵三B上	phyewq	pʰ(r)auʔ	
麃	PAU	𩙒 犥	𩙒 犥	撫招	滂宵三A平	phiew		
麃	PAU	犥 皫	犥 皫	敷沼	滂宵三A上	phiewq		
麃	PAU	鄜 <𨞻>	鄜 𨞻	芳無	滂虞三平	phuo		·𨞻，《說文》：「𨞻，左馮翊縣。从邑，麃聲。 」
麃	PAU	藨 𦳤	藨 𦳤	平表	並宵三B上	byewq	b(r)auʔ	
麃	PAU	瀌	瀌	皮彪	並幽三平	byiw		
暴	PAUK	爆 襮	爆 襮	補各	幫鐸一入	pak	pˤauk	
暴	PAUK	襮 犦 𪇰	襮 犦 𪇰	博沃	幫沃一入	pok	pˤauk	
暴	PAUK	𪇰	𪇰	博木	幫屋一入	pouk		
暴	PAUK	𦢊 嚗 爆 𪇰 㿺	𦢊 嚗 爆 𪇰 㿺	北角	幫覺二入	poeuk	prˤauk	
暴	PAUK	𧭤 𢖔 爆	𧭤 𢖔 爆	北敎	幫肴二去	paewh	prˤaukh	
暴	PAUK	㩧 謈	㩧 謈	匹角	滂覺二入	phoeuk	pʰrˤauk	
暴	PAUK	暴 曝 瀑	暴 曝 瀑	蒲木	並屋一入	bouk		
暴	PAUK	暴 曝 瀑 𪇰	暴 曝 瀑 𪇰	薄報	並豪一去	bawh	bˤaukh	
暴	PAUK	謈 犦 𦢊 懪 㩧	謈 犦 𦢊 懪 㩧	蒲角	並覺二入	boeuk	brˤauk	
虣	PAUK	虣	虣	薄報	並豪一去	bawh	bˤaukh	
爻²	PAUK	駁	駁	北角	幫覺二入	poeuk	pˤrauk	·駁，《說文》以爲「爻」聲，或據以構擬*pk-複輔音，似非。古文字「爻」聲字或讀｛暴｝｛貌｝｛廟｝等唇音詞、傳世「駁」亦如此，其聲母與牙喉音遠隔，鄔可晶疑這類「爻²」乃“斑駁”之｛駁｝的表意字，與充任「教」「肴」等字聲旁的「爻¹」非一聲，說見：鄔可晶《出土〈詩經〉文獻所見異文選釋》。今從鄔說。
凡	PƏM PAM	芃 𩖛	芃 𩖛	薄紅	並東一平	boung		
凡	PƏM PAM	嵐 葻	嵐 葻	盧含	來覃開一平	lom		
凡	PƏM PAM	風 飌 楓 猦 偑 檒 𧆉	風 飌 楓 猦 偑 檒 𧆉	方戎	幫東三平	pung	pəm	
凡	PƏM PAM	諷 風	諷 風	方鳳	幫東三去	pungh	pəmh	
凡	PƏM PAM	釩	釩	峯犯	滂凡三上	phuomq		
凡	PƏM PAM	汎 𠆩	汎 𠆩	孚梵	滂凡三去	phuomh		
凡	PƏM PAM	堸 汎 芃 渢 梵	堸 汎 芃 渢 梵	房戎	並東三平	bung	bəm	
凡	PƏM PAM	鳳	鳳	馮貢	並東三去	bungh	bəmh	
凡	PƏM PAM	凡 帆 𠆩 颿	凡 帆 𠆩 颿	符咸(䒦)	並凡三平	buom	bam	
凡	PƏM PAM	軓	軓	防錽	並凡三上	buomq	bamʔ	
凡	PƏM PAM	梵 帆 颿	梵 帆 颿	扶泛	並凡三去	buomh		
凡	PƏM PAM	𩖣	𩖣	徐林	邪侵開三平	zim		·𩖣，《廣韻》：「𩖣，姓也。《姓苑》云汝南人。」待考。
㔾	PAM	𥐗	𥐗	府廉	幫鹽三B平	pyem		
㔾	PAM	䀀 氾	䀀 氾	孚梵	滂凡三去	phuomh	pʰamh	
㔾	PAM	𦨲 氾	𦨲 氾	符咸(䒦)	並凡三平	buom	bam	
㔾	PAM	范 範 笵 犯 𧍙	范 範 笵 犯 𧍙	防錽	並凡三上	buomq	bamʔ	
𡬯	—	𦥘	𦥘	方斂	幫鹽三B上	pyemq		·𦥘，《說文》：「𡬯，傾覆也。从寸，𦥑覆之。寸，人手也。从巢省。杜林說：以爲貶損之貶。」未詳。
乏	PAP PAM	䍇	䍇	徒盍	定盍開一入	dap		·䍇，《說文》：「䍇，下平缶也。从缶、乏聲。讀若𦐇。」
乏	PAP PAM	眨	眨	側洽	莊洽開二入	tsreep		·眨，或說爲「乏」聲，聲母不合，未詳，姑且置此。
乏	PAP PAM	砭	砭	府廉	幫鹽三B平	pyem		
乏	PAP PAM	貶	貶	方斂	幫鹽三B上	pyemq	pramʔ	
乏	PAP PAM	窆 砭	窆 砭	方驗	幫鹽三B去	pyemh	pramh	
乏	PAP PAM	覂 𢇫	覂 𢇫	方勇	幫鍾三上	puongq		
乏	PAP PAM	䒦	䒦	匹凡	滂凡三平	phuom	pʰam	
乏	PAP PAM	泛 𥁔 䒦 姂	泛 𥁔 䒦 姂	孚梵	滂凡三去	phuomh	pʰamh	
乏	PAP PAM	姂	姂	起法	滂乏三入	phuop		·姂，起法切之聲母與「乏」聲字形不合，疑所據切語上字本作「赴」（如《廣雅音》赴乏反），誤識爲「起」而誤收溪母讀法。
乏	PAP PAM	柉	柉	符咸(䒦)	並凡三平	buom		
乏	PAP PAM	乏 泛 姂	乏 泛 姂	房法	並乏三入	buop	bap	
乏	PAP PAM	𪀐	𪀐	皮及	並緝三B入	byip		
乏	PAP PAM	㞏	㞏	直立	澄緝開三入	drip		·㞏，《說文》：「㞏，㞚㞏也。从尸，乏聲。」
乏	PAP PAM	𪀐	𪀐	居立	見緝開三B入	kyip		
乏	PAP PAM	𪀐	𪀐	其輒	羣葉開三B入	gyep		
灋	PAP	法 灋	法 灋	方乏	幫乏三入	puop	pap	·灋，或說爲「去(盍)」聲，待考。
灋	PAP	𥎰	𥎰	孚法	滂乏三入	phuop		
武	MA	武 珷 碔 鵡 娬	武 珷 碔 鵡 娬	文甫	明虞三上	muoq	m(r)aʔ	
武	MA	賦 陚	賦 陚	方遇	幫虞三去	puoh	p(r)ah	
舞	MA	膴 幠	膴 幠	荒烏	曉模一平	ho	m̥ˤa	
舞	MA	橅 墲 䉑	橅 墲 䉑	莫胡	明模一平	mo	mˤa	
舞	MA	墲	墲	普胡	滂模一平	pho	pʰˤa	
舞	MA	鄦	鄦	虚吕	曉魚開三上	hyoq	m̥aʔ	
舞	MA	無 瞴 膴 蕪 璑 𨼊 䉑 鷡 𦌬 譕 墲 憮 䍢	無 瞴 膴 蕪 璑 𨼊 䉑 鷡 𦌬 譕 墲 憮 䍢	武夫	明虞三平	muo	m(r)a	
舞	MA	舞 儛 嫵 𦌬 憮 㒇 廡 𢋑 甒 潕 膴 瞴 䒉 𣞤	舞 儛 嫵 𦌬 憮 㒇 廡 𢋑 甒 潕 膴 瞴 䒉 𣞤	文甫	明虞三上	muoq	m(r)aʔ	
舞	MA	𦆞	𦆞	亡遇	明虞三去	muoh		
舞	MA	撫 䌗	撫 䌗	芳武	滂虞三上	phuoq	pʰ(r)aʔ	
馬	MA	媽	媽	莫補	明模一上	moq		
馬	MA	馬 碼 䣕 罵 𥧓 鷌 鰢	馬 碼 䣕 罵 𥧓 鷌 鰢	莫下	明麻二上	maeq	mrˤaʔ	
馬	MA	禡 榪 㾺 罵 䧞 䣕 𧪨 傌	禡 榪 㾺 罵 䧞 䣕 𧪨 傌	莫駕	明麻二去	maeh	mrˤah	
巫	MA	誣 巫 莁 𢃀	誣 巫 莁 𢃀	武夫	明虞三平	muo	m(r)a	
皿	MAŊ	猛 蜢 艋	猛 蜢 艋	莫幸(杏)	明庚二上	maengq	mrˤaŋʔ	
皿	MAŊ	孟 䁅	孟 䁅	莫更	明庚二去	maengh	mrˤaŋh	
皿	MAŊ	䁅	䁅	武幸	明耕二上	meengq		
皿	MAŊ	皿 𥥊	皿 𥥊	武永	明庚三B上	myaengq	mraŋʔ	
亡	MAŊ	荒 𥡃 肓 衁 𩣐 𥿼 㠵 𧧢 䀮 𣆖 㡆 巟 𣺬	荒 𥡃 肓 衁 𩣐 𥿼 㠵 𧧢 䀮 𣆖 㡆 巟 𣺬	呼光	曉唐合一平	hwang	m̥ˤaŋ	
亡	MAŊ	䐠	䐠	呼郎	曉唐開一平	hang		
亡	MAŊ	慌 𡧽 㬻 𣆖 𧧢	慌 𡧽 㬻 𣆖 𧧢	呼晃	曉唐合一上	hwangq	m̥ˤaŋʔ	
亡	MAŊ	荒	荒	呼浪	曉唐合一去	hwangh	m̥ˤaŋh	
亡	MAŊ	茫 吂 䀮 汒 恾 忙 朚 邙 芒 𥐞 杗 𡩩 𨛌	茫 吂 䀮 汒 恾 忙 朚 邙 芒 𥐞 杗 𡩩 𨛌	莫郎	明唐一平	mang	mˤaŋ	
亡	MAŊ	㟐	㟐	摸朗	明唐一上	mangq		
亡	MAŊ	吂 㟐	吂 㟐	莫浪	明唐一去	mangh		
亡	MAŊ	盲 蝱 䥰	盲 蝱 䥰	武庚	明庚二平	maeng	mrˤaŋ	
亡	MAŊ	朚	朚	莫更	明庚二去	maengh	mrˤaŋh	
亡	MAŊ	氓 甿	氓 甿	莫耕	明耕二平	meeng		
亡	MAŊ	㼹	㼹	苦岡	溪唐開一平	khang		
亡	MAŊ	𢻬	𢻬	芳武	滂虞三上	phuoq		
亡	MAŊ	𧧢	𧧢	許昉	曉陽合三上	huangq		
亡	MAŊ	亡 芒 莣 鋩 硭 杗 朚 邙 𨛌 望	亡 芒 莣 鋩 硭 杗 朚 邙 𨛌 望	武方	明陽三平	muang	maŋ	
亡	MAŊ	網 罔 輞 棢 惘 菵 誷 𡔞 𦖉 魍	網 罔 輞 棢 惘 菵 誷 𡔞 𦖉 魍	文兩	明陽三上	muangq	maŋʔ	
亡	MAŊ	妄 望 朢 忘 汒 𧫢	妄 望 朢 忘 汒 𧫢	巫放	明陽三去	muangh	maŋh	
网	MAŊ	网 蛧	网 蛧	文兩	明陽三上	muangq	maŋʔ	
𦣠	MAŊ	朢	朢	武方	明陽三平	muang	maŋ	
𦣠	MAŊ	朢	朢	巫放	明陽三去	muangh	maŋh	
茻	MA MAK MAŊ	莫 幕 鄚 膜 鏌 摸 漠 瘼 寞 瞙 嗼 塻 𣩎 𢊗 𡈗 𠢓	莫 幕 鄚 膜 鏌 摸 漠 瘼 寞 瞙 嗼 塻 𣩎 𢊗 𡈗 𠢓	慕各	明鐸一入	mak	mˤak	
茻	MA MAK MAŊ	暮 慕 募 墓 慔 𥰻	暮 慕 募 墓 慔 𥰻	莫故	明模一去	moh	mˤa(k)h	
茻	MA MAK MAŊ	𡠜 𡖶 貘 驀 嗼	𡠜 𡖶 貘 驀 嗼	莫白	明陌二入	maek	mrˤak	
茻	MA MAK MAŊ	鬕	鬕	莫駕	明麻二去	maeh	mrˤa(k)h	
茻	MA MAK MAŊ	模 摸 嫫 謨 𠻚 膜	模 摸 嫫 謨 𠻚 膜	莫胡	明模一平	mo	mˤa	
茻	MA MAK MAŊ	莽 䥈	莽 䥈	莫補	明模一上	moq	mˤaʔ	
茻	MA MAK MAŊ	蟆	蟆	莫霞	明麻二平	mae		
茻	MA MAK MAŊ	莽 茻 䁳 䒎 㬒 䥈 蟒 漭	莽 茻 䁳 䒎 㬒 䥈 蟒 漭	摸朗	明唐一上	mangq	mˤaŋʔ	
茻	MA MAK MAŊ	漭	漭	莫浪	明唐一去	mangh	mˤaŋh	
茻	MA MAK MAŊ	莽	莽	莫厚	明侯一上	mouq		
𣏟	MAI	𣏟 𣎳	𣏟 𣎳	匹卦	滂佳二去	pheeh		
𣏟	MAI	摩 𩞁 𥂓 𡡉 魔 䯢 磨 劘 𦟟 𦣆 䭩	摩 𩞁 𥂓 𡡉 魔 䯢 磨 劘 𦟟 𦣆 䭩	莫婆	明歌一平	ma	mˤai	
𣏟	MAI	麼 𣋟 懡	麼 𣋟 懡	亡果	明歌一上	maq	mˤaiʔ	
𣏟	MAI	磨 䃺 塺 摩	磨 䃺 塺 摩	摸卧	明歌一去	mah	mˤaih	
𣏟	MAI	麻 犘 𪓹 𩔶 痲 𥂓 㦄	麻 犘 𪓹 𩔶 痲 𥂓 㦄	莫霞	明麻二平	mae	mrˤai	
𣏟	MAI	塺	塺	莫杯	明灰一平	moj	mˤəi	
𣏟	MAI	𪎮 麾	𪎮 麾	許爲	曉支合三B平	hue		
𣏟	MAI	糜 縻 㸏 𪎕 蘼 䊳 𪎭 𦗕 醿	糜 縻 㸏 𪎕 蘼 䊳 𪎭 𦗕 醿	靡爲	明支三B平	mye	m(r)ai	
𣏟	MAI	靡 𨇻 𪎓 𦗕 𡬍 蘼	靡 𨇻 𪎓 𦗕 𡬍 蘼	文彼	明支三B上	myeq	m(r)aiʔ	
𣏟	MAI	𦗕	𦗕	武悲	明脂三B平	myi		
乜	—	乜	乜	彌也	明麻三A上	miaeq		
免	MAN	鞔 悗 絻	鞔 悗 絻	母官	明寒一平	man		
免	MAN	浼	浼	武罪	明灰一上	mojq		
免	MAN	𥇅	𥇅	武簡	明山二上	meenq		
免	MAN	晚 娩 挽 輓 㝃 脕	晚 娩 挽 輓 㝃 脕	無遠	明元三上	muonq	manʔ	
免	MAN	輓 娩 𩆊 𦂔 脕	輓 娩 𩆊 𦂔 脕	無販	明元三去	muonh	manh	·𩆊，或訛作「䨲」。
免	MAN	免 娩 勉 俛 鮸 㝃 冕 絻	免 娩 勉 俛 鮸 㝃 冕 絻	亡辨	明仙三B上	myenq	mranʔ	
免	MAN	絻 莬 脕 娩	絻 莬 脕 娩	亡運	明文三去	munh		
免	MAN	嬎 婏 奿	嬎 婏 奿	芳万	滂元三去	phuonh		·嬎，《方言》：「抱㛯，耦也。荊吳江湖之間曰抱㛯，宋潁之間或曰㛯。」郭璞注：「抱，音赴；㛯，孚萬反，一作嬎。」《說文》：「𡢎，生子齊均也。从女从生，免聲。」·婏，《說文》：「婏，兔子也。婏，疾也。从女、兔。」頗疑芳万切之「婏」、「奿」爲「嬎」之省訛字，芳遇切之「婏」蓋讀｛赴｝之音。
㒼	MAN	蹣	蹣	薄官	並寒一平	ban		
㒼	MAN	瞞 顢 蹣 慲 㒼 樠 𤡁 鬗	瞞 顢 蹣 慲 㒼 樠 𤡁 鬗	母官	明寒一平	man	mˤan	
㒼	MAN	滿 懣 𢟮 𥲈 鏋	滿 懣 𢟮 𥲈 鏋	莫旱	明寒一上	manq	mˤanʔ	
㒼	MAN	樠 璊 𣯩 䊟	樠 璊 𣯩 䊟	莫奔	明魂一平	mon	mˤən	
㒼	MAN	懣	懣	模本	明魂一上	monq	mˤənʔ	
㒼	MAN	懣	懣	莫困	明魂一去	monh	mˤənh	
㒼	MAN	䤍	䤍	莫兮	明齊四平	mej		·䤍，《名義·酉部》：「䤍，普安反。醭。」《切三·齊韻》莫奚反：「䤍，醭䤍，𤖕酢上白。醭字，怖僕反。」《龍龕·酉部》：「䤍，音迷。醭䤍醬上白也。醭音普木反。郭迻又潘、㬅二音。」齊韻音於字形不諧，寒韻讀法合之。待考。
㒼	MAN	樠	樠	武元	明元三平	muon	man	
㒼	MAN	䝡 鬗	䝡 鬗	無販	明元三去	muonh	manh	
曼	MAN	䟂	䟂	莫奔	明魂一平	mon		
曼	MAN	謾 䊡 饅 鏝 槾 墁 鰻 曼 蔓 䜱 䟂 𦔔	謾 䊡 饅 鏝 槾 墁 鰻 曼 蔓 䜱 䟂 𦔔	母官	明寒一平	man	mˤan	·曼，《說文》：「曼，引也。从又，冒聲。」其說不可信。「曼」从「冃」、「𭆲」省聲，說見：趙平安《“曼”的形、音、義》等。古文字从「目」在二手之間的「𭆲」有兩類讀音：①明組元部MAN，以之爲聲的「曼」是其證；②云組真部WIŊ，其例如：衛侯之孫書鐘：「𭆲(洵)樂妰(且)康。」是讀「𭆲」爲｛洵｝（說見：抱小(蔡偉)《說衛侯之孫書鐘的“𭆲”字》）；清華竹簡八《攝命》簡1：「余亦△(惸)窮亡可事(使)。」字「△」作「⿳穴目又」而讀爲｛惸｝（可參：鄔可晶《試釋清華簡〈攝命〉的“敻”字》），可分析爲「𭆲」省聲。
曼	MAN	縵 幔 漫 𣁜 𦔔 獌 䝢 墁 鏝 謾	縵 幔 漫 𣁜 𦔔 獌 䝢 墁 鏝 謾	莫半	明寒一去	manh	mˤanh	
曼	MAN	獌 鬘 謾 䅼	獌 鬘 謾 䅼	莫還	明刪二平	maen	mrˤan	
曼	MAN	慢 嫚 謾 縵	慢 嫚 謾 縵	謨晏	明刪二去	maenh	mrˤanh	
曼	MAN	㿸	㿸	無遠	明元三上	muonq		
曼	MAN	蔓 曼 蟃 鰻 𨞼 獌 䡬 㿸	蔓 曼 蟃 鰻 𨞼 獌 䡬 㿸	無販	明元三去	muonh	manh	
曼	MAN	謾 𣡠	謾 𣡠	武延	明仙三A平	mien		
芇	—	芇	芇	母官	明寒一平	man		·芇，《說文》：「芇，相當也。闕。讀若宀。」段玉裁注：「《廣韵》曰：『今人賭物相折謂之芇。』按《廣雅》：『芇，當也。』亡殄、亡安二切。俗本譌作『㒼』。」此字不見於古文字材料。或云「繭」从之，如《六書故》引《說文》从「芇」、《集韻》引《說文》謂「芇」聲；然「繭」「芇」聲母迥異，非聲；且「𧁥」本獨體象形字（見《集成》00804、《新收》0801），象架上有兩繭之形，非所謂从「芇」。或云「芇」「㒼」一字之分化，待考。
芇	—	芇	芇	彌殄	明先四上	menq		
芇	—	芇	芇	武延	明仙三A平	mien		
㾺	—	㾺	㾺	謨晏	明刪二去	maenh		
㾺	—	㾺	㾺	丑晏	徹刪開二去	trhaenh		·㾺，未詳。
末	MAT	末 昩 𩑷 䴲 䬴 秣 𥬎 靺 韎 粖 䱅 眜 抹 妺 𠇱 𢗿 𡊉 𩿣 沫 𦫕 袜	末 昩 𩑷 䴲 䬴 秣 𥬎 靺 韎 粖 䱅 眜 抹 妺 𠇱 𢗿 𡊉 𩿣 沫 𦫕 袜	莫撥	明末一入	mat	mˤat	
末	MAT	眜 沫 枺	眜 沫 枺	莫貝	明泰一去	majh	mˤath	
末	MAT	帓	帓	莫鎋	明鎋二入	maet		
末	MAT	粖	粖	莫結	明屑四入	met		
末	MAT	韎	韎	莫拜	明皆二去	meejh		
毛	MAU	䫽 㲏	䫽 㲏	普袍	滂豪一平	phaw		
毛	MAU	秏	秏	呼到	曉豪開一去	hawh		
毛	MAU	㕰	㕰	許角	曉覺二入	hoeuk		
毛	MAU	秏	秏	荒内	曉灰合一去	hojh		·秏，稻名，又訛作「耗」，《說文》：「秏，稻屬。从禾、毛聲。伊尹曰：『飯之美者，玄山之禾，南海之秏。』」《名義》呼到反；《玉篇》呼到切；《王三》荒佩、呼到二反；《裴韻》呼報反；大徐本《說文》呼到切；《廣韻》荒內(又火号切)、呼到二切；《集韻》謨袍、呼內、虛到、莫報四切；小徐本《說文》吼號反。荒佩切之韻母與「毛」聲字形不合，待考。
毛	MAU	毛 髦 芼 𣹪 旄 氂 枆 酕	毛 髦 芼 𣹪 旄 氂 枆 酕	莫袍	明豪一平	maw	mˤau	
毛	MAU	耄 𧂕 芼 眊 旄 毛 𩿂 覒 㲝 䋃	耄 𧂕 芼 眊 旄 毛 𩿂 覒 㲝 䋃	莫報	明豪一去	mawh	mˤauh	
毛	MAU	毣	毣	莫卜	明屋一入	mouk		
毛	MAU	眊 毣	眊 毣	莫角	明覺二入	moeuk	mrˤauk	
毛	MAU	表 𧘝	表 𧘝	陂矯	幫宵三B上	pyewq	p(r)auʔ	
毛	MAU	裱 俵	裱 俵	方廟	幫宵三B去	pyewh		
苗	MAU	貓 描 媌	貓 描 媌	莫交	明肴二平	maew	mrˤau	
苗	MAU	緢 媌	緢 媌	莫飽	明肴二上	maewq	mrˤauʔ	
苗	MAU	緢	緢	莫敎	明肴二去	maewh	mrˤauh	
苗	MAU	苗 描 緢 貓 猫	苗 描 緢 貓 猫	武瀌	明宵三B平	myew	m(r)au	
苗	MAU	庿	庿	眉召	明宵三B去	myewh	m(r)auh	
淼	—	淼	淼	亡沼	明宵三A上	miewq		
𡕢	MAM	𡕢	𡕢	明忝	明添四上	memq		·𡕢，《說文》：「𡕢，瑙蓋也。象皮包覆瑙，下有兩臂，而夊在下。讀若范。」《名義》明范反；《玉篇》亡范切；《王三》明忝、明范而反；《裴韻》明忝、明范而反；大徐本《說文》亡范切；《廣韻》明忝、亡范二切；小徐本《說文》明范反。
𡕢	MAM	𦜒	𦜒	府犯	幫凡三上	puomq	pamʔ	
𡕢	MAM	錽 𡕢	錽 𡕢	亡范	明凡三上	muomq	mamʔ	
𡕢	MAM	𦲯	𦲯	亡劔	明凡三去	muomh		
厸	—	厸	厸	明忝	明添四上	memq		·厸，《廣韻》：「厸，張口。」
宁	TA	貯 𡪄 𢁼 𤲑 䍆 詝 䘢	貯 𡪄 𢁼 𤲑 䍆 詝 䘢	丁吕	知魚開三上	tryoq	traʔ	
宁	TA	柠	柠	丑吕	徹魚開三上	trhyoq	tʰraʔ	
宁	TA	宁	宁	直魚	澄魚開三平	dryo	dra	
宁	TA	佇 竚 苧 紵 杼 羜 宁 眝	佇 竚 苧 紵 杼 羜 宁 眝	直吕	澄魚開三上	dryoq	draʔ	
圖	TA	圖 啚	圖 啚	同都	定模一平	do	dˤa	
土	TA	肚	肚	當古	端模一上	toq	tˤaʔ	
土	TA	土 吐 芏	土 吐 芏	他魯	透模一上	thoq	tʰˤaʔ	
土	TA	吐	吐	湯故	透模一去	thoh	tʰˤah	
土	TA	徒 𨑒	徒 𨑒	同都	定模一平	do	dˤa	
土	TA	杜 靯 𤬪 肚 荰 土	杜 靯 𤬪 肚 荰 土	徒古	定模一上	doq	dˤaʔ	
土	TA	社 𥁹 <䀅> 𣝒	社 𥁹 䀅 𣝒	常者	常麻開三上	djiaeq	daʔ	·𥁹，蓋「䀅」之訛字。
者	TA	都 𥳉 闍 𧷿 醏	都 𥳉 闍 𧷿 醏	當孤	端模一平	to	tˤa	
者	TA	覩 睹 暏 賭 堵 帾 楮 𥀁	覩 睹 暏 賭 堵 帾 楮 𥀁	當古	端模一上	toq	tˤaʔ	
者	TA	𧬅 觰	𧬅 觰	陟加	知麻開二平	trae		
者	TA	觰	觰	都賈	知麻開二上	traeq		
者	TA	屠 瘏 廜 䣝 鷵	屠 瘏 廜 䣝 鷵	同都	定模一平	do	dˤa	
者	TA	𥀁	𥀁	徒古	定模一上	doq		
者	TA	䠧 䣝 𨼑	䠧 䣝 𨼑	宅加	澄麻開二平	drae		
者	TA	㸙 諸	㸙 諸	正奢	章麻開三平	tjiae		
者	TA	者 赭 堵	者 赭 堵	章也	章麻開三上	tjiaeq		
者	TA	諸 櫧 㶆 藷 𧄔 䃴 蠩	諸 櫧 㶆 藷 𧄔 䃴 蠩	章魚	章魚開三平	tjyo	ta	
者	TA	䰞 煑 陼 渚	䰞 煑 陼 渚	章与	章魚開三上	tjyoq	taʔ	
者	TA	䬡 翥 䘄	䬡 翥 䘄	章恕	章魚開三去	tjyoh		
者	TA	豬 䐗 猪 瀦 櫫 藸	豬 䐗 猪 瀦 櫫 藸	陟魚	知魚開三平	tryo		
者	TA	𡪄 褚 著	𡪄 褚 著	丁吕	知魚開三上	tryoq		
者	TA	著 箸	著 箸	陟慮	知魚開三去	tryoh		
者	TA	著 𥗁 櫡 鐯 𣃈 擆	著 𥗁 櫡 鐯 𣃈 擆	張略	知藥開三入	tryak	trak	
者	TA	奲 㨋 䰩 撦	奲 㨋 䰩 撦	昌者	昌麻開三上	tjhiaeq	tʰaʔ	
者	TA	楮 褚	楮 褚	丑吕	徹魚開三上	trhyoq		
者	TA	闍	闍	視遮	常麻開三平	djiae		
者	TA	𧄔	𧄔	署魚	常魚開三平	djyo		
者	TA	署 藷 薯 曙	署 藷 薯 曙	常恕	常魚開三去	djyoh		
者	TA	著	著	直略	澄藥開三入	dryak		
者	TA	躇 儲 𦿀 著 屠 藸	躇 儲 𦿀 著 屠 藸	直魚	澄魚開三平	dryo		
者	TA	箸	箸	遟倨	澄魚開三去	dryoh		
者	TA	奢	奢	式車	書麻開三平	sjiae		
者	TA	書	書	傷魚	書魚開三平	sjyo	sta	
者	TA	暑	暑	舒吕	書魚開三上	sjyoq	staʔ	
者	TA	緒	緒	徐吕	邪魚開三上	zyoq	sdaʔ	
昌	TAŊ	昌 裮 倡 猖 閶 琩 鯧 菖	昌 裮 倡 猖 閶 琩 鯧 菖	尺良	昌陽開三平	tjhyang	tʰaŋ	
昌	TAŊ	唱 𪛋 倡	唱 𪛋 倡	尺亮	昌陽開三去	tjhyangh	tʰaŋh	
長	TAŊ	倀	倀	猪孟	知庚開二去	traengh		
長	TAŊ	棖 掁	棖 掁	直庚	澄庚開二平	draeng	drˤaŋ	
長	TAŊ	䂻	䂻	除更	澄庚開二去	draengh		
長	TAŊ	張 餦 粻 漲	張 餦 粻 漲	陟良	知陽開三平	tryang	traŋ	
長	TAŊ	長	長	知丈	知陽開三上	tryangq	traŋʔ	
長	TAŊ	帳 脹 痮 漲 張	帳 脹 痮 漲 張	知亮	知陽開三去	tryangh	traŋh	
長	TAŊ	倀 鼚	倀 鼚	禇羊	徹陽開三平	trhyang	tʰraŋ	
長	TAŊ	鋹	鋹	丑兩	徹陽開三上	trhyangq		
長	TAŊ	悵 韔 䩨 𥇔	悵 韔 䩨 𥇔	丑亮	徹陽開三去	trhyangh	tʰraŋh	
長	TAŊ	長 萇 䠆 㙊 䗅 瓺	長 萇 䠆 㙊 䗅 瓺	直良	澄陽開三平	dryang	draŋ	
長	TAŊ	長 瓺	長 瓺	直亮	澄陽開三去	dryangh	draŋh	
上	TAŊ	上 丄	上 丄	時掌	常陽開三上	djyangq	daŋʔ	
上	TAŊ	上 丄	上 丄	時亮	常陽開三去	djyangh	daŋh	
尚	TAŊ	當 鐺 簹 襠 璫 𨎴 檔 儅 𦡁 㼕 蟷	當 鐺 簹 襠 璫 𨎴 檔 儅 𦡁 㼕 蟷	都郎	端唐開一平	tang	tˤaŋ	
尚	TAŊ	黨 讜 欓 䣣 𧅗	黨 讜 欓 䣣 𧅗	多朗	端唐開一上	tangq	tˤaŋʔ	
尚	TAŊ	譡 儅 瓽 當 擋 闣	譡 儅 瓽 當 擋 闣	丁浪	端唐開一去	tangh	tˤaŋh	
尚	TAŊ	趟 𩘽	趟 𩘽	竹盲	知庚開二平	traeng		
尚	TAŊ	趟	趟	猪孟	知庚開二去	traengh		
尚	TAŊ	鏜 闛 鼞	鏜 闛 鼞	吐郎	透唐開一平	thang	tʰˤaŋ	
尚	TAŊ	曭 儻 戃 矘 爣 𣎲 㿩 攩	曭 儻 戃 矘 爣 𣎲 㿩 攩	他朗	透唐開一上	thangq	tʰˤaŋʔ	
尚	TAŊ	儻	儻	他浪	透唐開一去	thangh		
尚	TAŊ	瞠 橕 樘	瞠 橕 樘	丑庚	徹庚開二平	trhaeng	tʰrˤaŋ	
尚	TAŊ	牚	牚	他孟	徹庚開二去	trhaengh		
尚	TAŊ	糛 堂 坣 棠 𤛋 螳 闛 䣘 隚 䉎 橖	糛 堂 坣 棠 𤛋 螳 闛 䣘 隚 䉎 橖	徒郎	定唐開一平	dang	dˤaŋ	
尚	TAŊ	𣥺	𣥺	直庚	澄庚開二平	draeng		
尚	TAŊ	𥊼	𥊼	除更	澄庚開二去	draengh		
尚	TAŊ	攩	攩	胡廣	匣唐合一上	ghwangq		·攩，此字二義多音：①擊打，《方言》卷十：「㧙、抌，推也。南楚凡相推搏曰㧙，或曰㧾。沅湧𣹋幽之語或曰攩。」郭璞注：「今江東人亦名推爲攩，音晃。」《廣雅·釋詁三》：「攩，擊也。」《方言注》音晃；《廣雅音註》音幌；《玉篇》胡廣切；《切三》胡廣反，又黃浪反；《王三》胡廣、胡浪二反；《裴韻》真朗、呼浪二反；《廣韻》他朗、胡廣、乎曠三切。②朋黨，又作「黨」。《說文》：「攩，朋羣也。」《名義》胡廣反；大徐本《說文》多朗切；小徐本《說文》胡莽反。按匣母諸音與「黨」聲字形不合，疑舌音之｛攩｝thangq與喉音之｛攩｝ghwangq本兩詞，同有“擊”義，「攩」遂訓讀後者，晉郭璞已有此讀；“朋黨”之「攩」本「黨」之異體，與訓「擊」之「攩」只是同形字，或不識其詞之別，誤將匣母訓讀音注于其上。
尚	TAŊ	攩	攩	乎曠	匣唐合一去	ghwangh		·攩，見胡廣切之「攩」。
尚	TAŊ	掌	掌	諸兩	章陽開三上	tjyangq	taŋʔ	
尚	TAŊ	敞 𢠵 氅 𪅶 廠 䟫 僘	敞 𢠵 氅 𪅶 廠 䟫 僘	昌兩	昌陽開三上	tjhyangq	tʰaŋʔ	
尚	TAŊ	廠	廠	尺亮	昌陽開三去	tjhyangh		
尚	TAŊ	埫	埫	丑隴	徹鍾三上	trhuongq		
尚	TAŊ	常 尚 裳 甞 嘗 鋿 𩼝 償 𪄹 徜	常 尚 裳 甞 嘗 鋿 𩼝 償 𪄹 徜	市羊	常陽開三平	djyang	daŋ	
尚	TAŊ	尚 償	尚 償	時亮	常陽開三去	djyangh	daŋh	
尚	TAŊ	賞	賞	書兩	書陽開三上	sjyangq	staŋʔ	
商	TAŊ	商 𧶜 蔏 𪄲 螪	商 𧶜 蔏 𪄲 螪	式羊	書陽開三平	sjyang	staŋ	
章	TAŊ	章 漳 樟 慞 璋 彰 墇 障 麞 獐 鄣 蔁 𪅂 𩌬 暲	章 漳 樟 慞 璋 彰 墇 障 麞 獐 鄣 蔁 𪅂 𩌬 暲	諸良	章陽開三平	tjyang	taŋ	
章	TAŊ	障 㢓 墇 嶂 瘴	障 㢓 墇 嶂 瘴	之亮	章陽開三去	tjyangh	taŋh	
昶	—	昶	昶	丑兩	徹陽開三上	trhyangq		
昶	—	昶	昶	丑亮	徹陽開三去	trhyangh		
石	TAK	妒 <妬> 妬 蠹 螙	妒 妬 妬 蠹 螙	當故	端模一去	toh	tˤakh	·妒，《說文》：「妒，婦妒夫也。从女、戶聲。」段玉裁改作「妬，婦妬夫也。从女。石聲。」其說可從，「妒」所从之「戶」爲「石」之訛形。·螙，「蠹」之省形字。
石	TAK	䩲	䩲	當孤	端模一平	to		
石	TAK	磔	磔	陟格	知陌開二入	traek	trˤak	
石	TAK	袥 橐 𣟄 拓 𩧐 𦚈 沰	袥 橐 𣟄 拓 𩧐 𦚈 沰	他各	透鐸開一入	thak	tʰˤak	
石	TAK	剫 度 𢜬 踱 𧩧 喥 𨍏	剫 度 𢜬 踱 𧩧 喥 𨍏	徒落	定鐸開一入	dak	dˤak	
石	TAK	渡 鍍 度 𥯖	渡 鍍 度 𥯖	徒故	定模一去	doh	dˤakh	
石	TAK	鍍	鍍	同都	定模一平	do		
石	TAK	𡍨 𢾅	𡍨 𢾅	徒古	定模一上	doq		
石	TAK	宕 𡇈	宕 𡇈	徒浪	定唐開一去	dangh	dˤaŋh	
石	TAK	𩧐 𨏒	𩧐 𨏒	盧各	來鐸開一入	lak		·𩧐，又作「馲」。見「馲」下。
石	TAK	墌 摭 拓 蹠 跖 䗪 䞠	墌 摭 拓 蹠 跖 䗪 䞠	之石	章昔開三入	tjiaek	tak	
石	TAK	柘 樜 鷓 䗪 嗻 蔗	柘 樜 鷓 䗪 嗻 蔗	之夜	章麻開三去	tjiaeh	takh	
石	TAK	遮 𠌮	遮 𠌮	正奢	章麻開三平	tjiae		
石	TAK	斫 謶 𥯩	斫 謶 𥯩	之若	章藥開三入	tjyak		
石	TAK	𤳯 䭖 庶 𤳐 𡻠 㫂	𤳯 䭖 庶 𤳐 𡻠 㫂	章恕	章魚開三去	tjyoh		
石	TAK	磭	磭	昌約	昌藥開三入	tjhyak		
石	TAK	石 碩 祏 鉐 䄷 鼫 䲽	石 碩 祏 鉐 䄷 鼫 䲽	常隻	常昔開三入	djiaek	dak	
石	TAK	庶 樜 㵂	庶 樜 㵂	商署	書魚開三去	sjyoh	stakh	·庶，《說文》：「庶，屋下眾也。从广、炗。炗，古文光字。」其說非是。古文字「石」或變作「⿸广廿」形，前人論之已詳，「度」「庶」「席」皆「石」聲。
石	TAK	褯	褯	慈夜	從麻開三去	dziaeh		
石	TAK	磭	磭	魚約	疑藥開三入	ngyak		
石	TAK	磭	磭	宜引	疑真開三B上	ngyinq		·磭，原本《玉篇·石部》：「磭，牛略反。《𡌨蒼》：『大脣皃也。』《廣蒼》：『磭，磑也。』」原本《玉篇》牛略反；《名義》牛略反；《玉篇》赤略切；《王三》宜引、處灼二反；《廣韻》宜引、昌約、魚約三切；《龍龕》魚約反；《集韻》擬引、尺約二切。顧野王《玉篇》置此字於《石部》，似以此字从「石」，然審中古諸音，知「脣」斷非聲，可怪。若以「石」爲聲，察中古字韻書之切語，唯昌約切與「石」聲密合，余者皆不合。待考。
石	TAK	席 蓆	席 蓆	祥易	邪昔開三入	ziaek	sdak	
炙	TAK	炙	炙	之石	章昔開三入	tjiaek	tak	
炙	TAK	炙	炙	之夜	章麻開三去	tjiaeh	takh	
炙	TAK	䂹	䂹	山戟	生陌開三入	sryaek		·䂹，《說文·石部》：「䂹，碎石磒聲。从石，炙聲。」原本《玉篇·石部》山栢反；《名義》山栢反；《王三》居履、所戟二反；《廣韻》居履、所戟二切。中古生母、見母兩異讀皆與「炙」聲不諧，待考。
炙	TAK	䂹	䂹	居履	見脂開三B上	kyiq		
乇	TAK	秅 秺 奼 𤴱 𦘴 𤴱 㓃	秅 秺 奼 𤴱 𦘴 𤴱 㓃	當故	端模一去	toh	tˤakh	
乇	TAK	𦘴	𦘴	當孤	端模一平	to		
乇	TAK	矺	矺	都搕	端盍開一入	tap		·矺，擲地聲，《廣韻》曰亦作「䂝」；與他各、陟革切之「矺」爲同形字。未詳。
乇	TAK	虴 𤜤 馲 𩑒 杔	虴 𤜤 馲 𩑒 杔	陟格	知陌開二入	traek	trˤak	
乇	TAK	吒 咤 奼 灹 䒲 㓃 𨶃	吒 咤 奼 灹 䒲 㓃 𨶃	陟駕	知麻開二去	traeh	trˤakh	
乇	TAK	厇 矺	厇 矺	陟革	知麥開二入	treek	trˤək	
乇	TAK	䅊 咤	䅊 咤	陟加	知麻開二平	trae		
乇	TAK	託 魠 柝 馲 跅 侂 飥 矺	託 魠 柝 馲 跅 侂 飥 矺	他各	透鐸開一入	thak	tʰˤak	
乇	TAK	坼 䞣 𩑒 㿭 𤖴 𩎚	坼 䞣 𩑒 㿭 𤖴 𩎚	丑格	徹陌開二入	trhaek	tʰrˤak	
乇	TAK	詫 侘	詫 侘	丑亞	徹麻開二去	trhaeh	tʰrˤakh	
乇	TAK	侘 𤵾	侘 𤵾	敕加	徹麻開二平	trhae		
乇	TAK	奼	奼	丑下	徹麻開二上	trhaeq		
乇	TAK	𩑒 㤞 仛	𩑒 㤞 仛	徒落	定鐸開一入	dak	dˤak	
乇	TAK	宅 㡯 𪀥	宅 㡯 𪀥	瑒伯	澄陌開二入	draek	drˤak	
乇	TAK	䖳 䅊	䖳 䅊	除駕	澄麻開二去	draeh	drˤakh	
乇	TAK	秅 䅊	秅 䅊	宅加	澄麻開二平	drae		
乇	TAK	馲	馲	盧各	來鐸開一入	lak		·馲，又作「𩧐」。《方言》第七：「凡以驢馬馲駝載物者，謂之負佗。」《鹽鐵論·力耕》：「騾驢馲駝，銜尾入塞。」一般認爲「馲駝」又作「駱駝」。《新語·道基》：「夫驢、騾、駱駝、犀、象、玳瑁、琥珀、珊瑚、翠羽、珠玉，山生水藏，擇地而居。」
乇	TAK	尺 蚇 㡿 斥	尺 蚇 㡿 斥	昌石	昌昔開三入	tjhiaek	tʰak	·尺，疑爲「厇」之分化字。·斥，《說文》無「斥」字，清人多謂爲「㡿」之俗字，《說文》：「㡿，郤屋也。从广、屰聲。」段玉裁注：「俗作厈、作斥。幾不成字。」近人說「斥」爲「㡯」之分化字，「㡿」爲訛形（參考：何琳儀《古璽雜識續》、季旭昇《說文新證》2014版P724-725）。兩說各得其半，後世所謂「斥」之部件本有兩個來源：一者爲「㡿」之分化字、係「屰」聲，古音在疑組鐸部ŊAK，「訴」「泝」屬此類。秦簡有「㡿」字讀爲｛訴｝，睡虎地秦簡《語書》：「是以善㡿(訴)事11」；另一者爲「㡯」之分化字、係「乇」聲，古音在端組鐸部TAK，「斥」「坼」屬此類。東漢許慎作《說文》已不察其別。中古小學家不知「斥(㡿)」「斥(㡯)」之別，遂誤讀「㡿」爲昌母音。
乇	TAK	䞣 斥	䞣 斥	充夜	昌麻開三去	tjhiaeh	tʰakh	
乇	TAK	䞣	䞣	遷謝	清麻開三去	tshiaeh		·䞣，《玉篇》尺夜切；《王三》充夜、丑格二反；《廣韻》充夜、遷謝、丑格三切；《集韻》齒者、七夜、充夜、恥格四切。
彳	—	彳	彳	丑亦	徹昔開三入	trhiaek		
辵	—	辵	辵	丑略	徹藥開三入	trhyak	tʰrak	
丹	TAN	丹	丹	都寒	端寒開一平	tan	tˤan	
丹	TAN	鴅 𠂄	鴅 𠂄	呼官	曉寒合一平	hwan		·鴅，「鴅吺」，又作「𠂄兜」、「驩兜」，《玉篇》「鴅，呼丸切。人面鳥喙。」《廣韻》「鴅，鳥名。人面鳥喙。」韓愈《遠遊聯句》：「開弓射鴅吺。」《廣韻》「𠂄兜，四凶名。古文《尚書》作𣎅。」今本《尚書·堯典》、《史記·五帝本紀》均作「驩兜」，銀雀山漢簡《孫臏兵法·見威王》作「讙收」。形聲未詳。
丹	TAN	旃 栴 𩔣	旃 栴 𩔣	諸延	章仙開三平	tjien	tan	
單	TAN	單 襌 鄲 殫 簞 匰 㠆 癉 䐷	單 襌 鄲 殫 簞 匰 㠆 癉 䐷	都寒	端寒開一平	tan	tˤan	
單	TAN	嚲 䯬 癉	嚲 䯬 癉	丁可	端歌開一上	taq		
單	TAN	癉	癉	丁佐	端歌開一去	tah	tˤaih	
單	TAN	蕇	蕇	多殄	端先開四上	tenq		
單	TAN	磾	磾	都奚	端齊開四平	tej		
單	TAN	嘽 𦧴	嘽 𦧴	他干	透寒開一平	than		
單	TAN	鼉 驒 𧕛	鼉 驒 𧕛	徒河	定歌開一平	da	dˤai	
單	TAN	鷤 癉 撣 彈 驒 繟 貚	鷤 癉 撣 彈 驒 繟 貚	徒干	定寒開一平	dan	dˤan	
單	TAN	潬 僤	潬 僤	徒旱	定寒開一上	danq	dˤanʔ	
單	TAN	憚 彈 澶 僤 撣	憚 彈 澶 僤 撣	徒案	定寒開一去	danh	dˤanh	
單	TAN	鷤	鷤	杜奚	定齊開四平	dej		·鷤，「鷤䳏」，鳥名，又作「鶗鴂」。《漢書》「徒恐鷤䳏之將鳴兮」顏師古注：「䳏，鴂字也。鷤䳏鳥，一名買䤥，一名子規，一名杜鵑。常以立夏鳴，鳴則眾芳皆歇。鷤音大系反。䳏音桂。鷤字或作鶗，亦音題。鴂又音決。」
單	TAN	鷤	鷤	特計	定齊開四去	dejh		·鷤，《廣韻》：「鷤，鷤鴂鳥。又音啼。〔特計切〕」見杜奚切之「鷤」。
單	TAN	𦧴 貚	𦧴 貚	徒年	定先開四平	den		
單	TAN	㺗	㺗	充山	昌山開二平	**		
單	TAN	䡲	䡲	士山	常山開二平	**		·䡲，原本《玉篇》上山反；《名義》上山反；《玉篇》仕連、仕山二切；《新撰字鏡》上山反；《廣雅音註》士山反；《王三》昨閒、士連二反；《廣韻》士山、士連二切。由《玉篇》系韻書知崇母讀法爲上字「上」誤訛作「士」產生。
單	TAN	樿 燀	樿 燀	旨善	章仙開三上	tjienq		
單	TAN	戰	戰	之膳	章仙開三去	tjienh	tanh	
單	TAN	觶	觶	章移	章支開三平	tjie	tai	
單	TAN	觶	觶	支義	章支開三去	tjieh	taih	
單	TAN	燀	燀	尺延	昌仙開三平	tjhien	tʰan	
單	TAN	闡 燀 繟 䵐 幝 𨼒 灛 嘽	闡 燀 繟 䵐 幝 𨼒 灛 嘽	昌善	昌仙開三上	tjhienq	tʰanʔ	
單	TAN	單 蟬 撣 僤 禪 嬋	單 蟬 撣 僤 禪 嬋	市連	常仙開三平	djien	dan	
單	TAN	墠 鱓 單	墠 鱓 單	常演	常仙開三上	djienq		
單	TAN	禪 單 𦉕	禪 單 𦉕	時戰	常仙開三去	djienh	danh	
單	TAN	䡲	䡲	士連	常仙開三平	djien		·䡲，見士山切之「䡲」。
旦	TAN	亶 𤺺 嬗 笪 疸 觛 狚 担	亶 𤺺 嬗 笪 疸 觛 狚 担	多旱	端寒開一上	tanq	tˤanʔ	·亶，其上「㐭」亦有端組元部之音、當亦爲聲首，後加注「旦」聲而作「亶」。參考：石小力《清華簡〈五紀〉的“壇”與郭店簡〈唐虞之道〉的“禪”》。
旦	TAN	旦 疸 鴠 觛 狚 怛 笪 㡺	旦 疸 鴠 觛 狚 怛 笪 㡺	得按	端寒開一去	tanh	tˤanh	
旦	TAN	怛 妲 呾 炟 䵣 狚 笪 𦬹 靼	怛 妲 呾 炟 䵣 狚 笪 𦬹 靼	當割	端末開一入	tat	tˤat	
旦	TAN	譠 㣶	譠 㣶	陟山	知山開二平	treen		
旦	TAN	袒 䋎	袒 䋎	丈莧	知山開二去	treenh		
旦	TAN	譠 嬗	譠 嬗	他干	透寒開一平	than	tʰˤan	
旦	TAN	坦 䦔	坦 䦔	他旦	透寒開一上	thanq	tʰˤanʔ	
旦	TAN	𨆁	𨆁	他典	透先開四上	thenq		
旦	TAN	壇 檀 驙 但 胆 儃	壇 檀 驙 但 胆 儃	徒干	定寒開一平	dan	dˤan	
旦	TAN	但 袒 襢 繵 膻 觛	但 袒 襢 繵 膻 觛	徒旱	定寒開一上	danq	dˤanʔ	
旦	TAN	但	但	徒案	定寒開一去	danh	dˤanh	
旦	TAN	䖧	䖧	奴曷	泥末開一入	nat		
旦	TAN	呾	呾	乙鎋	影鎋開二入	qaet		
旦	TAN	饘 旜 氈 鸇	饘 旜 氈 鸇	諸延	章仙開三平	tjien	tan	
旦	TAN	饘 皽 䆄 䡀 䁴 㔊 𨭖	饘 皽 䆄 䡀 䁴 㔊 𨭖	旨善	章仙開三上	tjienq	tanʔ	
旦	TAN	顫	顫	之膳	章仙開三去	tjienh		
旦	TAN	靼 𩍕	靼 𩍕	旨熱	章薛開三入	tjiet	tat	
旦	TAN	邅 𧾍 驙 鱣 𩼼	邅 𧾍 驙 鱣 𩼼	張連	知仙開三平	trien	tran	
旦	TAN	皽 襢	皽 襢	知演	知仙開三上	trienq	tranʔ	
旦	TAN	襢	襢	陟扇	知仙開三去	trienh	tranh	
旦	TAN	儃 澶	儃 澶	市連	常仙開三平	djien	dan	
旦	TAN	蟺	蟺	常演	常仙開三上	djienq	danʔ	
旦	TAN	擅 䄠 𤮜 嬗	擅 䄠 𤮜 嬗	時戰	常仙開三去	djienh		
旦	TAN	纏 緾 躔 瀍 鄽 𨷭 𧾍 𧔊 廛 㙻	纏 緾 躔 瀍 鄽 𨷭 𧾍 𧔊 廛 㙻	直連	澄仙開三平	drien	dran	
旦	TAN	邅	邅	除善	澄仙開三上	drienq		
旦	TAN	邅 纏	邅 纏	持碾	澄仙開三去	drienh	dranh	
旦	TAN	羶	羶	式連	書仙開三平	sjien		
旦	TAN	䁴	䁴	式善	書仙開三上	sjienq		
旦	TAN	𦒜	𦒜	許延	曉仙開三A平	hien		·𦒜，飛。《廣雅》：「𦒜，飛也。」又作「亶」。《古文苑·揚雄〈蜀都賦〉》：「絕限㟍嵣，堪巖亶翔。」《廣韻》許延切；《廣雅音註》火仙反；《玉篇》許延切。曉母讀音與「亶」聲字形不合，待考。
展	TAN	展 㞡 搌 輾 㠭 㜊 𧎰	展 㞡 搌 輾 㠭 㜊 𧎰	知演	知仙開三上	trienq	tranʔ	
展	TAN	𩥇 𧝑	𩥇 𧝑	陟扇	知仙開三去	trienh	tranh	
展	TAN	搌	搌	丑善	徹仙開三上	trhienq		
善	TAN	𦗢 𩕊 𥊳 橏 嫸	𦗢 𩕊 𥊳 橏 嫸	旨善	章仙開三上	tjienq	t[a]nʔ	
善	TAN	善 譱 僐 鄯 墡 磰 𪍶	善 譱 僐 鄯 墡 磰 𪍶	常演	常仙開三上	djienq	d[a]nʔ	
善	TAN	繕 鄯 膳 饍 僐	繕 鄯 膳 饍 僐	時戰	常仙開三去	djienh	d[a]nh	
善	TAN	𢵈	𢵈	九輦	見仙開三B上	kyenq		·𢵈，《廣雅》：「搌𢵈，展極也。」曹憲音注：「膳。吕静音己善反。」《名義》：「𢵈，絶善反。言極丶(也)。」
筮	TAT	噬 筮 簭 澨 遾	噬 筮 簭 澨 遾	時制	常祭開三去	djiejh	d[a]th	
帶	TET TAT	帶 㿃 蹛 𢄔 艜 㯂	帶 㿃 蹛 𢄔 艜 㯂	當蓋	端泰開一去	tajh	tˤath	
帶	TET TAT	蔕 螮 蝃 摕 䠠 僀	蔕 螮 蝃 摕 䠠 僀	都計	端齊開四去	tejh	tˤeth	·蝃，《毛詩》：「蝃蝀在東。」《魯詩》、《齊詩》、《爾雅》、《說文》作「螮」，《說文》無「蝃」有「螮」，且其韻母與「叕」聲不合。疑「蝃」之「叕」旁來源於「帶」上部之流變，無據。
帶	TET TAT	殢	殢	他計	透齊開四去	thejh		
帶	TET TAT	慸	慸	丑犗	徹夬開二去	trhaejh	tʰrˤath	
帶	TET TAT	遰 摕 𧫚 慸 墆	遰 摕 𧫚 慸 墆	特計	定齊開四去	dejh	dˤeth	
帶	TET TAT	殢	殢	呼(火)計	定齊開四去	dejh		·殢，又作「𣧂」。曉母讀法與「帶」聲字形不合，疑早期字韻書切語上字本作「大」（如《名義》大計反），或訛作「火」，遂誤收曉母音。
帶	TET TAT	嵽 墆 摕 㦅	嵽 墆 摕 㦅	徒結	定屑開四入	det		
帶	TET TAT	㛳 <𡠹> 䠠	㛳 𡠹 䠠	征例	章祭開三去	tjiejh		·㛳，「㛳」上之「帝」爲「帶」之訛形。如「蔕」後作「蒂」、「螮」在敦煌俗字中作「𧍝」。
帶	TET TAT	㿃	㿃	竹例	知祭開三去	triejh		
帶	TET TAT	懘 𤢻	懘 𤢻	尺制	昌祭開三去	tjhiejh	tʰath	
帶	TET TAT	懘	懘	尺氏	昌支開三上	tjhieq		
帶	TET TAT	慸	慸	丑例	徹祭開三去	trhiejh	tʰrath	
帶	TET TAT	滯 蹛	滯 蹛	直例	澄祭開三去	driejh	drath	
帶	TET TAT	㛳 <𡠹>	㛳 𡠹	餘制	以祭開三去	jiejh		
折	TET TAT	𢰂	𢰂	都計	端齊開四去	tejh		
折	TET TAT	折	折	杜奚	定齊開四平	dej		
折	TET TAT	𢰂	𢰂	特計	定齊開四去	dejh		
折	TET TAT	娎	娎	火弔	曉蕭開四去	hewh		·娎，《說文》：「娎，娎㛍也。从女，折聲。」《名義》呼燎反；《玉篇》許列切；《廣雅音註》丈例反；《王三》呼叫、許列二反；《廣韻》火弔、許列二切；《集韻》顯計、馨叫、許列三切。許列切之聲母與「折」聲不合；火弔切之聲韻俱與字形不合，待考。余迺永疑切語下字之「列」或誤爲「弔」或「叫」而衍嘯韻音（說見：余迺永《新校互註宋本〈廣韻〉（定稿本）》P876）；所論之字於形頗遠，其說似非。
折	TET TAT	晢 晣 浙 折 䩢 䏳 䀸	晢 晣 浙 折 䩢 䏳 䀸	旨熱	章薛開三入	tjiet	t[a]t	
折	TET TAT	晢 䇽 㝂 䀸 狾 𥍭 䩢 䭁	晢 䇽 㝂 䀸 狾 𥍭 䩢 䭁	征例	章祭開三去	tjiejh		
折	TET TAT	哳 𧶇	哳 𧶇	陟鎋	知鎋開二入	traet		
折	TET TAT	哲 悊 喆 嚞 蜇	哲 悊 喆 嚞 蜇	陟列	知薛開三入	triet	trat	
折	TET TAT	硩	硩	丑列	徹薛開三入	trhiet		
折	TET TAT	㑜 䀸 䟷	㑜 䀸 䟷	丑例	徹祭開三去	trhiejh		
折	TET TAT	折	折	常列	常薛開三入	djiet	dat	
折	TET TAT	逝 誓 𣂯 銴 𧻸	逝 誓 𣂯 銴 𧻸	時制	常祭開三去	djiejh		
折	TET TAT	娎 焎	娎 焎	許别	曉薛開三B入	hyet		·娎，見火弔切之「娎」。
折	TET TAT	銴	銴	以芮	以祭合三去	jwiejh		
折	TET TAT	㑜 𢂼	㑜 𢂼	餘制	以祭開三去	jiejh		
制	TET	𢛁	𢛁	當割	端末開一入	tat		
制	TET	制 𠛐 𦜗 淛 製 䎺 䱥	制 𠛐 𦜗 淛 製 䎺 䱥	征例	章祭開三去	tjiejh	t[e]th	
制	TET	掣	掣	昌列	昌薛開三入	tjhiet	tʰ[e]t	
制	TET	掣 痸	掣 痸	尺制	昌祭開三去	tjhiejh	tʰ[e]th	
𣥂	—	𣥂	𣥂	他達	透末開一入	that	tʰˤat	·𣥂，《說文》：「𣥂，蹈也。从反止。讀若撻。」
刀	TEU TAU	刀 魛 忉 舠 朷	刀 魛 忉 舠 朷	都牢	端豪開一平	taw	tˤau	
刀	TEU TAU	倒	倒	都晧	端豪開一上	tawq	tˤauʔ	
刀	TEU TAU	到 倒 菿	到 倒 菿	都導	端豪開一去	tawh	tˤauh	
刀	TEU TAU	貂 𠚥 刁 䂏 蛁 芀 𦨣 𩾗	貂 𠚥 刁 䂏 蛁 芀 𦨣 𩾗	都聊	端蕭開四平	tew	tˤeu	
刀	TEU TAU	鳭	鳭	陟交	知肴開二平	traew		
刀	TEU TAU	菿	菿	竹角	知覺二入	troeuk	trˤeuk	
刀	TEU TAU	叨	叨	土刀	透豪開一平	thaw	tʰˤau	
刀	TEU TAU	䫸	䫸	敕交	徹肴開二平	trhaew		
刀	TEU TAU	鞀	鞀	徒刀	定豪開一平	daw	dˤau	
刀	TEU TAU	迢 髫 苕 芀 岧 𣬸	迢 髫 苕 芀 岧 𣬸	徒聊	定蕭開四平	dew	dˤeu	
刀	TEU TAU	灱	灱	許交	曉肴開二平	haew		
刀	TEU TAU	䎄	䎄	許幺	曉蕭開四平	hew		
刀	TEU TAU	昭 鉊 招 釗	昭 鉊 招 釗	止遙	章宵開三平	tjiew	t[a]u	
刀	TEU TAU	沼 菬 䈃	沼 菬 䈃	之少	章宵開三上	tjiewq	t[a]uʔ	
刀	TEU TAU	照 炤 詔 𨹸 𠧙	照 炤 詔 𨹸 𠧙	之少	章宵開三去	tjiewh	t[a]uh	
刀	TEU TAU	怊 弨	怊 弨	尺招	昌宵開三平	tjhiew	tʰ[a]u	
刀	TEU TAU	弨 眧	弨 眧	尺沼	昌宵開三上	tjhiewq	tʰ[a]uʔ	
刀	TEU TAU	超 怊 欩 𢁾 𠰉 䫿	超 怊 欩 𢁾 𠰉 䫿	敕宵	徹宵開三平	trhiew	tʰr[a]u	
刀	TEU TAU	韶 㲈 佋 𦯐 𠧙 玿 軺 柖 㸛	韶 㲈 佋 𦯐 𠧙 玿 軺 柖 㸛	市昭	常宵開三平	djiew	d[a]u	
刀	TEU TAU	紹 綤 佋 袑 䙼	紹 綤 佋 袑 䙼	市沼	常宵開三上	djiewq	d[a]uʔ	
刀	TEU TAU	邵 召 劭 𠧙 𠣫 䬰 卲	邵 召 劭 𠧙 𠣫 䬰 卲	寔照	常宵開三去	djiewh	d[a]uh	
刀	TEU TAU	召	召	直照	澄宵開三去	driewh	dr[a]uh	
刀	TEU TAU	菬	菬	昨焦	從宵開三平	dziew		
刀	TEU TAU	軺	軺	餘昭	以宵開三平	jiew		
朝	TAU	嘲	嘲	陟交	知肴開二平	traew		
朝	TAU	朝 𦩻	朝 𦩻	陟遙	知宵開三平	triew	trau	
朝	TAU	朝 潮	朝 潮	直遙	澄宵開三平	driew	drau	
朝	TAU	廟	廟	眉召	明宵三B去	myewh	[m]rauh	·廟，《說文》：「廟，尊先祖皃也。从广，朝聲。」
卓	TAUK	鋽	鋽	他弔	透蕭開四去	thewh		
卓	TAUK	悼	悼	徒到	定豪開一去	dawh	dˤaukh	
卓	TAUK	掉	掉	徒弔	定蕭開四去	dewh		
卓	TAUK	掉 䂽	掉 䂽	徒了	定蕭開四上	dewq		
卓	TAUK	卓 桌 𥢔 啅 倬 晫	卓 桌 𥢔 啅 倬 晫	竹角	知覺二入	troeuk	trˤauk	
卓	TAUK	罩 䈇 䍜 鵫	罩 䈇 䍜 鵫	都敎	知肴開二去	traewh	trˤaukh	
卓	TAUK	逴 趠 晫 踔	逴 趠 晫 踔	敕角	徹覺二入	trhoeuk	tʰrˤauk	
卓	TAUK	趠 踔	趠 踔	丑敎	徹肴開二去	trhaewh	tʰrˤaukh	
卓	TAUK	鵫	鵫	直角	澄覺二入	droeuk	drˤauk	
卓	TAUK	棹 㷹	棹 㷹	直敎	澄肴開二去	draewh		
卓	TAUK	掉 𧣺	掉 𧣺	女角	孃覺二入	nroeuk		
卓	TAUK	淖	淖	奴敎	孃肴開二去	nraewh	nrˤaukh	
卓	TAUK	焯	焯	之若	章藥開三入	tjyak	tauk	
卓	TAUK	綽 繛 婥	綽 繛 婥	昌約	昌藥開三入	tjhyak	tʰauk	
卓	TAUK	逴	逴	丑略	徹藥開三入	trhyak	tʰrauk	
詹	TAM	擔 儋 聸 甔	擔 儋 聸 甔	都甘	端談開一平	tam	tˤam	
詹	TAM	膽 䃫 黵 𪆻	膽 䃫 黵 𪆻	都敢	端談開一上	tamq	tˤamʔ	
詹	TAM	擔 甔	擔 甔	都濫	端談開一去	tamh	tˤamh	
詹	TAM	甔	甔	丁含	端覃開一平	tom		
詹	TAM	舚	舚	他兼	透添開四平	them		
詹	TAM	舚	舚	他念	透添開四去	themh		
詹	TAM	澹	澹	徒甘	定談開一平	dam	dˤam	
詹	TAM	澹 憺	澹 憺	徒敢	定談開一上	damq	dˤamʔ	
詹	TAM	憺 澹	憺 澹	徒濫	定談開一去	damh	dˤamh	
詹	TAM	譫	譫	徒盍	定盍開一入	dap		
詹	TAM	𨼮	𨼮	仕陷	崇咸開二去	dzreemh		·𨼮，《名義·阜部》：「𨼮，充陷反。陷也。」《王一·陷韻》：「𨼮，火陷反。大聲。一。」未詳。
詹	TAM	譫	譫	章盍	章盍開一入	**		
詹	TAM	詹 瞻 蟾 噡 厃	詹 瞻 蟾 噡 厃	職廉	章鹽開三平	tjiem	tam	
詹	TAM	䪜 幨 襜	䪜 幨 襜	處占	昌鹽開三平	tjhiem	tʰam	
詹	TAM	䠨 幨 襜 韂 䪜 㙴 䦲	䠨 幨 襜 韂 䪜 㙴 䦲	昌豔	昌鹽開三去	tjhiemh	tʰamh	
詹	TAM	蟾	蟾	視占	常鹽開三平	djiem	dam	
詹	TAM	贍	贍	時豔	常鹽開三去	djiemh	damh	
詹	TAM	檐 簷 𣡞 䦲	檐 簷 𣡞 䦲	余廉	以鹽開三平	jiem	lam	
誗	—	誗	誗	直廉	澄鹽開三平	driem		·誗，言辭利美，从「言」从「利」，會意。《玉篇》：「誗，直嚴切，言利美也。」
耷	—	㿴 耷	㿴 耷	都搕	端盍開一入	tap		
女	NA	帑	帑	他朗	透唐開一上	thangq	n̥ˤaʔ	
女	NA	奴 㚢 砮 駑 帑 孥 笯	奴 㚢 砮 駑 帑 孥 笯	乃都	泥模一平	no	nˤa	
女	NA	怒 弩 砮 努 𧉭	怒 弩 砮 努 𧉭	奴古	泥模一上	noq	nˤaʔ	
女	NA	笯 怒	笯 怒	乃故	泥模一去	noh	nˤah	
女	NA	絮	絮	乃亞	孃麻開二去	nraeh		
女	NA	拏 詉 挐 蒘 𧘽 𧦮 <詉> 𤓷 <𤔀> 笯	拏 詉 挐 蒘 𧘽 𧦮 詉 𤓷 𤔀 笯	女加	孃麻開二平	nrae	nrˤa	·𧦮，「詉」之訛字。《廣韻》：「絲𧦮，語不解也。」原本《玉篇·言部》引《埤蒼》：「譇詉，言不可解也。」·𤓷，「𤔀」之訛字。《廣韻》女加切：「爬𤓷，以收除也。」《集韻》女加切：「爬𤔀，搔也，一曰斂也。」
女	NA	䋈	䋈	奴下	孃麻開二上	nraeq		
女	NA	𪗭	𪗭	陟加	知麻開二平	trae		
女	NA	恕	恕	商署	書魚開三去	sjyoh	n̥ah	
女	NA	絮	絮	抽據	徹魚開三去	trhyoh	n̥rah	
女	NA	如 蕠 𨚴 洳 鴽 𨾵 𡫽 茹	如 蕠 𨚴 洳 鴽 𨾵 𡫽 茹	人諸	日魚開三平	njyo	na	
女	NA	汝 肗 茹 㼋 𪏮 𡫽	汝 肗 茹 㼋 𪏮 𡫽	人渚	日魚開三上	njyoq	naʔ	
女	NA	洳 茹 如	洳 茹 如	人恕	日魚開三去	njyoh	nah	
女	NA	袽 帤 𣭠 蒘 𣖹 挐	袽 帤 𣭠 蒘 𣖹 挐	女余	孃魚開三平	nryo	nra	
女	NA	女 籹	女 籹	尼吕	孃魚開三上	nryoq	nraʔ	
女	NA	女 絮	女 絮	尼據	孃魚開三去	nryoh	nrah	
女	NA	絮	絮	息據	心魚開三去	syoh	snah	
女	NA	𡫽	𡫽	依倨	影魚開三去	qyoh		·𡫽，《說文》：「𡫽，楚人謂寐曰𡫽。从㝱省，女聲。 」《名義》乙庶反；《玉篇》人渚、乙庶二切；《王三》汝魚（又乙疾、如与二反）、如与（又仁諸、乙庶二反）、於據（又仁諸、如与二反）三反；大徐本《說文》依倨切；《廣韻》人諸（又如與切）、人渚、依倨三切；小徐本《說文》人與反。此字有影母、日母兩種讀法，前者與「女」聲字形不合，待考。
𤕦	NAŊ	囊 蠰	囊 蠰	奴當	泥唐開一平	nang	nˤaŋ	
𤕦	NAŊ	曩 灢	曩 灢	奴朗	泥唐開一上	nangq	nˤaŋʔ	
𤕦	NAŊ	儾 灢 㚂	儾 灢 㚂	奴浪	泥唐開一去	nangh	nˤaŋh	
𤕦	NAŊ	鬤 𤕦 𧂘	鬤 𤕦 𧂘	乃庚	孃庚開二平	nraeng	nrˤaŋ	
𤕦	NAŊ	饟	饟	式羊	書陽開三平	sjyang	n̥aŋ	
𤕦	NAŊ	饟	饟	書兩	書陽開三上	sjyangq	n̥aŋʔ	
𤕦	NAŊ	饟 蠰	饟 蠰	式亮	書陽開三去	sjyangh	n̥aŋh	
𤕦	NAŊ	穰 禳 攘 𣀮 鑲 𨟚 躟 瀼 𩆶 獽 儴 蘘 䉴 鬤 勷 瓤 孃	穰 禳 攘 𣀮 鑲 𨟚 躟 瀼 𩆶 獽 儴 蘘 䉴 鬤 勷 瓤 孃	汝陽	日陽開三平	njyang	naŋ	
𤕦	NAŊ	壤 䖆 䑋 穰 蠰 攘 躟 𥗝	壤 䖆 䑋 穰 蠰 攘 躟 𥗝	如兩	日陽開三上	njyangq	naŋʔ	
𤕦	NAŊ	讓 欀 攘 懹	讓 欀 攘 懹	人樣	日陽開三去	njyangh	naŋh	
𤕦	NAŊ	孃 瓤 鑲	孃 瓤 鑲	女良	孃陽開三平	nryang	nraŋ	
𤕦	NAŊ	釀 𥽬 䖆	釀 𥽬 䖆	女亮	孃陽開三去	nryangh	nraŋh	
𤕦	NAŊ	襄 纕 忀 驤 鑲 瓖 欀	襄 纕 忀 驤 鑲 瓖 欀	息良	心陽開三平	syang	snaŋ	
𤕦	NAŊ	蠰	蠰	色莊	生陽開三平	sryang		
若	NƏK NAK	慝	慝	他德	透德開一入	theok	n̥ˤək	
若	NƏK NAK	蠚	蠚	呵各	曉鐸開一入	hak	n̥ˤak	
若	NƏK NAK	諾	諾	奴各	泥鐸開一入	nak	nˤak	
若	NƏK NAK	蹃	蹃	女白	孃陌合二入	nrwaek		
若	NƏK NAK	婼 蠚	婼 蠚	丑略	徹藥開三入	trhyak	n̥rak	
若	NƏK NAK	若 鄀 箬 楉 惹 叒 𨀝	若 鄀 箬 楉 惹 叒 𨀝	而灼	日藥開三入	njyak	nak	·若，來自古文字「𠭚」，象跪坐、頭髮披散、雙手上伸之人形。
若	NƏK NAK	若 婼	若 婼	人賒	日麻開三平	njiae		
若	NƏK NAK	若 惹	若 惹	人者	日麻開三上	njiaeq		
若	NƏK NAK	婼	婼	汝移	日支開三平	njie		
若	NƏK NAK	逽 𨵫 蹃	逽 𨵫 蹃	女略	孃藥開三入	nryak	nrak	
若	NƏK NAK	匿 𧈟 𧏾 㥾 𩺱	匿 𧈟 𧏾 㥾 𩺱	女力	孃職開三入	nryk	nrək	
若	NƏK NAK	䘌 㥾	䘌 㥾	尼質	孃質開三入	nrit		
若	NƏK NAK	䖃	䖃	以灼	以藥開三入	jyak		
肰	NAN	撚 蹨	撚 蹨	乃殄	泥先開四上	nenq	nˤənʔ	
肰	NAN	㬗 㜣	㬗 㜣	奴甸	泥先開四去	nenh	nˤənh	
肰	NAN	嘫	嘫	女閑	孃山開二平	nreen	nrˤən	
肰	NAN	橪	橪	烏前	影先開四平	qen		·橪，此字多音義：①「橪支」，香草名，《玉篇》於堅切；《王三》烏前反；《廣韻》烏前切。②木名，酸小棗，《名義》於堅反；《玉篇》引《說文》而善切；大徐本《說文》人善切；小徐本《說文》人善反；《漢書註》音煙。《集韻》又作「㮒」。
肰	NAN	㦓	㦓	胡典	匣先開四上	ghenq		·㦓，意難也，又作「㒄」。《說文》：「㒄，意膬也。从人，然聲。」《名義》：「㦓，呼弥反。難丶(也)。」
肰	NAN	㒄 㜣	㒄 㜣	式善	書仙開三上	sjienq	n̥anʔ	
肰	NAN	然 燃 𤡮 㜣 肰 繎 𥳚	然 燃 𤡮 㜣 肰 繎 𥳚	如延	日仙開三平	njien	nan	
肰	NAN	繎	繎	而緣	日仙合三平	njwien		
肰	NAN	蹨 橪 㒄	蹨 橪 㒄	人善	日仙開三上	njienq	nanʔ	
𦰩	NAN	灘 嘆 擹 攤	灘 嘆 擹 攤	他干	透寒開一平	than	n̥ˤan	
𦰩	NAN	歎 嘆	歎 嘆	他旦	透寒開一去	thanh	n̥ˤanh	
𦰩	NAN	灘 暵 熯	灘 暵 熯	呼旱	曉寒開一上	hanq	n̥ˤanʔ	
𦰩	NAN	漢 暵 𤳉 熯 𤅩 䎯	漢 暵 𤳉 熯 𤅩 䎯	呼旰	曉寒開一去	hanh	n̥ˤanh	
𦰩	NAN	㔮 儺 𠹈 𩴓 臡	㔮 儺 𠹈 𩴓 臡	諾何	泥歌開一平	na		·𠹈，構形詭譎，又作「儺」、「𩴓」。原本《玉篇·吅部》：「𠹈，乃多反。《蒼頡萹》：『除疫人也。』野王案，《周礼》『遂令始難』是也。《說文》爲魅字，在鬼部。」疑與「難」同諧聲。
𦰩	NAN	難 𪇼 𩁚 𩁢	難 𪇼 𩁚 𩁢	那干	泥寒開一平	nan	nˤan	
𦰩	NAN	攤	攤	奴但	泥寒開一上	nanq		
𦰩	NAN	攤 灘 難 𦍀 㬮	攤 灘 難 𦍀 㬮	奴案	泥寒開一去	nanh	nˤanh	
𦰩	NAN	臡	臡	奴低	泥齊開四平	nej		
𦰩	NAN	臡	臡	人兮	日祭開三平	njiej		
𦰩	NAN	㬮	㬮	女閑	孃山開二平	nreen		
𦰩	NAN	戁	戁	奴板	孃刪開二上	nraenq		
𦰩	NAN	䕼 𤓉	䕼 𤓉	如延	日仙開三平	njien		
𦰩	NAN	戁 熯	戁 熯	人善	日仙開三上	njienq		
柰	NAT	捺 𤷈	捺 𤷈	奴曷	泥末開一入	nat		
柰	NAT	柰 奈 㲡 𩹟 渿	柰 奈 㲡 𩹟 渿	奴帶	泥泰開一去	najh	nˤath	
柰	NAT	奈	奈	奴箇	泥歌開一去	nah		
柰	NAT	𤷈 𧞍	𤷈 𧞍	女黠	孃黠開二入	nreet		·𧞍，《廣韻》：「𧞍，奴人衣。」其右旁「察」可能是聲符「奈」之訛形。
柰	NAT	𩈶	𩈶	奴板	孃刪開二上	nraenq		
柰	NAT	𦤧	𦤧	除邁	澄夬開二去	draejh		·𦤧，《廣韻》：「𦤧，大臭。又事露也。〔除邁切〕」《集韻》：「𦤬𦤧，臭也。〔尼戒切〕」「𦤧𦤬，臭也。〔除邁切〕」
冄	NAM	舑 聃 𨈭 㘱 䔜 㴂	舑 聃 𨈭 㘱 䔜 㴂	他酣	透談開一平	tham	n̥ˤam	
冄	NAM	𨸱	𨸱	他念	透添開四去	themh		
冄	NAM	柟 抩 䶲 𤱣	柟 抩 䶲 𤱣	那含	泥覃開一平	nom	nˤəm	
冄	NAM	䎃	䎃	奴感	泥覃開一上	nomq	nˤəmʔ	
冄	NAM	𨸱 姌	𨸱 姌	乃玷	泥添開四上	nemq		
冄	NAM	𩓾 髯 蚺 呥 柟 𧦦 冉 袡 䶲 㾆 舑	𩓾 髯 蚺 呥 柟 𧦦 冉 袡 䶲 㾆 舑	汝鹽	日鹽開三平	njiem	nam	
冄	NAM	冉 姌 苒 䎃 柟 𥬕	冉 姌 苒 䎃 柟 𥬕	而琰	日鹽開三上	njiemq	namʔ	
冄	NAM	髯	髯	而豔	日鹽開三去	njiemh	namh	
冄	NAM	㾆	㾆	處占	昌鹽開三平	tjhiem		
冄	NAI	那 𤘟 挪 𡖔	那 𤘟 挪 𡖔	諾何	泥歌開一平	na	nˤai	·那，《說文》：「𨙻，西夷國。從邑、冄聲。安定有朝𨙻縣。」「冄」聲與「那」韻母有異，待考。
冄	NAI	娜 那	娜 那	奴可	泥歌開一上	naq	nˤaiʔ	
冄	NAI	那	那	奴箇	泥歌開一去	nah	nˤaih	
染	NAM	媣	媣	古三	見談開一平	kam		·媣，諟也，又作「𡜉」。《說文》：「媣，諟也。从女、染聲。」《名義》辱紺反；《玉篇》而閃切；《王三》《裴韻》古三反；大徐本《說文》而琰切；《廣韻》古三、而琰二切；小徐本《說文》柔檢反。古三切之聲母與「染」聲不合，待考。
染	NAM	染 𩃵 媣	染 𩃵 媣	而琰	日鹽開三上	njiemq	namʔ	·染，《說文》：「染，以繒染爲色。从水，杂聲。」徐鍇曰：「《說文》無杂字。裴光遠云：『从木，木者所以染，桅、茜之屬也；从九，九者染之數也。』未知其審。」陶安、陳劍先生以爲「朵」聲（說見：陶安，陳劍《〈奏讞書〉校讀札記》），待考。
染	NAM	染	染	而豔	日鹽開三去	njiemh		
初	TSA	初	初	楚居	初魚開三平	tsrhyo	tsʰra	
麤	TSA	麤 麁 𧆓 𥼡	麤 麁 𧆓 𥼡	倉胡	清模一平	tsho	tsʰˤa	
麤	TSA	𧆓	𧆓	采古	清模一上	tshoq	tsʰˤaʔ	
且	TSA	租 蒩	租 蒩	則吾	精模一平	tso	tsˤa	
且	TSA	祖 珇 組 蒩 䔃 靻	祖 珇 組 蒩 䔃 靻	則古	精模一上	tsoq	tsˤaʔ	
且	TSA	駔	駔	子朗	精唐開一上	tsangq	tsˤaŋʔ	
且	TSA	樝 柤 𦳏 㪥 䶥 皻 抯 渣 𤹡 𥡧	樝 柤 𦳏 㪥 䶥 皻 抯 渣 𤹡 𥡧	側加	莊麻開二平	tsrae	tsrˤa	
且	TSA	謯	謯	側下	莊麻開二上	tsraeq	tsrˤaʔ	
且	TSA	𤿚	𤿚	倉胡	清模一平	tsho		
且	TSA	蔖	蔖	采古	清模一上	tshoq	tsʰˤaʔ	
且	TSA	𢯽	𢯽	千過	清歌合一去	tshwah		·𢯽，《廣韻》千過切：「𢯽，拭𢯽。」《玉篇》：「𢯽，七个切。遇也。」
且	TSA	徂 䢐 殂	徂 䢐 殂	昨胡	從模一平	dzo	dzˤa	
且	TSA	粗 麆 駔 伹	粗 麆 駔 伹	徂古	從模一上	dzoq	dzˤaʔ	
且	TSA	𧃘 𧇿	𧃘 𧇿	昨誤	從模一去	dzoh	dzˤah	
且	TSA	䣜 蔖 䠡 虘	䣜 蔖 䠡 虘	昨何	從歌開一平	dza		
且	TSA	楂 查 䶥 㢒 苴	楂 查 䶥 㢒 苴	鉏加	崇麻開二平	dzrae	dzrˤa	
且	TSA	查	查	士佳	崇佳開二平	dzree		
且	TSA	且 蛆 苴 沮	且 蛆 苴 沮	子魚	精魚開三平	tsyo	tsa	
且	TSA	罝 謯 袓 㜘 怚	罝 謯 袓 㜘 怚	子邪	精麻開三平	tsiae	tsa	
且	TSA	苴 咀 䃊	苴 咀 䃊	子與	精魚開三上	tsyoq	tsaʔ	
且	TSA	姐 抯 飷	姐 抯 飷	兹野	精麻開三上	tsiaeq	tsaʔ	
且	TSA	怚 沮	怚 沮	將預	精魚開三去	tsyoh	tsah	
且	TSA	䃊	䃊	資昔	精昔開三入	tsiaek		
且	TSA	菹 𧗘 䶥 沮	菹 𧗘 䶥 沮	側魚	莊魚開三平	tsryo	tsra	
且	TSA	阻 俎	阻 俎	側吕	莊魚開三上	tsryoq	tsraʔ	
且	TSA	詛 阻	詛 阻	莊助	莊魚開三去	tsryoh	tsrah	
且	TSA	疽 岨 砠 䢸 趄 苴 沮 狙 䏣 蛆 雎 蒩 𣻐 伹 坥 𡳆	疽 岨 砠 䢸 趄 苴 沮 狙 䏣 蛆 雎 蒩 𣻐 伹 坥 𡳆	七余	清魚開三平	tshyo	tsʰa	
且	TSA	𤿚	𤿚	七與	清魚開三上	tshyoq		
且	TSA	且	且	七也	清麻開三上	tshiaeq	tsʰaʔ	
且	TSA	覰 䁦 刞 坥 䏣	覰 䁦 刞 坥 䏣	七慮	清魚開三去	tshyoh	tsʰah	
且	TSA	笡	笡	遷謝	清麻開三去	tshiaeh		
且	TSA	㡹	㡹	七賜	清支開三去	tshieh		
且	TSA	𪓐	𪓐	創舉	初魚開三上	tsrhyoq	tsʰraʔ	
且	TSA	㚗	㚗	才邪	從麻開三平	dziae		
且	TSA	咀 沮 怚 袓 跙	咀 沮 怚 袓 跙	慈吕	從魚開三上	dzyoq	dzaʔ	
且	TSA	鉏 鋤 耡 豠 𧱑 𪆷	鉏 鋤 耡 豠 𧱑 𪆷	士魚	崇魚開三平	dzryo	dzra	
且	TSA	齟 鉏	齟 鉏	牀吕	崇魚開三上	dzryoq	dzraʔ	
且	TSA	助 耡 麆	助 耡 麆	牀據	崇魚開三去	dzryoh	dzrah	
且	TSA	抯	抯	徐野	邪麻開三上	ziaeq		
疋	TSA	𠿝	𠿝	楚居	初魚開三平	tsrhyo		
疋	TSA	楚 礎 齼 憷 濋	楚 礎 齼 憷 濋	創舉	初魚開三上	tsrhyoq	tsʰraʔ	
疋	TSA	楚 儊	楚 儊	瘡據	初魚開三去	tsrhyoh	tsʰrah	
疋	TSA	胥 䱬 䈝 稰 楈 藇 諝 㥠 湑 蝑 揟	胥 䱬 䈝 稰 楈 藇 諝 㥠 湑 蝑 揟	相居	心魚開三平	syo	sa	
疋	TSA	諝 胥 㥠 稰 醑 湑 糈 楈 𥚩	諝 胥 㥠 稰 醑 湑 糈 楈 𥚩	私吕	心魚開三上	syoq	saʔ	
疋	TSA	蝑	蝑	司夜	心麻開三去	siaeh		
疋	TSA	疏 梳 蔬 綀 疎 𥿇 𤕟 㽰 疋	疏 梳 蔬 綀 疎 𥿇 𤕟 㽰 疋	所葅	生魚開三平	sryo	sra	·梳，「疏」省聲。·綀，《說文新附·糸部》：「綀，布屬。从糸，束聲。」鄭張尚芳《上古音系》：「《說文新附》作「束」聲，實爲「疎」聲。」其說是也。
疋	TSA	糈 疋 䝪	糈 疋 䝪	踈舉	生魚開三上	sryoq	sraʔ	
疋	TSA	𥿇	𥿇	羌(丘)舉	生魚開三上	sryoq	sraʔ	·𥿇，《切韻》系韻書所收溪母讀法與「疋」聲字形不合，《玉篇》系字書無此音。疑反切上字本作「所」、讀生母，後或訛省作「丘」，《切韻》系遂據誤收入溪母音。《王三·語韻》羌舉反：「𥿇，繼。又所除反{又除反}。又丘據[反]。」其又音「丘據」即指生母語韻sryoh之音，可爲旁證。
疋	TSA	疏 捒	疏 捒	所去	生魚開三去	sryoh	srah	
爿	TSAŊ	臧 匨 䍧 <牂> 戕 贓	臧 匨 䍧 牂 戕 贓	則郎	精唐開一平	tsang	tsˤaŋ	·䍧，牡羊，「牂」之訛字。《說文》：「牂，牡羊也。從羊，爿聲。」《切三》《王一》《王三》正作「牂」。
爿	TSAŊ	髒	髒	子朗	精唐開一上	tsangq		
爿	TSAŊ	葬	葬	則浪	精唐開一去	tsangh	tsˤaŋh	
爿	TSAŊ	藏	藏	昨郎	從唐開一平	dzang	dzˤaŋ	
爿	TSAŊ	奘	奘	徂朗	從唐開一上	dzangq	dzˤaŋʔ	
爿	TSAŊ	藏 奘 𨌄	藏 奘 𨌄	徂浪	從唐開一去	dzangh	dzˤaŋh	
爿	TSAŊ	䚘	䚘	助庚	崇庚開二平	dzraeng	dzrˤaŋ	·䚘，蓋「𧢼」省聲，同「𧢼」。
爿	TSAŊ	將 漿 鱂 蔣 螿 𢪇	將 漿 鱂 蔣 螿 𢪇	即良	精陽開三平	tsyang	tsaŋ	·將，其右旁「𢌳」亦爲聲首，雙手奉肉，乃“奉將”之｛將｝的初文；加注「爿」聲而作「將」。參考：王子楊《釋甲骨金文中的“將”——兼說古文字“將”之流變》。
爿	TSAŊ	㢡 獎 䉃 槳 㯍 蔣	㢡 獎 䉃 槳 㯍 蔣	即兩	精陽開三上	tsyangq	tsaŋʔ	
爿	TSAŊ	醬 𨡰 𨟻 將	醬 𨡰 𨟻 將	于亮	精陽開三去	tsyangh	tsaŋh	
爿	TSAŊ	莊 㽵 妝 裝 䊋	莊 㽵 妝 裝 䊋	側羊	莊陽開三平	tsryang	tsraŋ	
爿	TSAŊ	壯 裝 𣴣	壯 裝 𣴣	側亮	莊陽開三去	tsryangh	tsraŋh	
爿	TSAŊ	鏘 蹡 𨄚 斨 牄 嶈	鏘 蹡 𨄚 斨 牄 嶈	七羊	清陽開三平	tshyang	tsʰaŋ	
爿	TSAŊ	蹡	蹡	七亮	清陽開三去	tshyangh	tsʰaŋh	
爿	TSAŊ	戕 𤞛	戕 𤞛	在良	從陽開三平	dzyang	dzaŋ	
爿	TSAŊ	牀 床	牀 床	士莊	崇陽開三平	dzryang	dzraŋ	
爿	TSAŊ	狀	狀	鋤亮	崇陽開三去	dzryangh	dzraŋh	
爿	TSAŊ	䵼	䵼	式羊	書陽開三平	sjyang		·䵼，亦作「𩰱」、「鬺」。
倉	TSAŊ	倉 蒼 鶬 𩀞 滄 凔 𠥐	倉 蒼 鶬 𩀞 滄 凔 𠥐	七岡	清唐開一平	tshang	tsʰˤaŋ	
倉	TSAŊ	蒼	蒼	麁朗	清唐開一上	tshangq	tsʰˤaŋʔ	
倉	TSAŊ	鎗 槍	鎗 槍	楚庚	初庚開二平	tsrhaeng	tsʰrˤaŋ	
倉	TSAŊ	傖	傖	助庚	崇庚開二平	dzraeng		
倉	TSAŊ	瑲 槍 蹌 𨶆 搶	瑲 槍 蹌 𨶆 搶	七羊	清陽開三平	tshyang	tsʰaŋ	
倉	TSAŊ	搶	搶	七兩	清陽開三上	tshyangq	tsʰaŋʔ	
倉	TSAŊ	創 瘡	創 瘡	初良	初陽開三平	tsrhyang	tsʰraŋ	
倉	TSAŊ	搶 愴	搶 愴	初兩	初陽開三上	tsrhyangq	tsʰraŋʔ	
倉	TSAŊ	創 愴 凔	創 愴 凔	初亮	初陽開三去	tsrhyangh	tsʰraŋh	
𥢺	TSAŊ	牆 廧 墻 嬙 檣 薔 蘠	牆 廧 墻 嬙 檣 薔 蘠	在良	從陽開三平	dzyang	dzaŋ	
匠	TSAŊ	匠 䞪 𪀘	匠 䞪 𪀘	疾亮	從陽開三去	dzyangh	dzaŋh	·匠，《說文》：「匠，木工也。从匚从斤。斤，所以作器也。」从「匚」「斤」會意可疑。白沙謂其以幫組「匚」爲聲（說見：白一平、沙加爾《上古漢語新構擬》），非是。構形待考。
桑	SAŊ	桑 桒 𠸶 喪 𦅇 𩦌	桑 桒 𠸶 喪 𦅇 𩦌	息郎	心唐開一平	sang	sˤaŋ	
桑	SAŊ	顙 𣞙 𣡆 磉	顙 𣞙 𣡆 磉	蘇朗	心唐開一上	sangq	sˤaŋʔ	
桑	SAŊ	喪 𠸶	喪 𠸶	蘇浪	心唐開一去	sangh	sˤaŋh	·喪，《說文》：「喪，亾也。从哭从亾。會意。亾亦聲。」古文字「喪」爲「桑」聲，說見：于省吾《甲骨文字釋林》、趙彤《利用古文字資料考訂幾個上古音問題》。後下部變形音化作「亡」。
爽	SAŊ	摤	摤	七兩	清陽開三上	tshyangq		
爽	SAŊ	磢 㼽 𠞮 漺	磢 㼽 𠞮 漺	初兩	初陽開三上	tsrhyangq	tsʰraŋʔ	
爽	SAŊ	䫪 傸	䫪 傸	初丈	初陽開三上	tsrhyangq	tsʰraŋʔ	
爽	SAŊ	鷞 騻	鷞 騻	色莊	生陽開三平	sryang	sraŋ	
爽	SAŊ	𤕤 爽 𦄍 鷞 塽 樉 㼽 漺 䫪	𤕤 爽 𦄍 鷞 塽 樉 㼽 漺 䫪	踈兩	生陽開三上	sryangq	sraŋʔ	
相	SAŊ	廂 湘 相 緗 箱 葙	廂 湘 相 緗 箱 葙	息良	心陽開三平	syang	saŋ	
相	SAŊ	想	想	息兩	心陽開三上	syangq	saŋʔ	
相	SAŊ	相	相	息亮	心陽開三去	syangh	saŋh	
相	SAŊ	霜 鸘 孀 驦	霜 鸘 孀 驦	色莊	生陽開三平	sryang	sraŋ	
驡	—	驡	驡	子朗	精唐開一上	tsangq		
昔	TSAK	㳻 諎	㳻 諎	側伯	莊陌開二入	tsraek	tsrˤak	
昔	TSAK	斮	斮	側角	莊覺二入	tsroeuk		
昔	TSAK	錯 厝 䱜 逪 剒	錯 厝 䱜 逪 剒	倉各	清鐸開一入	tshak	tsʰˤak	
昔	TSAK	厝 措 醋 錯 㳻	厝 措 醋 錯 㳻	倉故	清模一去	tshoh	tsʰˤakh	
昔	TSAK	諎	諎	千過	清歌合一去	tshwah		·諎，䜆也，《廣韻》：「諎，諎磨。千過切。二。」該小韻地位與七過切磋小韻重合，《王三》已有七箇反，此二字蓋後據其他韻書補增，疑所據有誤。
昔	TSAK	矠	矠	楚革	初麥開二入	tsrheek	tsʰrˤək	
昔	TSAK	䣢 𦁎	䣢 𦁎	在各	從鐸開一入	dzak	dzˤak	
昔	TSAK	齰	齰	鋤陌	崇陌開二入	dzraek	dzrˤak	
昔	TSAK	䄍 蜡 齰	䄍 蜡 齰	鋤駕	崇麻開二去	dzraeh	dzrˤakh	
昔	TSAK	矠	矠	士革	崇麥開二入	dzreek	dzrˤək	
昔	TSAK	簎	簎	士角	崇覺二入	dzroeuk		
昔	TSAK	㳻	㳻	山責	生麥開二入	sreek	srˤək	
昔	TSAK	借 踖 庴	借 踖 庴	資昔	精昔開三入	tsiaek	tsak	
昔	TSAK	唶 借	唶 借	子夜	精麻開三去	tsiaeh	tsakh	
昔	TSAK	斮	斮	側略	莊藥開三入	tsryak	tsrak	
昔	TSAK	皵	皵	七迹	清昔開三入	tshiaek	tsʰak	
昔	TSAK	鵲 趞 碏 皵 踖 䇎 䱜	鵲 趞 碏 皵 踖 䇎 䱜	七雀	清藥開三入	tshyak	tsʰak	
昔	TSAK	蜡	蜡	七慮	清魚開三去	tshyoh	tsʰakh	
昔	TSAK	䜺 簎	䜺 簎	測戟	初陌開三入	tsrhyaek		
昔	TSAK	籍 踖 𨆮 藉 耤 庴 猎 膌 䣢 簎	籍 踖 𨆮 藉 耤 庴 猎 膌 䣢 簎	秦昔	從昔開三入	dziaek	dzak	
昔	TSAK	藉 躤	藉 躤	慈夜	從麻開三去	dziaeh	dzakh	
昔	TSAK	昔 𦠡 腊 惜 焟 棤	昔 𦠡 腊 惜 焟 棤	思積	心昔開三入	siaek	sak	
昔	TSAK	𨛳	𨛳	祥易	邪昔開三入	ziaek		
乍	TSAK	作 迮 柞	作 迮 柞	則落	精鐸開一入	tsak	tsˤak	
乍	TSAK	作	作	臧𧙓	精模一去	tsoh		
乍	TSAK	作	作	則箇	精歌開一去	tsah		
乍	TSAK	迮 窄 笮 舴 蚱	迮 窄 笮 舴 蚱	側伯	莊陌開二入	tsraek	tsrˤak	
乍	TSAK	詐 咋 笮 醡 榨	詐 咋 笮 醡 榨	側駕	莊麻開二去	tsraeh	tsrˤakh	
乍	TSAK	鮓 厏 痄	鮓 厏 痄	側下	莊麻開二上	tsraeq		
乍	TSAK	咋	咋	側革	莊麥開二入	tsreek		
乍	TSAK	䩆 拃	䩆 拃	側板	莊刪開二上	tsraenq		
乍	TSAK	昨 酢 莋 怍 笮 筰 柞 㸲 岝 飵 𢂃 䋏 秨 砟 葃 鈼	昨 酢 莋 怍 笮 筰 柞 㸲 岝 飵 𢂃 䋏 秨 砟 葃 鈼	在各	從鐸開一入	dzak	dzˤak	
乍	TSAK	祚 胙 阼 飵 秨	祚 胙 阼 飵 秨	昨誤	從模一去	dzoh	dzˤakh	
乍	TSAK	𣨐	𣨐	昨胡	從模一平	dzo		
乍	TSAK	齚 咋 泎 岝	齚 咋 泎 岝	鋤陌	崇陌開二入	dzraek		
乍	TSAK	乍 𧧻	乍 𧧻	鋤駕	崇麻開二去	dzraeh	dzrˤakh	
乍	TSAK	厏	厏	士下	崇麻開二上	dzraeq		
乍	TSAK	葃	葃	士革	崇麥開二入	dzreek		
乍	TSAK	舴	舴	陟格	知陌開二入	traek		·舴，舴艋。原本《玉篇》側格反；《名義》側挌反；《玉篇》陟格切；《新撰字鏡》渉格反；《廣雅音註》側格反；《切三》張格反；《王三》陟格、側革二反；《廣韻》陟格、側伯二切；《集韻》陟格、側格、實窄三切。
乍	TSAK	葃	葃	秦昔	從昔開三入	dziaek		
舄	SAK	舄	舄	七雀	清藥開三入	tshyak	tsʰak	
舄	SAK	寫 𣞐 瀉	寫 𣞐 瀉	悉姐	心麻開三上	siaeq	saʔ	
舄	SAK	瀉 䉣	瀉 䉣	司夜	心麻開三去	siaeh	sakh	
舄	SAK	潟 磶 舄 𩍆 蕮	潟 磶 舄 𩍆 蕮	思積	心昔開三入	siaek	sak	
舄	SAK	獡	獡	書藥	書藥開三入	sjyak		
索	SAK	索 𢱢 溹 𩌈 𦵫 㮦	索 𢱢 溹 𩌈 𦵫 㮦	蘇各	心鐸開一入	sak	sˤak	
索	SAK	素 傃 嗉 膆 塐 䛾 𤢘 㨞	素 傃 嗉 膆 塐 䛾 𤢘 㨞	桑故	心模一去	soh	sˤakh	·素，「素」「索」一字之分化。
索	SAK	𡩡 索 溹	𡩡 索 溹	山責	生麥開二入	sreek		
索	SAK	𡩡 索 䞽 溹 𥻨	𡩡 索 䞽 溹 𥻨	山戟	生陌開三入	sryaek	srak	
𩾼	—	𩾼	𩾼	思積	心昔開三入	siaek		·𩾼，《廣韻》思積切：「𩾼，水鳥。」未詳。
叉	TSAI	叉 杈 靫 䑡	叉 杈 靫 䑡	初牙	初麻開二平	tsrhae	tsʰrˤai	
叉	TSAI	釵 靫 𩑐 叉 芆	釵 靫 𩑐 叉 芆	楚佳	初佳開二平	tsrhee		
叉	TSAI	衩 杈 㳗 訍	衩 杈 㳗 訍	楚懈	初佳開二去	tsrheeh		
叉	TSAI	扠	扠	丑佳	徹佳開二平	trhee		·扠，以拳加人，又作「搋」。
𠂇	TSAI	左 㝾 𠂇	左 㝾 𠂇	臧可	精歌開一上	tsaq	tsˤaiʔ	
𠂇	TSAI	佐 左 𠡃 㝾 袏	佐 左 𠡃 㝾 袏	則箇	精歌開一去	tsah	tsˤaih	
𠂇	TSAI	溠	溠	側加	莊麻開二平	tsrae		
𠂇	TSAI	𥰭	𥰭	側下	莊麻開二上	tsraeq		
𠂇	TSAI	溠	溠	側駕	莊麻開二去	tsraeh		
𠂇	TSAI	磋	磋	七過	清歌合一去	tshwah		
𠂇	TSAI	蹉 瑳 搓 磋 溠 傞 𪘓	蹉 瑳 搓 磋 溠 傞 𪘓	七何	清歌開一平	tsha	tsʰˤai	
𠂇	TSAI	瑳 䰈	瑳 䰈	千可	清歌開一上	tshaq		
𠂇	TSAI	䐤 差 𠞊	䐤 差 𠞊	楚佳	初佳開二平	tsrhee		
𠂇	TSAI	差 瘥 𧪘	差 瘥 𧪘	楚懈	初佳開二去	tsrheeh		
𠂇	TSAI	差	差	楚皆	初皆開二平	tsrheej		
𠂇	TSAI	差 鎈 䐤 𠞊 艖	差 鎈 䐤 𠞊 艖	初牙	初麻開二平	tsrhae		·差，「左」聲。
𠂇	TSAI	醝 㽨 瘥 𣩈 鹺 嵯 蒫 𥰭 艖 䴾 䑘 𪘓 齹 䰈	醝 㽨 瘥 𣩈 鹺 嵯 蒫 𥰭 艖 䴾 䑘 𪘓 齹 䰈	昨何	從歌開一平	dza	dzˤai	
𠂇	TSAI	𨌅	𨌅	士佳	崇佳開二平	dzree		
𠂇	TSAI	槎	槎	鉏加	崇麻開二平	dzrae		
𠂇	TSAI	槎	槎	士下	崇麻開二上	dzraeq		
𠂇	TSAI	傞	傞	素何	心歌開一平	sa		
𠂇	TSAI	縒 褨	縒 褨	蘇可	心歌開一上	saq		
𠂇	TSAI	嗟 𧨁 蒫 瘥 𨲠 𣩈 䦈	嗟 𧨁 蒫 瘥 𨲠 𣩈 䦈	子邪	精麻開三平	tsiae		
𠂇	TSAI	蒫	蒫	即夷	精脂開三平	tsi		
𠂇	TSAI	𨌅	𨌅	取私	清脂開三平	tshi		
𠂇	TSAI	差 嵯 齹 縒	差 嵯 齹 縒	楚宜	初支開三平	tsrhye	tsʰrai	
𠂇	TSAI	㿷	㿷	楚愧	初脂合三去	tsrhuih		
𠂇	TSAI	髊	髊	疾智	從支開三去	dzieh		
𠂇	TSAI	𨌅	𨌅	疾資	從脂開三平	dzi		
𠂇	TSAI	齹	齹	士移	崇支開三平	dzrye		
沙	SAI	𩛻	𩛻	則旰	精寒開一去	tsanh		·𩛻，原本《玉篇》：「𩛻，《字書》：古文饡字也。」《汗簡》引《林罕集字》：「饡：𩛻。」一般認爲此字爲「沙」省聲，在西周金文中讀爲｛纘｝、義爲“繼承”。史牆盤：「𤕌(申)寍(寧)天₌子₌(天子，天子)𫭓(固)䬤(纘)文武長剌(烈)。〔西周中期，《集成》10175〕」。參考：裘錫圭《讀逑器銘文札記三則》。
沙	SAI	硰	硰	作可	精歌合一上	tswaq		
沙	SAI	硰	硰	千可	清歌開一上	tshaq		
沙	SAI	娑 挱 挲 𩊮 䓾 𠈱 桫 䤬 𥆝	娑 挱 挲 𩊮 䓾 𠈱 桫 䤬 𥆝	素何	心歌開一平	sa	sˤai	
沙	SAI	娑	娑	蘇可	心歌開一上	saq		
沙	SAI	莎 魦 莏 𢘿 髿 𣜤	莎 魦 莏 𢘿 髿 𣜤	蘇禾	心歌合一平	swa		·𢘿，《漢書·地理志》「𢘿題」顔師古注：「𢘿，古莎字。」王念孫《讀書雜誌·漢書弟六》以「𢘿」爲「⿱艹𣲡」之省訛。
沙	SAI	鯊 魦 沙 砂 裟 㲚 桬 紗 髿 𩊮 硰	鯊 魦 沙 砂 裟 㲚 桬 紗 髿 𩊮 硰	所加	生麻開二平	srae	srˤai	
沙	SAI	沙	沙	所嫁	生麻開二去	sraeh		
沙	SAI	𩌦	𩌦	所蟹	生佳開二上	sreeq		
沙	SAI	𥳧	𥳧	山皆	生皆開二平	sreej		
沙	SAI	徙 𢇌	徙 𢇌	斯氏	心支開三上	sieq	saiʔ	·徙，本「尐(沙)」聲。說見：李家浩《〈說文〉篆文有漢代小學家篡改和虛造的字形》。
沙	SAI	杫	杫	斯義	心支開三去	sieh		·杫，蓋「徙」省聲。《方言》：「俎，几也。西南蜀漢之郊曰杫。」郭璞注：「杫，音賜。」
沙	SAI	簁 褷	簁 褷	所宜	生支開三平	srye	srai	
沙	SAI	縰 𩌦 屣 簁	縰 𩌦 屣 簁	所綺	生支開三上	sryeq	sraiʔ	
沙	SAI	屣 𩌦	屣 𩌦	所寄	生支開三去	sryeh	sraih	
𣦼	TSAN	餐	餐	七安	清寒開一平	tshan	tsʰˤan	
𣦼	TSAN	粲 㛑 燦 璨 薒 𪆶	粲 㛑 燦 璨 薒 𪆶	蒼案	清寒開一去	tshanh	tsʰˤanh	
𣦼	TSAN	殩	殩	七亂	清寒合一去	tshwanh		
𣦼	TSAN	𢂺	𢂺	倉甸	清先開四去	tshenh	tsʰˤenh	
𣦼	TSAN	𣦼	𣦼	昨干	從寒開一平	dzan	dzˤan	
𢍱	TSAN	躚 蹮	躚 蹮	蘇前	心先開四平	sen		
𢍱	TSAN	遷 𨙙 𠨧 𨝍 櫏 䉦 韆	遷 𨙙 𠨧 𨝍 櫏 䉦 韆	七然	清仙開三平	tshien	tsʰan	
𢍱	TSAN	僊 𠑗 躚	僊 𠑗 躚	相然	心仙開三平	sien	san	
湌	TSAN	湌	湌	七安	清寒開一平	tshan	tsʰˤan	·湌，从「水」「食」會意，本「飧」之異體；東漢以後多用作｛餐｝。說見：冀小軍：《“觥飯不及壺飧”舊說辨正——以〈篆隸萬象名義〉印證〈說文〉一例》。
山	SAN	訕	訕	所姦	生刪開二平	sraen	srˤan	
山	SAN	訕 汕 疝 䴮	訕 汕 疝 䴮	所晏	生刪開二去	sraenh	srˤanh	
山	SAN	山 疝 邖	山 疝 邖	所閒	生山開二平	sreen	sran	
山	SAN	汕	汕	所簡	生山開二上	sreenq	sranʔ	
仙	SAN	仙 苮 秈	仙 苮 秈	相然	心仙開三平	sien	san	
仙	SAN	仚	仚	許延	曉仙開三A平	hien		
散	SAN	散 𢽳 𢿱 饊 糤 鏾 繖 䉈 𩀼 𢄻	散 𢽳 𢿱 饊 糤 鏾 繖 䉈 𩀼 𢄻	蘇旱	心寒開一上	sanq	sˤanʔ	·散，《說文》：「散，雜肉也。从肉，㪔聲。」參看：于省吾《殷代的交通工具和馹傳制度》、裘錫圭：《甲骨文所見的商代農業》等，最近的研究見鄔可晶《古文字中舊釋“散”之字辨析》。
散	SAN	繖 𢿱 散 𩀼	繖 𢿱 散 𩀼	蘇旰	心寒開一去	sanh	sˤanh	
散	SAN	䉈	䉈	桑割	心末開一入	sat		
散	SAN	霰 𢊰	霰 𢊰	蘇佃	心先開四去	senh	sˤenh	
散	SAN	潸	潸	所姦	生刪開二平	sraen		
散	SAN	潸	潸	數板	生刪開二上	sraenq		
刪	SAN	𦙱 跚 珊 姍 䈀	𦙱 跚 珊 姍 䈀	蘇干	心寒開一平	san	sˤan	
刪	SAN	䈀	䈀	蘇旰	心寒開一去	sanh		
刪	SAN	𠱡	𠱡	桑割	心末開一入	sat		
刪	SAN	刪 𣧱 狦	刪 𣧱 狦	所姦	生刪開二平	sraen	srˤan	·刪，《說文》：「刪，剟也。从刀、冊。冊，書也。」前人多以爲會意，薛培武疑「冊」爲「𣏟」之訛形，「𣏟」自有SAN一類音（薛培武《甲骨文中舊釋爲“散”之字及相關諸字新釋》），待考。
刪	SAN	狦 柵	狦 柵	所晏	生刪開二去	sraenh		·柵，「刪」省聲，與測戟切、楚革切之「柵」爲同形異構字。
刪	SAN	𠱡	𠱡	所犗	生夬開二去	sraejh		
傘	SAN	傘	傘	蘇旱	心寒開一上	sanq	sˤanʔ	·傘，《名義》無此字，蓋顧野王《玉篇》亦無之，宋本《玉篇》於《𠦬部》有之，此必中古後起字。《龍龕·人部》：「𠋔□□□：四俗；傘：古文。音散。蓋也。今作繖字。」所謂之「古文」恐不古。李學勤釋睡虎地秦簡《日書》甲種「張△以鄉(嚮)之」爲「傘」（說見：李學勤《傘》），恐非。
鮮	SAN	𩆵	𩆵	蘇佃	心先開四去	senh		
鮮	SAN	䉳 鮮 鱻 廯	䉳 鮮 鱻 廯	相然	心仙開三平	sien	san	
鮮	SAN	鮮 癬 䉳 廯 𧕇 蘚	鮮 癬 䉳 廯 𧕇 蘚	息淺	心仙開三上	sienq	sanʔ	
鮮	SAN	鮮	鮮	私箭	心仙開三去	sienh	sanh	
鮮	SAN	𩆵	𩆵	息移	心支開三平	sie		·𩆵，《說文》：「𩆵，小雨財𩂣也。从雨鮮聲。讀若斯。」
尠	—	尠	尠	思句	心虞合三去	suoh		·尠，少。《廣韻》：「尠，思句切。少也。又息淺切一。」「尠」一般認爲乃“鮮少”之「鮮」、「尟」異體，然此虞韻思句切讀法與息淺切迥異，待考。
尠	—	尠	尠	息淺	心仙開三上	sienq		·尠，从「甚」从「少」，“鮮少”之｛鮮｝的後起會意字，又作「尟」。
尟	—	尟	尟	息淺	心仙開三上	sienq		·尟，从「是」从「少」，“鮮少”之｛鮮｝的後起會意字，《說文》：「尟，是少也。尟俱存也。从是、少。賈侍中說。」又作「尠」。
戔	TSEN TSAN	箋 牋 帴 淺 𣚙 濺 籛 𣝕	箋 牋 帴 淺 𣚙 濺 籛 𣝕	則前	精先開四平	tsen	tsˤen	
戔	TSEN TSAN	醆 琖 盞 𧣴	醆 琖 盞 𧣴	阻限	莊山開二上	tsreenq	tsr[ˤe]nʔ	
戔	TSEN TSAN	䎒	䎒	側板	莊刪開二上	tsraenq	tsrˤanʔ	
戔	TSEN TSAN	䉔	䉔	七安	清寒開一平	tshan		
戔	TSEN TSAN	剗	剗	初限	初山開二上	tsrheenq	tsʰr[ˤe]nʔ	
戔	TSEN TSAN	㹽	㹽	初板	初刪開二上	tsrhaenq		
戔	TSEN TSAN	䴼	䴼	初鴈	初刪開二去	tsrhaenh		
戔	TSEN TSAN	殘 䏼 㱚 戔 𥂫 帴	殘 䏼 㱚 戔 𥂫 帴	昨干	從寒開一平	dzan	dzˤan	
戔	TSEN TSAN	䏼 𣧻	䏼 𣧻	祖賛	從寒開一去	dzanh		·𣧻，蓋爲「殘」省聲。
戔	TSEN TSAN	虥	虥	昨閑	崇山開二平	dzreen		
戔	TSEN TSAN	虥	虥	士山	崇山開二平	dzreen		
戔	TSEN TSAN	𪘪 䗃	𪘪 䗃	士板	崇刪開二上	dzraenq	dzrˤanʔ	
戔	TSEN TSAN	輚 棧 虥 𧮺 䗃	輚 棧 虥 𧮺 䗃	士諫	崇刪開二去	dzraenh	dzrˤanh	
戔	TSEN TSAN	帴	帴	蘇旰	心寒開一去	sanh		
戔	TSEN TSAN	帴	帴	所八	生黠開二入	sreet		
戔	TSEN TSAN	錢 俴 帴 籛	錢 俴 帴 籛	即淺	精仙開三上	tsienq	tsanʔ	
戔	TSEN TSAN	籛 濺	籛 濺	子賤	精仙開三去	tsienh	tsanh	
戔	TSEN TSAN	淺	淺	士演	清仙開三上	tshienq	tsʰanʔ	
戔	TSEN TSAN	錢 𧔢	錢 𧔢	昨仙	從仙開三平	dzien	dzan	
戔	TSEN TSAN	踐 諓 餞 俴 𤷃 𧗸 㣤	踐 諓 餞 俴 𤷃 𧗸 㣤	慈演	從仙開三上	dzienq	dzanʔ	
戔	TSEN TSAN	賤 諓 餞	賤 諓 餞	才線	從仙開三去	dzienh	dzanh	
戔	TSEN TSAN	棧 㟞 嶘 輚 虥	棧 㟞 嶘 輚 虥	士限	崇山開二上	dzreenq	dzranʔ	
戔	TSEN TSAN	棧	棧	士免	崇仙開三上	dzryenq	dzranʔ	
戔	TSEN TSAN	𨵊	𨵊	土列	崇薛開三入	dzryet		
戔	TSEN TSAN	綫	綫	私箭	心仙開三去	sienh	sanh	
戔	TSEN TSAN	醆 䎒	醆 䎒	旨善	章仙開三上	tjienq		
贊	TSAN	䰖	䰖	作旱	精寒開一上	tsanq		
贊	TSAN	贊 讚 酇 饡 趲 灒 㜺 䰖 襸 攢	贊 讚 酇 饡 趲 灒 㜺 䰖 襸 攢	則旰	精寒開一去	tsanh	tsˤanh	
贊	TSAN	䰖	䰖	姊末	精末開一入	tsat		
贊	TSAN	躦	躦	昨何	從歌開一平	dza		
贊	TSAN	瓚 趲 禶	瓚 趲 禶	藏旱	從寒開一上	dzanq	dzanʔ	
贊	TSAN	㜺 穳 囋	㜺 穳 囋	祖賛	從寒開一去	dzanh		
贊	TSAN	囋	囋	才割	從末開一入	dzat		
贊	TSON	鑽 𩎈 䡽 𣀶 劗	鑽 𩎈 䡽 𣀶 劗	借官	精寒合一平	tswan	tsˤon	
贊	TSON	䂎 纘 儹 籫 酇	䂎 纘 儹 籫 酇	作管	精寒合一上	tswanq	tsˤonʔ	
贊	TSON	䂎 鑽	䂎 鑽	子筭	精寒合一去	tswanh		
贊	TSON	䂎	䂎	七亂	清寒合一去	tshwanh		
贊	TSON	欑 巑 𩎈 襸 酇 穳 劗	欑 巑 𩎈 襸 酇 穳 劗	在丸	從寒合一平	dzwan	dzˤon	
贊	TSON	攢	攢	在玩	從寒合一去	dzwanh	dzˤonh	
孨	TSAN	潺 孱 僝 𨬖	潺 孱 僝 𨬖	士山	崇山開二平	dzreen	dzran	
孨	TSAN	轏 孱 𠊩	轏 孱 𠊩	士限	崇山開二上	dzreenq		
孨	TSAN	孨	孨	莊眷	莊仙合三去	tsruenh		
孨	TSAN	樼 𨬖	樼 𨬖	側詵	莊臻開三平	tsryin		
孨	TSAN	潺 孱 𨬖	潺 孱 𨬖	士連	崇仙開三平	dzryen	dzran	
孨	TSAN	僝	僝	七戀	崇仙合三去	dzruenh		
孨	TSAN	𠟉	𠟉	旨善	章仙開三上	tjienq		
孨	TSAN	孨	孨	旨兖	章仙合三上	tjwienq		·孨，《玉篇》莊卷、旨兖二切；《名義》子踐反；《王三》旨兖反；《廣韻》旨兗、莊眷、尼立三切。
祭	TSAT	瘵 祭 𨝋	瘵 祭 𨝋	側界	莊皆開二去	tsreejh	tsrˤath	
祭	TSAT	蔡 𣞖 𪇭	蔡 𣞖 𪇭	倉大	清泰開一去	tshajh	tsʰˤath	
祭	TSAT	攃 䌨 礤	攃 䌨 礤	七曷	清末開一入	tshat		
祭	TSAT	𥉻 摖 䏅	𥉻 摖 䏅	七計	清齊開四去	tshejh		
祭	TSAT	㗫 詧	㗫 詧	千結	清屑開四入	tshet		
祭	TSAT	䕓 察 詧 𣘤 𥉻 𩴳	䕓 察 詧 𣘤 𥉻 𩴳	初八	初黠開二入	tsrheet	tsʰrˤ[e]t	
祭	TSAT	攃	攃	桑割	心末開一入	sat		
祭	TSAT	祭 際 穄 鰶	祭 際 穄 鰶	子例	精祭開三去	tsiejh	tsath	
祭	TSAT	㡜	㡜	私列	心薛開三入	siet		
祭	TSAT	㡜	㡜	相絕	心薛合三入	swiet		
祭	TSAT	㡜	㡜	所例	生祭開三去	sryejh		
祭	TSAT	傺 𥉻	傺 𥉻	丑例	徹祭開三去	trhiejh		
殺	SAT	刹 䓭	刹 䓭	初鎋	初鎋開二入	tsrhaet		
殺	SAT	摋 𥻦 𨐖	摋 𥻦 𨐖	桑割	心末開一入	sat	sˤat	
殺	SAT	殺 煞 鎩 𣻑 蔱 榝	殺 煞 鎩 𣻑 蔱 榝	所八	生黠開二入	sreet	srˤat	·煞，「殺」之俗字。
殺	SAT	鎩 𧜁 殺 閷	鎩 𧜁 殺 閷	所拜	生皆開二去	sreejh	srˤath	
殺	SAT	榝	榝	山列	生薛開三入	sryet	srat	
殺	SAT	鎩 蔱	鎩 蔱	所例	生祭開三去	sryejh	srath	
巢	TSAU	薻 䲃 璅 繅	薻 䲃 璅 繅	子晧	精豪開一上	tsawq	tsˤauʔ	
巢	TSAU	𦗔 罺 摷	𦗔 罺 摷	側交	莊肴開二平	tsraew	tsrˤau	
巢	TSAU	䜈 𦾱	䜈 𦾱	楚交	初肴開二平	tsrhaew		
巢	TSAU	罺	罺	初敎	初肴開二去	tsrhaewh	tsʰrˤauh	
巢	TSAU	𩫥	𩫥	昨勞	從豪開一平	dzaw		
巢	TSAU	巢 轈 勦 𡻝 𣝞 樔 𡏮 鄛	巢 轈 勦 𡻝 𣝞 樔 𡏮 鄛	鉏交	崇肴開二平	dzraew	dzrˤau	
巢	TSAU	㑿	㑿	士絞	崇肴開二上	dzraewq		
巢	TSAU	巢	巢	七稍	崇肴開二去	dzraewh		
巢	TSAU	繅	繅	蘇遭	心豪開一平	saw	sˤau	
巢	TSAU	剿 勦 漅	剿 勦 漅	子小	精宵開三上	tsiewq	tsauʔ	
喿	TSAU	澡 藻 璪 繰	澡 藻 璪 繰	子晧	精豪開一上	tsawq	tsˤauʔ	
喿	TSAU	躁 趮	躁 趮	則到	精豪開一去	tsawh	tsˤauh	
喿	TSAU	劋 𧂈	劋 𧂈	子了	精蕭開四上	tsewq		
喿	TSAU	操 幧 𢿾	操 幧 𢿾	七刀	清豪開一平	tshaw	tsʰˤau	
喿	TSAU	懆	懆	采老	清豪開一上	tshawq	tsʰˤauʔ	
喿	TSAU	操 鄵	操 鄵	七到	清豪開一去	tshawh	tsʰˤauh	
喿	TSAU	鐰	鐰	昨勞	從豪開一平	dzaw		
喿	TSAU	繰 臊 鱢	繰 臊 鱢	蘇遭	心豪開一平	saw	sˤau	
喿	TSAU	喿 譟 噪 髞 𢤁 㿋	喿 譟 噪 髞 𢤁 㿋	蘇到	心豪開一去	sawh	sˤauh	
喿	TSAU	操 <橾>	操 橾	蘇后	心侯一上	souq		
喿	TSAU	劋	劋	子小	精宵開三上	tsiewq		
喿	TSAU	鐰 幧	鐰 幧	七遙	清宵開三平	tshiew	tsʰau	
喿	TSAU	橾	橾	山芻	生虞合三平	sruo		
𣫞	TSAUK	糳 鑿 㘀	糳 鑿 㘀	則落	精鐸開一入	tsak	tsˤauk	
𣫞	TSAUK	𣪲	𣪲	將毒	精沃一入	tsok		
𣫞	TSAUK	㘀	㘀	祖郭	精鐸合一入	tswak		
𣫞	TSAUK	𣫞 鑿	𣫞 鑿	在各	從鐸開一入	dzak	dzˤauk	
𣫞	TSAUK	鑿	鑿	昨木	從屋一入	dzouk		
毚	TSAM	攙	攙	楚銜	初銜開二平	tsrhaem	tsʰrˤam	
毚	TSAM	儳 𤮭 嚵	儳 𤮭 嚵	楚鑑	初銜開二去	tsrhaemh	tsʰrˤamh	
毚	TSAM	巉 劖 艬 鑱 毚 嚵	巉 劖 艬 鑱 毚 嚵	鋤銜	崇銜開二平	dzraem	dzrˤam	
毚	TSAM	巉	巉	仕檻	崇銜開二上	dzraemq	dzrˤamʔ	
毚	TSAM	鑱 䪌 欃 讒 艬	鑱 䪌 欃 讒 艬	士懺	崇銜開二去	dzraemh	dzrˤamh	
毚	TSAM	纔	纔	所銜	生銜開二平	sraem	srˤam	
毚	TSAM	嚵	嚵	慈染	從鹽開三上	dziemq	dzamʔ	
毚	TSAM	讒 饞 毚 㺥 𪗂 欃 攙 儳 酁	讒 饞 毚 㺥 𪗂 欃 攙 儳 酁	士咸	崇咸開二平	dzreem	dzram	
毚	TSAM	瀺	瀺	士減	崇咸開二上	dzreemq	dzramʔ	
毚	TSAM	儳 䪌	儳 䪌	仕陷	崇咸開二去	dzreemh	dzramh	
斬	TSAM	𩈻	𩈻	昨三	精談開一平	tsam		
斬	TSAM	䭕	䭕	子敢	精談開一上	tsamq		
斬	TSAM	覱 𩈻	覱 𩈻	子鑑	莊銜開二去	tsraemh		
斬	TSAM	摲	摲	楚鑑	初銜開二去	tsrhaemh		
斬	TSAM	慙 慚 鏨 䳻 㨻	慙 慚 鏨 䳻 㨻	昨甘	從談開一平	dzam	dzˤam	
斬	TSAM	槧 鏨	槧 鏨	才敢	從談開一上	dzamq		
斬	TSAM	暫 蹔 鏨	暫 蹔 鏨	藏濫	從談開一去	dzamh	dzˤamh	
斬	TSAM	嶃 獑	嶃 獑	鋤銜	崇銜開二平	dzraem		
斬	TSAM	䳻	䳻	士懺	崇銜開二去	dzraemh		
斬	TSAM	㨻	㨻	山檻	生銜開二上	sraemq		
斬	TSAM	漸	漸	子廉	精鹽開三平	tsiem	tsam	
斬	TSAM	𩟗	𩟗	子冉	精鹽開三上	tsiemq		
斬	TSAM	斬	斬	側減	莊咸開二上	tsreemq	tsramʔ	
斬	TSAM	槧	槧	七廉	清鹽開三平	tshiem		
斬	TSAM	壍 塹 槧 嬱	壍 塹 槧 嬱	七豔	清鹽開三去	tshiemh	tsʰamh	
斬	TSAM	螹	螹	昨鹽	從鹽開三平	dziem		
斬	TSAM	漸 𥕌 蔪 𦾶 䟅 䤔 鏨 螹 槧	漸 𥕌 蔪 𦾶 䟅 䤔 鏨 螹 槧	慈染	從鹽開三上	dziemq	dzamʔ	
斬	TSAM	獑 鏨	獑 鏨	士咸	崇咸開二平	dzreem		
斬	TSAM	嶃	嶃	士減	崇咸開二上	dzreemq		
斬	TSAM	𧀵	𧀵	所斬	生咸開二上	sreemq		
三	SAM	三 弎 𢁘	三 弎 𢁘	蘇甘	心談開一平	sam	sˤəm	
三	SAM	三	三	蘇暫	心談開一去	samh		
三	SAM	衫 髟 彡	衫 髟 彡	所銜	生銜開二平	sraem	srˤam	
三	SAM	釤 䀐 㣌	釤 䀐 㣌	所鑑	生銜開二去	sraemh	srˤamh	
三	SAM	彡	彡	息廉	心鹽開三平	siem		
三	SAM	杉 𩁺 䀐	杉 𩁺 䀐	所咸	生咸開二平	sreem	sram	
芟	SAM	芟	芟	所銜	生銜開二平	sraem	srˤam	·芟，《說文》：「芟，刈艸也。从艸从殳。」可參：裘錫圭《甲骨文中所見的商代農業》。
卅	—	卅	卅	私盍	心盍開一入	sap	sˤap	
卅	—	卅	卅	蘇合	心合開一入	sop		
臿	TSAP	㞚	㞚	所甲	生狎開二入	sraep		
臿	TSAP	㞚 偛 䙄 𥀈 䛽	㞚 偛 䙄 𥀈 䛽	側洽	莊洽開二入	tsreep	tsrap	
臿	TSAP	插 臿 鍤 㛼 喢	插 臿 鍤 㛼 喢	楚洽	初洽開二入	tsrheep	tsʰrap	
臿	TSAP	䮢 牐 𧼰	䮢 牐 𧼰	七洽	崇洽開二入	dzreep		
臿	TSAP	歃 喢	歃 喢	山洽	生洽開二入	sreep	srap	
臿	TSAP	㞚 𡍪 䙄	㞚 𡍪 䙄	初戢	初緝開三入	tsrhyip		
臿	TSAP	歃 喢	歃 喢	山輒	生葉開三入	sryep	srap	
臿	TSAP	喢	喢	叱涉	昌葉開三入	tjhiep		
臿	TSAP	𠑆 𨇧	𠑆 𨇧	丑犯	徹嚴開三上	trhyomq		
臿	TSAP	𦑣	𦑣	丑法	徹業開三入	trhyop		
臿	TSAP	鍤 𥯥	鍤 𥯥	丑輒	徹葉開三入	trhiep		
疌	TSAP	寁	寁	子感	精覃開一上	tsomq		
疌	TSAP	疀	疀	楚洽	初洽開二入	tsrheep		
疌	TSAP	𥯦 <箑>	𥯦 箑	七洽	崇洽開二入	dzreep		
疌	TSAP	徢 蜨 𦩌	徢 蜨 𦩌	蘇協	心怗開四入	sep		
疌	TSAP	𧲌 啑	𧲌 啑	所甲	生狎開二入	sraep		
疌	TSAP	箑 萐	箑 萐	山洽	生洽開二入	sreep		
疌	TSAP	睫 婕 𣶏	睫 婕 𣶏	即葉	精葉開三入	tsiep	tsap	
疌	TSAP	𧚨	𧚨	子入	精緝開三入	tsip		
疌	TSAP	緁	緁	七接	清葉開三入	tshiep	tsʰap	
疌	TSAP	𧚨	𧚨	七入	清緝開三入	tship		
疌	TSAP	捷 疌 寁 倢 崨 踕 誱	捷 疌 寁 倢 崨 踕 誱	疾葉	從葉開三入	dziep	dzap	
疌	TSAP	萐 箑	萐 箑	山輒	生葉開三入	sryep	srap	
妾	TSAP	𤗈 𡞘	𤗈 𡞘	蘇協	心怗開四入	sep		
妾	TSAP	翣 帹	翣 帹	所甲	生狎開二入	sraep	srˤap	
妾	TSAP	霎 䈉 𧳛	霎 䈉 𧳛	山洽	生洽開二入	sreep		
妾	TSAP	接 椄 菨 鯜 䈉	接 椄 菨 鯜 䈉	即葉	精葉開三入	tsiep	tsap	
妾	TSAP	妾 淁 鯜 踥	妾 淁 鯜 踥	七接	清葉開三入	tshiep	tsʰap	
妾	TSAP	霎	霎	山輒	生葉開三入	sryep	srap	
䨿	TSAP	䪞 𢶍	䪞 𢶍	才盍	從盍開一入	dzap	dzˤap	·䪞，來源未詳。
䨿	TSAP	𠎷 𠿓 𢶍 𨆂 𩐅	𠎷 𠿓 𢶍 𨆂 𩐅	私盍	心盍開一入	sap	sˤap	
賈	KA	襾	襾	衣嫁	影麻開二去	qaeh		
賈	KA	賈	賈	公戸	見模一上	koq	kˤaʔ	
賈	KA	檟 賈	檟 賈	古疋	見麻開二上	kaeq	krˤaʔ	
賈	KA	價 賈	價 賈	古訝	見麻開二去	kaeh	krˤah	
賈	KA	襾	襾	許下	曉麻開二上	haeq		
古	KA	姑 辜 酤 蛄 鴣 橭 𠷞 沽 𨬟 𧇡 盬 嫴 䐻 㼋	姑 辜 酤 蛄 鴣 橭 𠷞 沽 𨬟 𧇡 盬 嫴 䐻 㼋	古胡	見模一平	ko	kˤa	
古	KA	古 𦙶 罟 估 盬 鈷 𦍩 詁 牯 沽 𥂩	古 𦙶 罟 估 盬 鈷 𦍩 詁 牯 沽 𥂩	公戸	見模一上	koq	kˤaʔ	
古	KA	稒 故 酤 沽 痼 固 錮 㽽 鯝 䍛 棝 凅	稒 故 酤 沽 痼 固 錮 㽽 鯝 䍛 棝 凅	古暮	見模一去	koh	kˤah	
古	KA	箇 個	箇 個	古賀	見歌開一去	kah		
古	KA	枯 軲 㱠 跍 橭	枯 軲 㱠 跍 橭	苦胡	溪模一平	kho	kʰˤa	
古	KA	苦 𥯶	苦 𥯶	康杜	溪模一上	khoq	kʰˤaʔ	
古	KA	䔯 苦	䔯 苦	苦故	溪模一去	khoh	kʰˤah	
古	KA	胡 𩑶 𠴱 瓳 餬 瑚 湖 鶘 猢 醐 𪏻 䊀 𪍒 糊 𪕱 葫 㾰 箶 𥶜 𧛞	胡 𩑶 𠴱 瓳 餬 瑚 湖 鶘 猢 醐 𪏻 䊀 𪍒 糊 𪕱 葫 㾰 箶 𥶜 𧛞	戸吳	匣模一平	gho	ɡˤa	
古	KA	楛 怙 祜 岵 婟 㕆 酤	楛 怙 祜 岵 婟 㕆 酤	侯古	匣模一上	ghoq	ɡˤaʔ	
古	KA	㕆	㕆	當(丁)古	匣模一上	ghoq	ɡˤaʔ	·㕆，《說文》：「㕆，美石也。从厂、古聲。」「古」聲字不當音中古端母，《切韻》系韻書所收端母讀法可疑，疑早期字韻書切語上字本作「丅(下)」、本讀匣母音，或訛作「丁」（如《廣韻》又音丁古切），《切韻》系韻書遂據誤收入端母小韻。
古	KA	婟	婟	胡誤	匣模一去	ghoh		
古	KA	涸	涸	下各	匣鐸開一入	ghak	ɡˤak	
古	KA	葫	葫	荒烏	曉模一平	ho		
古	KA	居 𡨢 据 裾 琚 䝻 鶋 蜛 崌 椐 涺 𦱅 腒	居 𡨢 据 裾 琚 䝻 鶋 蜛 崌 椐 涺 𦱅 腒	九魚	見魚開三平	kyo	k(r)a	
古	KA	鋸 倨 踞 椐 𧣻 䱟	鋸 倨 踞 椐 𧣻 䱟	居御	見魚開三去	kyoh	k(r)ah	
古	KA	居	居	居之	見之開三平	ky	k(r)ə	
古	KA	椐	椐	去魚	溪魚開三平	khyo	kʰ(r)a	
古	KA	腒	腒	強魚	羣魚開三平	gyo	ɡ(r)a	
𢑓	KA	家 幏	家 幏	古牙	見麻開二平	kae	krˤa	·家，古文字「𢑓」象有雄性生殖器的豕形，是｛豭｝*krˤa之表意字，「家」本以「𢑓(豭)」爲聲，後類化爲一般的「豕」。說見：唐蘭《天壤閣甲骨文存並考釋》、李守奎《“家”里的學識》、姚萱《殷墟甲骨文“𣵠”、“⿰氵𢑓”兩字考辨》等。
𢑓	KA	稼 嫁 幏	稼 嫁 幏	古訝	見麻開二去	kaeh	krˤah	
去¹	KA	弆	弆	居許	見魚開三上	kyoq		
去¹	KA	𥬔 袪 阹 胠 魼 㭕 䒧	𥬔 袪 阹 胠 魼 㭕 䒧	去魚	溪魚開三平	khyo	kʰ(r)a	
去¹	KA	去 麮 弆 𧉧	去 麮 弆 𧉧	羌舉	溪魚開三上	khyoq	kʰ(r)aʔ	·去，傳世文字作爲聲符的「去」當分爲兩系：①見系魚部KA；②見系盍部KAP。裘錫圭先生云前者从「大」从「口」、爲｛呿｝之初文；後者來源於｛盍｝之初文。可見：裘錫圭《談談古文字資料對古漢語研究的重要性》《說字小記·說“去”“今”》《再談古文字中的“去”聲》、馮蒸《〈說文〉中應有兩個“去”字說——上古“去”字*-b尾說質疑》。今據其說分爲二聲系。或言「去」「盍」爲魚盍通轉，殊不可信。
去¹	KA	㰦 去 麮 呿 胠 㧁 䒧 𩿟	㰦 去 麮 呿 胠 㧁 䒧 𩿟	近倨	溪魚開三去	khyoh	kʰ(r)ah	
去¹	KA	佉 呿 㰦	佉 呿 㰦	丘伽	溪歌開三平	khya		
夃	KA	股 羖 夃	股 羖 夃	公戸	見模一上	koq	kˤaʔ	·股、羖，二字《說文》皆以爲「殳」聲，聲母不合，非也。古文字「夃」乃腿上著有指事符號之人形，爲｛股｝*kˤaʔ之表意字（說見：趙平安《關於“夃”的形義來源》、楊蒙生《釋“夃(股)”小史》）。秦文字類化作「殳」形。
蠱	KA	蠱	蠱	公戸	見模一上	koq	kˤaʔ	
矩	KA	𧺹 柜 䢹	𧺹 柜 䢹	居許	見魚開三上	kyoq	k(r)aʔ	
矩	KA	矩 榘	矩 榘	俱雨	見虞合三上	kuoq	kw(r)aʔ	·矩，古文字「矩」象人持矩之形，西周時期人形與矩形分離（其矩形上還保留了手指）而後省去人形產生了「巨」，可見：季旭昇《說文新證》2014年版P383。「矩」本讀非圓唇聲母，｛規矩｝一詞聯緜同化而讀*kw-。
矩	KA	渠 𦄽 磲 蕖 淭 <渠> 𪆫 螶 蟝 䝣 璖	渠 𦄽 磲 蕖 淭 渠 𪆫 螶 蟝 䝣 璖	強魚	羣魚開三平	gyo	ɡ(r)a	
矩	KA	巨 拒 秬 距 𧣒 炬 粔 鉅 苣 駏 𦊐 詎 歫 䶙	巨 拒 秬 距 𧣒 炬 粔 鉅 苣 駏 𦊐 詎 歫 䶙	其吕	羣魚開三上	gyoq	ɡ(r)aʔ	
矩	KA	詎	詎	其據	羣魚開三去	gyoh	ɡ(r)ah	
叚	KA	葭 麚 豭 猳 𣮫 瘕 犌 貑	葭 麚 豭 猳 𣮫 瘕 犌 貑	古牙	見麻開二平	kae	krˤa	
叚	KA	嘏 假 叚 瘕 椵 婽	嘏 假 叚 瘕 椵 婽	古疋	見麻開二上	kaeq	krˤaʔ	
叚	KA	瘕 椵 假	瘕 椵 假	古訝	見麻開二去	kaeh	krˤah	
叚	KA	𣘟	𣘟	乞加	溪麻開二平	khae		
叚	KA	𩩱	𩩱	枯駕	溪麻開二去	khaeh		
叚	KA	遐 蝦 鍜 霞 瑕 騢 鰕 䠍 䫗 碬 赮 蕸	遐 蝦 鍜 霞 瑕 騢 鰕 䠍 䫗 碬 赮 蕸	胡加	匣麻開二平	ghae	ɡrˤa	
叚	KA	暇	暇	胡駕	匣麻開二去	ghaeh	ɡrˤah	
叚	KA	煆	煆	許加	曉麻開二平	hae	hrˤa	
叚	KA	煆	煆	呼訝	曉麻開二去	haeh		
斝	KA	斝	斝	古疋	見麻開二上	kaeq	krˤaʔ	·斝，《說文》：「斝，玉爵也。夏曰琖，殷曰斝，周曰爵。从吅从斗，冂象形。與爵同意。或說斝受六斗。」
五	ŊA	吾 鼯 𪁙 𧋋 浯 䓊 㹳 珸 郚 齬 鯃 娪 梧 峿	吾 鼯 𪁙 𧋋 浯 䓊 㹳 珸 郚 齬 鯃 娪 梧 峿	五乎	疑模一平	ngo	ŋˤa	
五	ŊA	五 伍	五 伍	疑古	疑模一上	ngoq	ŋˤaʔ	
五	ŊA	寤 啎 晤 悟 逜 窹 捂 䎸	寤 啎 晤 悟 逜 窹 捂 䎸	五故	疑模一去	ngoh	ŋˤah	
五	ŊA	衙 吾	衙 吾	五加	疑麻開二平	ngae	ŋrˤa	
五	ŊA	齬 鋙 衙	齬 鋙 衙	語居	疑魚開三平	ngyo	ŋa	
五	ŊA	語 敔 圄 衙 齬 鋙	語 敔 圄 衙 齬 鋙	魚巨	疑魚開三上	ngyoq	ŋaʔ	
五	ŊA	語	語	牛倨	疑魚開三去	ngyoh	ŋah	
五	ŊA	𣬕	𣬕	悉姐	心麻開三上	siaeq	sŋaʔ	
魚	ŊA	蘇 穌 㢝 酥	蘇 穌 㢝 酥	素姑	心模一平	so	sŋˤa	
魚	ŊA	魚 𩺰 漁 𩼪 䰻 䱷 䁩	魚 𩺰 漁 𩼪 䰻 䱷 䁩	語居	疑魚開三平	ngyo	ŋa	
午	ŊA	滸	滸	呼古	曉模一上	hoq	ŋ̊ˤaʔ	
午	ŊA	汻 酐 𤰟	汻 酐 𤰟	呼朗	曉唐開一上	hangq		
午	ŊA	午 旿 仵	午 旿 仵	疑古	疑模一上	ngoq	ŋˤaʔ	
午	ŊA	忤 啎 迕	忤 啎 迕	五故	疑模一去	ngoh	ŋˤah	
午	ŊA	𦽀 𩑤	𦽀 𩑤	五老	疑豪開一上	ngawq		
午	ŊA	許	許	虚吕	曉魚開三上	hyoq	ŋ̊aʔ	
午	ŊA	篽 籞 䥏 禦 蘌	篽 籞 䥏 禦 蘌	魚巨	疑魚開三上	ngyoq	ŋaʔ	
午	ŊA	御	御	牛倨	疑魚開三去	ngyoh	ŋah	
午	ŊA	杵	杵	昌與	昌魚開三上	tjhyoq	[t-ŋ]aʔ	
午	ŊA	卸	卸	司夜	心麻開三去	siaeh		
所	ŊA	齭	齭	創舉	初魚開三上	tsrhyoq		
所	ŊA	所 𠩄 齭	所 𠩄 齭	踈舉	生魚開三上	sryoq	ŋ̊raʔ	·所，《說文》：「所，伐木聲也。从斤，戶聲。《詩》曰：『伐木所所。』」「戶」聲非也，甲骨文「所」从「斤」从｛肩｝初文（說見：何景成《釋“花東”卜辭的“所”》），後類化作「戶」旁。
所	ŊA	㫹	㫹	所去	生魚開三去	sryoh		
圉	ŊA	圉	圉	魚巨	疑魚開三上	ngyoq	ŋaʔ	·圉，又作「圄」。
馭	ŊA	馭	馭	牛倨	疑魚開三去	ngyoh	ŋ(r)ah	
亞	ɁA ɁAK	惡	惡	哀都	影模一平	qo	ʔˤa	
亞	ɁA ɁAK	䛩	䛩	安古	影模一上	qoq	ʔˤaʔ	
亞	ɁA ɁAK	鵶 錏 㝞 椏 䃁 𠜲	鵶 錏 㝞 椏 䃁 𠜲	於加	影麻開二平	qae	ʔrˤa	
亞	ɁA ɁAK	啞 瘂 𤺘	啞 瘂 𤺘	烏下	影麻開二上	qaeq	ʔrˤaʔ	
亞	ɁA ɁAK	惡 𢙣 堊 蝁	惡 𢙣 堊 蝁	烏各	影鐸開一入	qak	ʔˤak	
亞	ɁA ɁAK	惡 噁 䜑	惡 噁 䜑	烏路	影模一去	qoh	ʔˤakh	
亞	ɁA ɁAK	亞 俹 𣇩 㰳 稏 𦜖 啞 婭 䢝	亞 俹 𣇩 㰳 稏 𦜖 啞 婭 䢝	衣嫁	影麻開二去	qaeh	ʔrˤa(k)h	
亞	ɁA ɁAK	啞	啞	於革	影麥開二入	qeek	ʔrˤak	
亞	ɁA ɁAK	啞	啞	烏格	影陌開二入	qaek	ʔrˤak	
烏	ɁA	烏 嗚 鰞 歍 鎢 於 瑦 鄔 螐 𦶀 㮧 鴮	烏 嗚 鰞 歍 鎢 於 瑦 鄔 螐 𦶀 㮧 鴮	哀都	影模一平	qo	ʔˤa	
烏	ɁA	隖 塢 鄔 瑦 䃖 𢄓 溩 𧽋 䡧	隖 塢 鄔 瑦 䃖 𢄓 溩 𧽋 䡧	安古	影模一上	qoq	ʔˤaʔ	
烏	ɁA	閼	閼	烏葛	影末開一入	qat	ʔˤat	
烏	ɁA	閼	閼	烏前	影先開四平	qen		
烏	ɁA	於 扵 箊 淤 唹	於 扵 箊 淤 唹	央居	影魚開三平	qyo	ʔa	·於，「烏」的變體。可見：何琳儀《戰國古文字典》P440、季旭昇《說文新證》2014年版P310等。
烏	ɁA	𢮁 𩩘	𢮁 𩩘	於許	影魚開三上	qyoq	ʔaʔ	
烏	ɁA	𩜏 瘀 鄔 𢮁 淤 菸 棜	𩜏 瘀 鄔 𢮁 淤 菸 棜	依倨	影魚開三去	qyoh	ʔah	
烏	ɁA	閼	閼	於歇	影月開三入	qyot	ʔat	
烏	ɁA	閼	閼	於乾	影仙開三B平	qyen		
丫	—	丫	丫	於加	影麻開二平	qae		
剛	KAŊ	岡 崗 剛 㓻 掆 鋼 綱 犅 堈 𤭛	岡 崗 剛 㓻 掆 鋼 綱 犅 堈 𤭛	古郎	見唐開一平	kang	kˤaŋ	·岡，「剛」之省形字。·剛，或說以「网」爲聲首，似非。殷商甲金文有一字从「刀」从「网」，殷周早期金文｛剛｝、｛犅｝以之爲聲符而不徑以「网」爲聲符，是从「刀」从「网」之字似非以明母「网」爲聲。·㓻，「剛」之俗字，其下部「止」爲「山」之訛形。
剛	KAŊ	鋼 掆	鋼 掆	古浪	見唐開一去	kangh	kˤaŋh	
行	KAŊ	筕 桁 行 胻	筕 桁 行 胻	胡郎	匣唐開一平	ghang	ɡˤaŋ	
行	KAŊ	行	行	下浪	匣唐開一去	ghangh	ɡˤaŋh	
行	KAŊ	行 衡 䯒 胻 洐 筕 珩 桁 蘅	行 衡 䯒 胻 洐 筕 珩 桁 蘅	戸庚	匣庚開二平	ghaeng	ɡrˤaŋ	
行	KAŊ	荇	荇	何梗	匣庚開二上	ghaengq	ɡrˤaŋʔ	
行	KAŊ	行 絎 胻	行 絎 胻	下更	匣庚開二去	ghaengh	ɡrˤaŋh	
亢	KAŊ	笐 亢 牨 苀 魧 迒	笐 亢 牨 苀 魧 迒	古郎	見唐開一平	kang	kˤaŋ	
亢	KAŊ	䴚 𨟼 㽘 䟘	䴚 𨟼 㽘 䟘	各朗	見唐開一上	kangq		
亢	KAŊ	秔	秔	古行	見庚開二平	kaeng	krˤaŋ	
亢	KAŊ	邟	邟	苦岡	溪唐開一平	khang		
亢	KAŊ	忼 骯 䡉	忼 骯 䡉	苦朗	溪唐開一上	khangq	kʰˤaŋʔ	
亢	KAŊ	䡉	䡉	丘晃	溪唐合一上	khwangq		
亢	KAŊ	抗 閌 炕 犺 伉 亢 蚢 砊 邟 𪎵 阬 頏	抗 閌 炕 犺 伉 亢 蚢 砊 邟 𪎵 阬 頏	苦浪	溪唐開一去	khangh	kʰˤaŋh	
亢	KAŊ	阬 坑 砊 劥	阬 坑 砊 劥	客庚	溪庚開二平	khaeng	kʰrˤaŋ	
亢	KAŊ	航 迒 頏 𦐄 魧 邟 杭 沆 蚢 肮 苀 抗 吭	航 迒 頏 𦐄 魧 邟 杭 沆 蚢 肮 苀 抗 吭	胡郎	匣唐開一平	ghang	ɡˤaŋ	
亢	KAŊ	沆 骯 䟘 𡕬 蚢 吭	沆 骯 䟘 𡕬 蚢 吭	胡朗	匣唐開一上	ghangq	ɡˤaŋʔ	
亢	KAŊ	吭 笐	吭 笐	下浪	匣唐開一去	ghangh	ɡˤaŋh	
亢	KAŊ	炕 㰠 忼	炕 㰠 忼	呼郎	曉唐開一平	hang	hˤaŋ	
畺	KAŊ	薑 𧅁 畺 疆 壃 畕 㹔 繮 韁 殭 礓 橿 䗵 僵	薑 𧅁 畺 疆 壃 畕 㹔 繮 韁 殭 礓 橿 䗵 僵	居良	見陽開三平	kyang	kaŋ	
畺	KAŊ	殭	殭	居亮	見陽開三去	kyangh	kaŋh	
畺	KAŊ	麠	麠	舉卿	見庚開三B平	kyaeng	kraŋ	
畺	KAŊ	彊 䲔	彊 䲔	巨良	羣陽開三平	gyang	ɡaŋ	
畺	KAŊ	彊	彊	其兩	羣陽開三上	gyangq	ɡaŋʔ	
畺	KAŊ	䲔	䲔	渠京	羣庚開三B平	gyaeng		
𪪺	KAŊ	繈 鏹 襁 膙	繈 鏹 襁 膙	居兩	見陽開三上	kyangq	kaŋʔ	
𪪺	KAŊ	強 勥	強 勥	巨良	羣陽開三平	gyang	ɡaŋ	·強，《說文》：「強，蚚也。从虫、弘聲。𧖑，籒文强，从䖵从彊。」徐鍇曰：「『弘』與『強』聲不相近，秦刻石文从口，疑从籀文省。」徐鍇謂「𪪺」爲「彊」之省無據，然謂「『弘』與『強』聲不相近」是也；裘錫圭先生以爲甲骨文「𪪺」从「口」从「弓」，張「弓」需要很強的力，乃以「口」抽象出“強”的意義，「𪪺」是｛強｝*ɡaŋ之表意字、與「弘」同形而異源。說見：裘錫圭《釋“弘”“強”》。
𪪺	KAŊ	弜	弜	渠羈(支)	羣陽開三上	gyangq	ɡaŋʔ	·弜，《王韻》無支韻音，《裴韻》有之，疑所據字韻書切語下字本作「丈」（如《廣韻》又音其丈切），誤識爲「支」而收入《支韻》。
𪪺	KAŊ	𦭲	𦭲	巨支	羣陽開三上	gyangq		·𦭲，《玉篇》音祇；《廣韻》巨支切。疑其下字本作「丈」、本與其兩切「弜」同音，或訛作「支」，遂誤讀支韻、音祇。
𪪺	KAŊ	勥 弜	勥 弜	其兩	羣陽開三上	gyangq	ɡaŋʔ	
竟	KAŊ	璄 摬	璄 摬	於丙	影庚開三B上	qyaengq	ʔraŋʔ	
竟	KAŊ	境	境	居影	見庚開三B上	kyaengq	kraŋʔ	
竟	KAŊ	竟 鏡 獍	竟 鏡 獍	居慶	見庚開三B去	kyaengh	kraŋh	
竟	KAŊ	誩 滰	誩 滰	其兩	羣陽開三上	gyangq		
竟	KAŊ	樈	樈	渠京	羣庚開三B平	gyaeng		
竟	KAŊ	競 𥪰 誩	競 𥪰 誩	渠敬	羣庚開三B去	gyaengh	ɡraŋh	
慶	KAŊ	羻	羻	丘亮	溪陽開三去	khyangh		
慶	KAŊ	慶	慶	丘敬	溪庚開三B去	khyaengh	kʰraŋh	
香	KAŊ	香	香	許良	曉陽開三平	hyang	haŋ	
香	KAŊ	萫	萫	許亮	曉陽開三去	hyangh		
杏	KAŊ	杏 莕	杏 莕	何梗	匣庚開二上	ghaengq	ɡrˤaŋʔ	
卬	ŊAŊ	卬 䭹 枊 昂 䒢 㭿 䩕	卬 䭹 枊 昂 䒢 㭿 䩕	五岡	疑唐開一平	ngang	ŋˤaŋ	
卬	ŊAŊ	䭹	䭹	五朗	疑唐開一上	ngangq	ŋˤaŋʔ	
卬	ŊAŊ	枊 䭹 𡵙	枊 䭹 𡵙	五浪	疑唐開一去	ngangh	ŋˤaŋh	
卬	ŊAŊ	仰 䒢 卬	仰 䒢 卬	魚兩	疑陽開三上	ngyangq	ŋaŋʔ	
卬	ŊAŊ	𨋕 仰	𨋕 仰	魚向	疑陽開三去	ngyangh	ŋaŋh	
卬	ŊAŊ	迎	迎	語京	疑庚開三B平	ngyaeng	ŋraŋ	
卬	ŊAŊ	迎	迎	魚敬	疑庚開三B去	ngyaengh	ŋraŋh	
央	ɁAŊ	鴦 佒 咉 𧲱 㹧 眏 姎	鴦 佒 咉 𧲱 㹧 眏 姎	烏郎	影唐開一平	qang	ʔˤaŋ	
央	ɁAŊ	坱 姎 映 泱 咉 醠 䇦 盎 駚 軮	坱 姎 映 泱 咉 醠 䇦 盎 駚 軮	烏朗	影唐開一上	qangq	ʔˤaŋʔ	
央	ɁAŊ	盎 醠	盎 醠	烏浪	影唐開一去	qangh	ʔˤaŋh	
央	ɁAŊ	胦	胦	握江	影江二平	qoeung		
央	ɁAŊ	央 鴦 殃 䄃 鉠 秧 霙 胦 泱	央 鴦 殃 䄃 鉠 秧 霙 胦 泱	於良	影陽開三平	qyang	ʔaŋ	
央	ɁAŊ	鞅 柍 秧 䬬 詇 岟 駚 炴 𧵌 怏 紻	鞅 柍 秧 䬬 詇 岟 駚 炴 𧵌 怏 紻	於兩	影陽開三上	qyangq	ʔaŋʔ	
央	ɁAŊ	怏 䬬 詇 㿮	怏 䬬 詇 㿮	於亮	影陽開三去	qyangh	ʔaŋh	
央	ɁAŊ	霙 鉠 韺 渶 鶧 英 瑛 㿮 媖 楧	霙 鉠 韺 渶 鶧 英 瑛 㿮 媖 楧	於驚	影庚開三B平	qyaeng	ʔraŋ	
央	ɁAŊ	㲟 𠝟 𩘑	㲟 𠝟 𩘑	於丙	影庚開三B上	qyaengq		
央	ɁAŊ	映 暎 詇	映 暎 詇	於敬	影庚開三B去	qyaengh	ʔraŋh	
𧮫	KAK	𧍕	𧍕	丘擭	溪陌合二入	khwaek		
𧮫	KAK	㮝	㮝	下革	匣麥開二入	gheek	ɡrˤak	
𧮫	KAK	腳 脚 卻	腳 脚 卻	居勺	見藥開三入	kyak	kak	
𧮫	KAK	𤜾 谻 丮 𢜭	𤜾 谻 丮 𢜭	几劇	見陌開三B入	kyaek	krak	·丮，謝明文說此音蓋源於「谻」之省形，見：謝明文《說夙及其相關之字》。
𧮫	KAK	卻 却 𤷽	卻 却 𤷽	去約	溪藥開三入	khyak	kʰak	
𧮫	KAK	郤 綌 𠊬 𧯈 𠶸	郤 綌 𠊬 𧯈 𠶸	綺戟	溪陌開三B入	khyaek	kʰrak	
𧮫	KAK	𠊬 𧍕 𧮫 𠶸	𠊬 𧍕 𧮫 𠶸	其虐	羣藥開三入	gyak	ɡak	·𧮫，說見「希」下。
𧮫	KAK	谻 𢜭	谻 𢜭	奇逆	羣陌開三B入	gyaek	ɡrak	
戟	KAK	戟 撠 𦻝 𩯋	戟 撠 𦻝 𩯋	几劇	見陌開三B入	kyaek	krak	
貈	KAK	貈	貈	下各	匣鐸開一入	ghak	ɡˤak	·貈，《說文》：「貈，似狐，善睡獸。从豸，舟聲。《論語》曰：『狐貈之厚以居。』」徐鍇曰：「舟非聲，未詳。」段玉裁注：「下各切。按此切乃『貉』之古音，非此字本音也。其字『舟』聲，則古音在三部。《邠詩》貈貍裘爲韵，一部三部合音也。」徐鍇以「舟」非聲，似察中古「舟」「貈」音韻知遠隔。段玉裁據「舟」聲謂「貈」歸上古幽部、中古下各切乃讀｛貉｝之音，理甚明晰。然其所舉《豳風·七月》「一之日于貉」非韻，未能定「貈」古必幽部也。今需考古以論其音讀。古文字材料有「𫭓」字，初時釋讀紛紜，上個世紀楊樹達1942年所作的《毛公鼎跋》釋其聲符爲「『貈』之或字」而讀辭例爲鐸部詞｛恪｝，學者本多從之。然自二十世紀八十年代以來，學者多以「舟」聲立說、讀幽宵部音而不從楊說。到2012年李學勤謂春秋金文「宋公𫭓」〔《銘續》00209〕即宋共公，對讀《左傳》之名「固」、《史記·宋世家》名「瑕」（說見：李學勤《棗莊徐樓村宋公鼎與費國》）始，是敲定其讀在見系魚部KA；其後學者多進而推及西周金文「𤕌𫭓」讀爲｛申固｝（可見：劉光《補論金文“申固”與“固”字的釋讀》等），是可知西周時「𫭓」之聲符「貈」已讀見系魚鐸部KA(K)音矣。然「舟」聲既與音不諧，其形聲仍難解說，研究者舊多沿襲段玉裁的思路，謂其本讀｛貂｝、後訓讀｛貉｝而讀魚鐸部（參考：孟蓬生《金文考釋二則》、鄭妞《“同義換讀”現象在上古音研究中的作用》等，或以傳世「舟」聲說之，或以金文「刀」聲說之；後有說「亡」聲者，尤謬）。按其說皆不可信。以研究思路來講，他們所謂“端組宵幽部的本讀”皆由字形分析而來，實無徵；最直接的思路應該認爲「貈」本來就讀見系魚鐸部，在此基礎上予以字形分析，而非反之。古文字「貈」象以「刀」向獸之形（見《銘圖》02475師酉鼎字形），余疑此乃爲“辜磔”之｛辜｝*kˤa造的整體表意字，無需煩解。
㕡¹	KAK	壑 㕡	壑 㕡	呵各	曉鐸開一入	hak	hˤak	·㕡，古文字「㕡」（除去「口」）象手持鏟臿類工具疏通坑谷、溝壑之形，它有兩類讀音：①見系鐸部KAK，爲“溝壑”之｛壑｝*hˤak的表意字；②云組月部WET，爲“決川”之｛決｝*kwˤet的表意字。參考：裘錫圭《豳公盨銘文考釋》、鄔可晶《說金文“䝳”及相關之字》。
咢	ŊAK	咢 愕 鄂 諤 𠟎 𧊜 𧍞 遌 萼 鍔 𡅡 崿 鶚 鰐 噩 㗁 齶 顎 𡾙 鑩 偔 堮 𡓐 㮙 湂	咢 愕 鄂 諤 𠟎 𧊜 𧍞 遌 萼 鍔 𡅡 崿 鶚 鰐 噩 㗁 齶 顎 𡾙 鑩 偔 堮 𡓐 㮙 湂	五各	疑鐸開一入	ngak	ŋˤak	·咢，《說文》：「㖾，譁訟也。从吅、屰聲。」其說不確。「咢」「噩」本一字之分化，皆來自一個很早的甲金文字形（可見西周早期鄂侯弟𫨗季卣《集成》05325、西周晚期鄂侯鼎《集成》02810），秦漢時期下部變形音化爲「屰」，遂作「㖾」。
咢	ŊAK	遻	遻	五故	疑模一去	ngoh	ŋˤakh	
屰	ŊAK	訴 愬 𧪜 泝 遡 𤤐 塑	訴 愬 𧪜 泝 遡 𤤐 塑	桑故	心模一去	soh	sŋˤakh	·訴、泝，見「斥」下。
屰	ŊAK	朔 槊 蒴 㮶	朔 槊 蒴 㮶	所角	生覺二入	sroeuk	ŋ̊rˤak	
屰	ŊAK	愬	愬	山責	生麥開二入	sreek		
屰	ŊAK	逆 屰 縌 𥿬 𠱘	逆 屰 縌 𥿬 𠱘	宜戟	疑陌開三B入	ngyaek	ŋrak	
加	KAI	妿 㤎	妿 㤎	古俄	見歌開一平	ka	kˤai	
加	KAI	嘉 加 笳 䴥 痂 鴐 枷 袈 跏 𨔣 𧉪 茄 迦 珈	嘉 加 笳 䴥 痂 鴐 枷 袈 跏 𨔣 𧉪 茄 迦 珈	古牙	見麻開二平	kae	krˤai	
加	KAI	駕 架 𢉤 𦙺	駕 架 𢉤 𦙺	古訝	見麻開二去	kaeh	krˤaih	
加	KAI	賀 𧝂 㵑	賀 𧝂 㵑	胡箇	匣歌開一去	ghah	ɡˤaih	
加	KAI	迦	迦	居伽	見歌開三平	kya		
加	KAI	伽 茄 枷	伽 茄 枷	求迦	羣歌開三平	gya	ɡai	
加	KAI	瘸	瘸	巨靴	羣歌合三平	gua		
可	ɁAI KAI	阿 娿 痾 妸 妿 䋪 鈳	阿 娿 痾 妸 妿 䋪 鈳	烏何	影歌開一平	qa	ʔˤai	
可	ɁAI KAI	𨵌 𣘨 妸 娿 㫊 𧙃	𨵌 𣘨 妸 娿 㫊 𧙃	烏可	影歌開一上	qaq	ʔˤaiʔ	
可	ɁAI KAI	㢊	㢊	烏蟹	影佳開二上	qeeq		
可	ɁAI KAI	歌 謌 柯 渮 牁 滒 哥 鴚	歌 謌 柯 渮 牁 滒 哥 鴚	古俄	見歌開一平	ka	kˤai	
可	ɁAI KAI	哿 舸 笴 𥰮	哿 舸 笴 𥰮	古我	見歌開一上	kaq	kˤaiʔ	
可	ɁAI KAI	𤠙	𤠙	古牙	見麻開二平	kae		
可	ɁAI KAI	笴	笴	古旱	見寒開一上	kanq		
可	ɁAI KAI	珂 𠳌 䯊 軻	珂 𠳌 䯊 軻	苦何	溪歌開一平	kha	kʰˤai	
可	ɁAI KAI	可 岢 軻 坷	可 岢 軻 坷	枯我	溪歌開一上	khaq	kʰˤaiʔ	
可	ɁAI KAI	坷 軻 蚵	坷 軻 蚵	口箇	溪歌開一去	khah	kʰˤaih	
可	ɁAI KAI	䶗 𡤫	䶗 𡤫	苦加	溪麻開二平	khae		
可	ɁAI KAI	跒	跒	苦下	溪麻開二上	khaeq		
可	ɁAI KAI	疴 㰤 𠳌	疴 㰤 𠳌	枯駕	溪麻開二去	khaeh	kʰrˤaih	
可	ɁAI KAI	何 河 荷 菏 苛 蚵 魺	何 河 荷 菏 苛 蚵 魺	胡歌	匣歌開一平	gha	ɡˤai	
可	ɁAI KAI	荷 何	荷 何	胡可	匣歌開一上	ghaq	ɡˤaiʔ	
可	ɁAI KAI	袔	袔	胡箇	匣歌開一去	ghah	ɡˤaih	
可	ɁAI KAI	訶 呵 𩑸 㱒 抲	訶 呵 𩑸 㱒 抲	虎何	曉歌開一平	ha	hˤai	
可	ɁAI KAI	㰤 㗿 㪃 𩑸	㰤 㗿 㪃 𩑸	虚我	曉歌開一上	haq	hˤaiʔ	
可	ɁAI KAI	呵 㰤	呵 㰤	呼箇	曉歌開一去	hah	hˤaih	
可	ɁAI KAI	㗿 閜	㗿 閜	許下	曉麻開二上	haeq		
可	ɁAI KAI	㗿	㗿	呼訝	曉麻開二去	haeh		
可	ɁAI KAI	𨸭	𨸭	滂禾	滂歌一平	pha		
可	ɁAI KAI	叵	叵	普火	滂歌一上	phaq	pʰˤaiʔ	·叵，｛不可｝合音詞。
可	ɁAI KAI	漪 猗 椅 旖 陭 欹 㾨 犄 𩕲 檹	漪 猗 椅 旖 陭 欹 㾨 犄 𩕲 檹	於離	影支開三B平	qye	ʔ(r)ai	
可	ɁAI KAI	倚 猗 椅 旖 輢	倚 猗 椅 旖 輢	於綺	影支開三B上	qyeq	ʔ(r)aiʔ	
可	ɁAI KAI	倚 輢 陭	倚 輢 陭	於義	影支開三B去	qyeh	ʔ(r)aih	
可	ɁAI KAI	畸 羇 掎 攲 奇 㱦 躸	畸 羇 掎 攲 奇 㱦 躸	居宜	見支開三B平	kye	k(r)ai	
可	ɁAI KAI	掎 剞 㞆 踦 㱦 攲	掎 剞 㞆 踦 㱦 攲	居綺	見支開三B上	kyeq	k(r)aiʔ	
可	ɁAI KAI	寄 䐀 徛	寄 䐀 徛	居義	見支開三B去	kyeh	k(r)aih	
可	ɁAI KAI	觭 踦 㱦 崎 𦖊 [躸] 碕 𤘌 㥓 䗁 攲	觭 踦 㱦 崎 𦖊 躸 碕 𤘌 㥓 䗁 攲	去奇	溪支開三B平	khye	kʰ(r)ai	·躸，《廣韻》：「𦖊，[側耳也。躸，]一隻。」據葛信益《〈廣韻〉訛奪舉正（增定稿）》補。
可	ɁAI KAI	綺 婍 碕 㥓 觭 㾨	綺 婍 碕 㥓 觭 㾨	墟彼	溪支開三B上	khyeq	kʰ(r)aiʔ	
可	ɁAI KAI	㞆 掎	㞆 掎	卿義	溪支開三B去	khyeh	kʰ(r)aih	
可	ɁAI KAI	奇 琦 騎 鵸 碕 錡	奇 琦 騎 鵸 碕 錡	渠羈	羣支開三B平	gye	ɡ(r)ai	
可	ɁAI KAI	徛 錡 䗁	徛 錡 䗁	渠綺	羣支開三B上	gyeq	ɡ(r)aiʔ	
可	ɁAI KAI	騎 輢	騎 輢	奇寄	羣支開三B去	gyeh	ɡ(r)aih	
可	ɁAI KAI	崎 碕	崎 碕	渠希	羣微開三平	gyj		
可	ɁAI KAI	錡 齮	錡 齮	魚倚	疑支開三B上	ngyeq	ŋ(r)aiʔ	
我	ŊAI	莪 哦 娥 䄉 峨 鵝 俄 𩒰 蛾 睋 涐 誐 硪	莪 哦 娥 䄉 峨 鵝 俄 𩒰 蛾 睋 涐 誐 硪	五何	疑歌開一平	nga	ŋˤai	
我	ŊAI	我 騀 𩒰 㧴 硪	我 騀 𩒰 㧴 硪	五可	疑歌開一上	ngaq	ŋˤaiʔ	
我	ŊAI	餓	餓	五个	疑歌開一去	ngah	ŋˤaih	
我	ŊAI	𠏃	𠏃	於靴	影歌合三平	qua		
我	ŊAI	犧 羲 羛 曦	犧 羲 羛 曦	許羈	曉支開三B平	hye	ŋ̊(r)ai	
我	ŊAI	儀 𥫃 䣡 䴊 轙	儀 𥫃 䣡 䴊 轙	魚羈	疑支開三B平	ngye	ŋ(r)ai	
我	ŊAI	㕒	㕒	魚爲	疑支合三B平	ngue		
我	ŊAI	蟻 蛾 礒 艤 檥 㠖 轙 羛	蟻 蛾 礒 艤 檥 㠖 轙 羛	魚倚	疑支開三B上	ngyeq	ŋ(r)aiʔ	
我	ŊAI	議 𥫃 義	議 𥫃 義	宜寄	疑支開三B去	ngyeh	ŋ(r)aih	
宜	ŊAI	𪘲	𪘲	五佳	疑佳開二平	ngee		
宜	ŊAI	宜 宐 𠣨 㝖	宜 宐 𠣨 㝖	魚羈	疑支開三B平	ngye	ŋ(r)ai	·宜，《說文》：「宜，所安也。从宀之下，一之上，多省聲。𡪀，古文宜。𡨆，亦古文宜。」《說文》謂「多」聲非也，古文字「宜」像俎版有肉之形。
宜	ŊAI	誼 竩 𩈭	誼 竩 𩈭	宜寄	疑支開三B去	ngyeh	ŋ(r)aih	
䖒	ŊAI	巇 戲 𤃪 𢹍 𧕆 䖒 㺣 𣤴 𢨛 㚀 隵	巇 戲 𤃪 𢹍 𧕆 䖒 㺣 𣤴 𢨛 㚀 隵	許羈	曉支開三B平	hye	ŋ̊ai	·䖒，《說文》：「䖒，古陶器也。从豆，虍聲。」「虍」聲非也。此聲系中「戲」字早出（見西周早期作戲彝甗《集成》00850），其下非「豆」形，爲｛䖒｝之表意字。陶器䖒於西周常見，考古學界稱爲大口尊（如琱生尊）。
䖒	ŊAI	戲 嚱	戲 嚱	香義	曉支開三B去	hyeh	ŋ̊aih	
干	KAN ŊAN	干 竿 肝 奸 鳱 玕 邗 汗 迀 㿻 𢧀 忓 𡯋	干 竿 肝 奸 鳱 玕 邗 汗 迀 㿻 𢧀 忓 𡯋	古寒	見寒開一平	kan	kˤan	
干	KAN ŊAN	簳 皯 䵟 𤿊 稈 秆 仠 𦼮 矸 衦 𥾍	簳 皯 䵟 𤿊 稈 秆 仠 𦼮 矸 衦 𥾍	古旱	見寒開一上	kanq	kˤanʔ	
干	KAN ŊAN	旰 杆 盰 骭 涆 𢁗 矸	旰 杆 盰 骭 涆 𢁗 矸	古案	見寒開一去	kanh	kˤanh	
干	KAN ŊAN	靬	靬	古閑	見山開二平	keen		
干	KAN ŊAN	栞 𣓁 靬 刊	栞 𣓁 靬 刊	苦寒	溪寒開一平	khan		·栞，《說文》：「𣓁，槎識也。从木、⿰天天。讀若刊。」
干	KAN ŊAN	衎	衎	空旱	溪寒開一上	khanq		
干	KAN ŊAN	靬 衎 䳚	靬 衎 䳚	苦旰	溪寒開一去	khanh	kʰˤanh	·衎，樂也，該詞初作「衍」、「侃」，先秦音*kʰɫˤans。《周易·漸》「飲食衎衎」之「衎」，上博簡《周易》簡50作从「䖵」、「侃」聲；馬王堆帛書《周易》86上作「衍」。《周易》中表示“樂”的｛衎｝這個詞作「衍」，對應今本作「衎」，有明顯的一詞所使用的字形的源流關係，可以推測傳世的「衎」字是將「衍」中的「水」代替爲聲符「干」產生的，造字本義未必如《說文》（《說文·行部》「衎，行喜皃。」）所言與「行」之類有關。
干	KAN ŊAN	馯	馯	丘姦	溪刪開二平	khaen		
干	KAN ŊAN	豻	豻	可顔	溪刪開二平	khaen	kʰrˤan	
干	KAN ŊAN	䳚	䳚	苦曷	溪末開一入	khat		
干	KAN ŊAN	䳚	䳚	苦蓋	溪泰開一去	khajh		
干	KAN ŊAN	邗 虷 汗	邗 虷 汗	胡安	匣寒開一平	ghan	ɡˤan	
干	KAN ŊAN	旱 𡷛 皔 䓍 䛞	旱 𡷛 皔 䓍 䛞	胡笴	匣寒開一上	ghanq	ɡˤanʔ	
干	KAN ŊAN	捍 扞 鼾 垾 豻 釬 汗 悍 閈 𤿧 駻 馯 䏷 忓 㢨 矸 㪋	捍 扞 鼾 垾 豻 釬 汗 悍 閈 𤿧 駻 馯 䏷 忓 㢨 矸 㪋	侯旰	匣寒開一去	ghanh	ɡˤanh	
干	KAN ŊAN	澣	澣	胡管	匣寒合一上	ghwanq		
干	KAN ŊAN	捍	捍	下赧	匣刪開二上	ghaenq	ɡrˤanʔ	
干	KAN ŊAN	睅	睅	戸板	匣刪合二上	ghwaenq		
干	KAN ŊAN	骭 娨	骭 娨	下晏	匣刪開二去	ghaenh		
干	KAN ŊAN	㪋	㪋	虚我	曉歌開一上	haq		
干	KAN ŊAN	頇 鼾	頇 鼾	許干	曉寒開一平	han		
干	KAN ŊAN	䍐 蔊 焊	䍐 蔊 焊	呼旱	曉寒開一上	hanq	hˤanʔ	
干	KAN ŊAN	䍐	䍐	呼旰	曉寒開一去	hanh		
干	KAN ŊAN	豻 犴	豻 犴	俄寒	疑寒開一平	ngan		
干	KAN ŊAN	岸 犴 豻 頇 䮗 𨲊	岸 犴 豻 頇 䮗 𨲊	五旰	疑寒開一去	nganh	ŋˤanh	
干	KAN ŊAN	頇	頇	五割	疑末開一入	ngat		
干	KAN ŊAN	𪗙	𪗙	五板	疑刪開二上	ngaenq	ŋrˤanʔ	
干	KAN ŊAN	靬	靬	居言	見元開三平	kyon	kan	
干	KAN ŊAN	㔓	㔓	居偃	見元開三上	kyonq		·㔓，口吃，「干」聲，與｛謇｝同源。
干	KAN ŊAN	訐	訐	居謁	見月開三入	kyot	kat	
干	KAN ŊAN	訐	訐	居列	見薛開三B入	kyet	krat	
干	KAN ŊAN	訐	訐	居例	見祭開三B去	kyejh	krath	
干	KAN ŊAN	赶	赶	巨言	羣元開三平	gyon	ɡan	
干	KAN ŊAN	赶	赶	其月	羣月合三入	guot		
干	KAN ŊAN	軒 蓒	軒 蓒	虚言	曉元開三平	hyon	han	
倝	KAN	斡	斡	烏括	影末合一入	qwat		
倝	KAN	乾 漧 𨝌	乾 漧 𨝌	古寒	見寒開一平	kan	kˤan	
倝	KAN	榦 倝 幹 𧹳	榦 倝 幹 𧹳	古案	見寒開一去	kanh	kˤanh	
倝	KAN	看 𥉏	看 𥉏	苦寒	溪寒開一平	khan		
倝	KAN	看	看	苦旰	溪寒開一去	khanh	kʰˤanh	·看，古文「⿸㫃目」之流變。說見：何琳儀《戰國古文字典》P966。
倝	KAN	𩏑 韓 翰 鶾 𧃙 䮧	𩏑 韓 翰 鶾 𧃙 䮧	胡安	匣寒開一平	ghan	ɡˤan	
倝	KAN	翰 螒 瀚 雗 䮧 𧃙 㲦 𩹼	翰 螒 瀚 雗 䮧 𧃙 㲦 𩹼	侯旰	匣寒開一去	ghanh	ɡˤanh	
倝	KAN	㫃	㫃	於幰	影元開三上	qyonq		·㫃，陳劍先生謂古文字的「㫃」形有三類讀音：①見組微部KƏI，②以組幽部LU，③見組元部KAN；是其形分別意指旂竿、旂之正幅與旂游而讀｛旂｝、｛游｝、｛竿｝而得；見組元部KAN聲首與「倝」字來源密切有關，說見：陳劍《甲骨金文用爲“遊”之字補說》。今且將「倝」與傳世之「㫃」置於一處。
倝	KAN	㫃	㫃	於蹇	影仙開三B上	qyenq		
倝	KAN	乾	乾	渠焉	羣仙開三B平	gyen	ɡran	
建	KAN	鞬 犍 腱 騝 䭈 𩱤	鞬 犍 腱 騝 䭈 𩱤	居言	見元開三平	kyon	kan	
建	KAN	湕 𥍹 揵	湕 𥍹 揵	居偃	見元開三上	kyonq	kanʔ	
建	KAN	建 旔	建 旔	居万	見元開三去	kyonh	kanh	
建	KAN	𥴤	𥴤	巨言	羣元開三平	gyon		
建	KAN	楗 鍵	楗 鍵	其偃	羣元開三上	gyonq	ɡanʔ	
建	KAN	健 腱	健 腱	渠建	羣元開三去	gyonh	ɡanh	
建	KAN	犍 騝 鍵 揵	犍 騝 鍵 揵	渠焉	羣仙開三B平	gyen	ɡran	
建	KAN	鍵	鍵	其輦	羣仙開三B上	gyenq	ɡranʔ	
寒	KAN	寒 𦺦	寒 𦺦	胡安	匣寒開一平	ghan	ɡˤan	
寒	KAN	𩎀	𩎀	居言	見元開三平	kyon		
寒	KAN	蹇	蹇	居偃	見元開三上	kyonq	kanʔ	
寒	KAN	蹇 謇 搴 𢷘 𠐻 𡾰 藆 𩽜 䙭	蹇 謇 搴 𢷘 𠐻 𡾰 藆 𩽜 䙭	九輦	見仙開三B上	kyenq	kranʔ	
寒	KAN	䞿	䞿	丘言	溪元開三平	khyon	kʰan	
寒	KAN	褰 騫 䙭 攐	褰 騫 䙭 攐	去乾	溪仙開三B平	khyen	kʰran	
寒	KAN	寋 𠐻	寋 𠐻	其偃	羣元開三上	gyonq	ɡanʔ	
寒	KAN	𡾰 鑳	𡾰 鑳	其輦	羣仙開三B上	gyenq		
寒	KAN	鶱 䞿	鶱 䞿	虚言	曉元開三平	hyon	han	
虔	KAN	㓺	㓺	居言	見元開三平	kyon		
虔	KAN	𦂇	𦂇	九輦	見仙開三B上	kyenq	kranʔ	
虔	KAN	𧽐 㗔	𧽐 㗔	去乾	溪仙開三B平	khyen	kʰran	
虔	KAN	虔 鰬 𨜻 榩	虔 鰬 𨜻 榩	渠焉	羣仙開三B平	gyen	ɡran	·虔，《說文》：「虔，虎行皃。从虍，文聲。讀若矜。」徐鍇曰：「文非聲，未詳。」明組「文」與「虔」聲母遠隔，非聲。構形待考。
姦	KAN	姦 葌	姦 葌	古顔	見刪開二平	kaen	krˤan	
件	—	件	件	其輦	羣仙開三B上	gyenq	ɡranʔ	
言	ŊAN	𡽜	𡽜	俄寒	疑寒開一平	ngan		
言	ŊAN	𧥛	𧥛	去偃	溪元開三上	khyonq		
言	ŊAN	言 琂 䇾 䓂	言 琂 䇾 䓂	語軒	疑元開三平	ngyon	ŋan	
言	ŊAN	𧥜	𧥜	語偃	疑元開三上	ngyonq		
言	ŊAN	唁 這	唁 這	魚變	疑仙開三B去	ngyenh	ŋranh	
言	ŊAN	狺 圁 誾 訔 䴦	狺 圁 誾 訔 䴦	語巾	疑真開三B平	ngyin	ŋrən	
言	ŊAN	䴦 狺	䴦 狺	語斤	疑殷開三平	ngyn	ŋən	
厂	ŊAN	厂	厂	呼旱	曉寒開一上	hanq		
厂	ŊAN	厂	厂	呼旰	曉寒開一去	hanh		
厂	ŊAN	㷳 𡹼 喭	㷳 𡹼 喭	五旰	疑寒開一去	nganh		
厂	ŊAN	屵	屵	五割	疑末開一入	ngat		
厂	ŊAN	顔 楌	顔 楌	五姦	疑刪開二平	ngaen	ŋrˤan	
厂	ŊAN	鴈 鳫 雁 贗 偐	鴈 鳫 雁 贗 偐	五晏	疑刪開二去	ngaenh	ŋrˤanh	
厂	ŊAN	鏟 㦃 䐮	鏟 㦃 䐮	初限	初山開二上	tsrheenq	tsʰrˤanʔ	·鏟，｛鏟｝*tsʰrˤanʔ與｛錢｝*tsanʔ同源。上古Ŋ組或擦化入中古心生母，蓋「產」聲擦化sŋ(r)->sr-後乃造「鏟」字。「產」聲之字多後起。
厂	ŊAN	㦃 䊲	㦃 䊲	初綰	初山合二上	tsrhweenq		
厂	ŊAN	鏟	鏟	初鴈	初刪開二去	tsrhaenh		
厂	ŊAN	㨏	㨏	他干	透寒開一平	than		
厂	ŊAN	炭 湠 𣁗 㛶	炭 湠 𣁗 㛶	他旦	透寒開一去	thanh	l̥ˤanh	·炭，楚文字作从「火」、「产」聲，秦文字作「屵」聲，諧聲未詳。
厂	ŊAN	屵	屵	語偃	疑元開三上	ngyonq		
厂	ŊAN	齴 遃 嵃	齴 遃 嵃	魚蹇	疑仙開三B上	ngyenq	ŋranʔ	
厂	ŊAN	彥 喭 諺	彥 喭 諺	魚變	疑仙開三B去	ngyenh	ŋranh	
厂	ŊAN	產 簅 摌 㹌 嵼 滻 㦃 䊲 𩥮	產 簅 摌 㹌 嵼 滻 㦃 䊲 𩥮	所簡	生山開二上	sreenq	ŋ̊ranʔ	
安	ɁAN	安 䀂 鞌 䢿 侒	安 䀂 鞌 䢿 侒	烏寒	影寒開一平	qan	ʔˤan	
安	ɁAN	按 案 洝 晏 荌 䢿 䅁	按 案 洝 晏 荌 䢿 䅁	烏旰	影寒開一去	qanh	ʔˤanh	
安	ɁAN	晏 騴 䁙 鴳 鷃	晏 騴 䁙 鴳 鷃	烏澗	影刪開二去	qaenh	ʔrˤanh	
安	ɁAN	頞 胺 咹	頞 胺 咹	烏葛	影末開一入	qat	ʔˤat	
匽	ɁAN	偃 䞁 鶠 郾 褗 堰 匽 鼴 蝘 鰋	偃 䞁 鶠 郾 褗 堰 匽 鼴 蝘 鰋	於幰	影元開三上	qyonq	ʔanʔ	
匽	ɁAN	堰 郾 䞁 褗 㰽	堰 郾 䞁 褗 㰽	於建	影元開三去	qyonh	ʔanh	
焉	ɁAN	㯊	㯊	戸恩	匣痕開一平	gheon		
焉	ɁAN	焉 蔫 嫣 鄢	焉 蔫 嫣 鄢	於乾	影仙開三B平	qyen	ʔran	
焉	ɁAN	嫣	嫣	於蹇	影仙開三B上	qyenq		
焉	ɁAN	蔫 焉	蔫 焉	謁言	影元開三平	qyon	ʔan	
焉	ɁAN	鄢	鄢	於幰	影元開三上	qyonq	ʔanʔ	
焉	ɁAN	鄢 傿 漹 嫣	鄢 傿 漹 嫣	於建	影元開三去	qyonh	ʔanh	
焉	ɁAN	嘕 嫣	嘕 嫣	許延	曉仙開三A平	hien	han	
焉	ɁAN	漹 䗡 焉	漹 䗡 焉	有乾	云仙開三B平	yen		
匄	ɁAT KAT	遏 齃 堨 餲 靄 𠥜 𢉥	遏 齃 堨 餲 靄 𠥜 𢉥	烏葛	影末開一入	qat	ʔˤat	
匄	ɁAT KAT	藹 馤 靄 䔽 𪕭	藹 馤 靄 䔽 𪕭	於蓋	影泰開一去	qajh	ʔˤath	
匄	ɁAT KAT	喝 餲	喝 餲	於犗	影夬開二去	qaejh	ʔrˤath	
匄	ɁAT KAT	𪆰 䦪 𡇼	𪆰 䦪 𡇼	乙鎋	影鎋開二入	qaet		
匄	ɁAT KAT	葛 䈓 獦 𩢛 匃 輵 𨞛 𥢸 㵧	葛 䈓 獦 𩢛 匃 輵 𨞛 𥢸 㵧	古達	見末開一入	kat	kˤat	
匄	ɁAT KAT	匃 丐	匃 丐	古太	見泰開一去	kajh	kˤath	
匄	ɁAT KAT	擖	擖	古鎋	見鎋開二入	kaet		
匄	ɁAT KAT	渴 㵣 𤸎 嵑 䅥	渴 㵣 𤸎 嵑 䅥	苦曷	溪末開一入	khat	kʰˤat	
匄	ɁAT KAT	愒	愒	苦蓋	溪泰開一去	khajh		
匄	ɁAT KAT	擖	擖	恪八	溪黠開二入	kheet		
匄	ɁAT KAT	𥴭 楬	𥴭 楬	枯鎋	溪鎋開二入	khaet		
匄	ɁAT KAT	曷 褐 毼 鶡 蝎 餲 䫘 𩩲 鞨	曷 褐 毼 鶡 蝎 餲 䫘 𩩲 鞨	胡葛	匣末開一入	ghat	ɡˤat	
匄	ɁAT KAT	䫘 𠿒 喝 猲 𦤦 㿣 暍	䫘 𠿒 喝 猲 𦤦 㿣 暍	許葛	曉末開一入	hat	hˤat	
匄	ɁAT KAT	𦤦 𩹄	𦤦 𩹄	呼艾	曉泰開一去	hajh		
匄	ɁAT KAT	𩮂 㔠	𩮂 㔠	許鎋	曉鎋開二入	haet		
匄	ɁAT KAT	䔾	䔾	矛割	以末開一入	**		·䔾，《名義》：「䔾，餘割反。似蕨，生水中，香草。」《齊民要術·菜茹》：「䔾，菜，似蕨，生水中。」
匄	ɁAT KAT	謁 暍 𢉥	謁 暍 𢉥	於歇	影月開三入	qyot	ʔat	
匄	ɁAT KAT	䋵 餲 𦝲 䔽	䋵 餲 𦝲 䔽	於罽	影祭開三B去	qyejh	ʔrath	
匄	ɁAT KAT	𧼨 羯 揭 𢶆 鍻	𧼨 羯 揭 𢶆 鍻	居謁	見月開三入	kyot	kat	
匄	ɁAT KAT	䅥 揭	䅥 揭	居列	見薛開三B入	kyet	krat	
匄	ɁAT KAT	朅 揭 藒 愒	朅 揭 藒 愒	丘謁	溪薛開三B入	khyet	kʰrat	
匄	ɁAT KAT	䔾 愒 揭	䔾 愒 揭	去例	溪祭開三B去	khyejh	kʰrath	
匄	ɁAT KAT	𢷒 揭 竭 碣 楬	𢷒 揭 竭 碣 楬	其謁	羣月開三入	gyot	ɡat	
匄	ɁAT KAT	傑 桀 竭 碣 楬 榤 揭 渴 嵥 滐 偈 搩	傑 桀 竭 碣 楬 榤 揭 渴 嵥 滐 偈 搩	渠列	羣薛開三B入	gyet	ɡrat	·桀，本「匄」聲，戰國時期「匄」旁中「亡」與「刀」共筆，後其聲符「匄」形析離訛爲「舛」，遂作「桀」。說見：李守奎、張峰《說楚文字中的“桀”與“傑”》。
匄	ɁAT KAT	偈	偈	其憩	羣祭開三B去	gyejh	ɡrath	
匄	ɁAT KAT	歇 蠍 猲 𤢔 𦪬	歇 蠍 猲 𤢔 𦪬	許謁	曉月開三入	hyot	hat	
匄	ɁAT KAT	鞨	鞨	食列	船薛開三入	zjiet		·鞨，治皮也，又作「𧤠」。《裴韻》士列反；《廣韻》食列切；《集韻》食列、士列二切。
害	KAT KAN	割	割	古達	見末開一入	kat	kˤat	
害	KAT KAN	犗 𧜅	犗 𧜅	古喝	見夬開二去	kaejh	krˤath	
害	KAT KAN	𠟽	𠟽	古滑	見黠合二入	kweet		
害	KAT KAN	磍	磍	古黠	見黠開二入	keet		
害	KAT KAN	轄 𥎆 㪡	轄 𥎆 㪡	苦蓋	溪泰開一去	khajh	kʰˤath	
害	KAT KAN	磍	磍	枯鎋	溪鎋開二入	khaet		
害	KAT KAN	㮫	㮫	胡葛	匣末開一入	ghat		
害	KAT KAN	害 𡕗 𢞐	害 𡕗 𢞐	胡蓋	匣泰開一去	ghajh	ɡˤath	·害，《說文》：「害，傷也。从宀从口。宀、口，言从家起也。丯聲。」其說不可信。學界初多以魚部「㝬」KA的聲符「害」與傳世「害」KAT爲一字，大西克也已駁其非，並指出傳世音與「憲」之聲符「𡩜」同源（說見：大西克也《論古文字資料中的“害”字及其讀音問題》），是也。今據其說置「害」「憲」於一處。傳世「害¹」字與「㝬」之聲符「害²」非一源，後者未傳世（來源可參：劉釗《甲骨文“害”字及从“害”諸字考釋》，大概是“瑚璉”之｛瑚｝*ɡˤa的表意字）。
害	KAT KAN	鎋 轄 鶷 𦵯 縖 𩝛 𥰶 𠢆	鎋 轄 鶷 𦵯 縖 𩝛 𥰶 𠢆	胡瞎	匣鎋開二入	ghaet	ɡrˤat	
害	KAT KAN	𩡔	𩡔	許葛	曉末開一入	hat		
害	KAT KAN	瞎	瞎	許鎋	曉鎋開二入	haet	hrˤat	
害	KAT KAN	𦤬	𦤬	火犗	曉夬開二去	haejh		
害	KAT KAN	幰 攇 䘆 䜢	幰 攇 䘆 䜢	虚偃	曉元開三上	hyonq	hanʔ	
害	KAT KAN	憲 𧾨 瀗	憲 𧾨 瀗	許建	曉元開三去	hyonh	hanh	
害	KAT KAN	䘆	䘆	休謹	曉殷開三上	hynq		
害	KAT KAN	豁 𧯆	豁 𧯆	呼括	曉末合一入	hwat		
害	KAT KAN	𩮝	𩮝	五鎋	疑鎋開二入	ngaet	ŋrˤat	
舝	KAT	𨘇	𨘇	胡甸(見)	匣泰開一去	ghajh	ɡˤath	·𨘇，「舝」聲當在上古月部，不應入中古霰韻，《切韻》系韻書所收霰韻讀法與字形不合。疑所據字韻書下字本作「貝」（如《名義》胡貝切；《玉篇》胡貝切）、讀泰韻，訛作「見」，遂誤收入見小韻。
舝	KAT	𨘇	𨘇	黃外	匣泰合一去	ghwajh		
舝	KAT	舝 𧕱 𤪍 𢮟	舝 𧕱 𤪍 𢮟	胡瞎	匣鎋開二入	ghaet	ɡrˤat	
㕢	KAT	㕢	㕢	古代	見咍開一去	keojh		·㕢，《說文》：「㕢，𣦼探堅意也。从𣦼从貝。貝，堅寶也。讀若概。」其形聲未詳。
㕢	KAT	𧷎	𧷎	胡瞎	匣鎋開二入	ghaet	ɡrˤat	
㕢	KAT	㕢	㕢	何犗	匣夬開二去	ghaejh	ɡrˤath	
㕢	KAT	瀣	瀣	胡槩	匣咍開一去	gheojh		
㕢	KAT	䪥 薤 瀣 㒠 韰	䪥 薤 瀣 㒠 韰	胡介	匣皆開二去	gheejh	ɡrˤəth	
鬳	ŊAN ŊAT	䡾 𣡌 㩵 齾	䡾 𣡌 㩵 齾	五割	疑末開一入	ngat	ŋˤat	
鬳	ŊAN ŊAT	齾	齾	五鎋	疑鎋開二入	ngaet		
鬳	ŊAN ŊAT	瓛	瓛	胡官	匣寒合一平	ghwan		
鬳	ŊAN ŊAT	獻	獻	素何	心歌開一平	sa		
鬳	ŊAN ŊAT	囐 㩵	囐 㩵	才割	從末開一入	dzat		
鬳	ŊAN ŊAT	獻	獻	許建	曉元開三去	hyonh	ŋ̊anh	
鬳	ŊAN ŊAT	讞 𤅊 钀 䡾	讞 𤅊 钀 䡾	魚列	疑薛開三B入	ngyet	ŋrat	
鬳	ŊAN ŊAT	甗	甗	語軒	疑元開三平	ngyon	ŋan	
鬳	ŊAN ŊAT	巘	巘	語偃	疑元開三上	ngyonq	ŋanʔ	
鬳	ŊAN ŊAT	𤬝 鬳	𤬝 鬳	語偃	疑元開三去	ngyonh		
鬳	ŊAN ŊAT	巘 讞 𤫣 甗	巘 讞 𤫣 甗	魚蹇	疑仙開三B上	ngyenq	ŋranʔ	
鬳	ŊAN ŊAT	甗	甗	魚變	疑仙開三B去	ngyenh	ŋranh	
鬳	ŊAN ŊAT	钀	钀	語訐	疑月開三入	ngyot		
𬔖¹	ŊAT ŊƏT	嶭 枿 櫱 𠱥 𠲗	嶭 枿 櫱 𠱥 𠲗	五割	疑末開一入	ngat	ŋˤat	·枿，《爾雅》：「枿，餘也。」清人多已指出其「卉」乃「𦍐」之變體。桂馥《義證》：「『枿』爲『㮆』之變體。」徐灝《箋》：「『枿』者，『㮆』之譌體。」《說文》：「𣡌，伐木餘也。从木、獻聲。《商書》曰：『若顚木之有㽕𣡌。』櫱，𣡌或从木、辥聲。𣎴，古文𣡌从木，無頭。㮆，亦古文𣡌。」「𦍐」亦「𬔖」之變體，故置於此。
𬔖¹	ŊAT ŊƏT	嶭 𡴎	嶭 𡴎	五結	疑屑開四入	nget		
𬔖¹	ŊAT ŊƏT	𦗐 𢟰 𧏹	𦗐 𢟰 𧏹	五介	疑皆開二去	ngeejh		
𬔖¹	ŊAT ŊƏT	顡	顡	他怪（五怪）	疑皆合二去	ngweejh		·顡，《說文》：「𩕺，癡[顡]，不聦明也。从頁、𧱏聲。」《名義》牛敞反；《玉篇》牛旣、五壞二切；《王一》五罪、知怪二反；《王三》五罪、知怪二反；《廣韻》五罪、魚既、{他}[迍]三切。《王一》《王三》知怪反皆訓「頭聲」，可怪。
𬔖¹	ŊAT ŊƏT	顡	顡	五罪	疑灰合一上	ngojq		
𬔖¹	ŊAT ŊƏT	躠 薩 𦼧	躠 薩 𦼧	桑割	心末開一入	sat		·薩，爲梵語Sattva音譯「薛埵」之合文，取「薛」與「埵」中之「土」合形。說見：岩松淺夫《“薩”字の成立とその變遷》；亦參：張涌泉《漢語俗字研究》。
𬔖¹	ŊAT ŊƏT	𨆳	𨆳	先結	心屑開四入	set		
𬔖¹	ŊAT ŊƏT	𪈟	𪈟	古鎋	見鎋開二入	kaet		
𬔖¹	ŊAT ŊƏT	𧱘	𧱘	莫拜	明皆二去	meejh		·𧱘，《廣韻·怪韻》莫拜切：「𧱘，𧱘𧱳，頑惡。」未詳。
𬔖¹	ŊAT ŊƏT	薛 辥 㔎	薛 辥 㔎	私列	心薛開三入	siet	sŋat	·辥，古文字中的「𬔖」有兩類讀音：①疑組月部ŊAT，「辥」等屬此類，是｛刈｝*ŋrats的表意字；②以組之部LƏ，「辭」屬此類。後「𬔖」流變爲「乂」「辛」「䇂」等形。說見：王國維《釋“辥”》、裘錫圭《釋“ ⿰艸𬔖”“𬓨”》、蔡一峰《〈說文〉“䇂”“辛”二部及相關諸字芻議》等。
𬔖¹	ŊAT ŊƏT	孼 糱 蠥 㜸 𡴎 櫱	孼 糱 蠥 㜸 𡴎 櫱	魚列	疑薛開三B入	ngyet	ŋrat	
𬔖¹	ŊAT ŊƏT	毅 豙 𧅙 藙 顡 䉨	毅 豙 𧅙 藙 顡 䉨	魚旣	疑微開三去	ngyjh	ŋəth	·豙，《說文》：「𧱏，豕怒毛豎。一曰殘艾也。从豕、辛。」陳劍先生謂「豙」爲「𬔖」聲，說見：陳劍《張禹碑銘雜識》。
𬔖¹	ŊAT ŊƏT	豙	豙	魚記	疑之開三去	ngyh		
𬔖¹	ŊAT ŊƏT	㔎	㔎	魚乙	疑質開三B入	ngyit		
乂	ŊAT	餀 𤵽	餀 𤵽	呼艾	曉泰開一去	hajh	ŋ̊ˤath	
乂	ŊAT	艾 𧰿 鴱	艾 𧰿 鴱	五蓋	疑泰開一去	ngajh	ŋˤath	
乂	ŊAT	刈 乂 㲼 㣻 𩾘 艾 䖊 䢃	刈 乂 㲼 㣻 𩾘 艾 䖊 䢃	魚肺	疑廢開三去	ngyojh	ŋath	·乂，裘錫圭謂古文字「𬔖」或簡化作兩筆交叉之形，整齊化後流變爲後世的「乂」，說見：裘錫圭《釋“ ⿰艸𬔖”“𬓨”》、裘錫圭：《⿰囦丮卣銘文補釋》。
乂	ŊAT	𢖫	𢖫	魚旣	疑微開三去	ngyjh	ŋəth	·𢖫，《說文》：「𢖫，怒也。从心、刀{聲}。讀若顡。」段玉裁注：「各本作刀聲。今删正。从心刀、謂心中含怒如懷刃也。李陽氷云：『當从刈省聲。』非是。」陳劍先生謂其上「刀」乃是「乂」之變體，說見：陳劍《張禹碑銘雜識》。
𣎴	ŊAT	𣎴	𣎴	五割	疑末開一入	ngat	ŋˤat	
高	KAU KAUK	高 膏 篙	高 膏 篙	古勞	見豪開一平	kaw	kˤau	
高	KAU KAUK	暠 稾 藁 縞 槀	暠 稾 藁 縞 槀	古老	見豪開一上	kawq	kˤauʔ	
高	KAU KAUK	縞 膏 𣝏	縞 膏 𣝏	古到	見豪開一去	kawh	kˤauh	
高	KAU KAUK	槀 燺 䯪 薧	槀 燺 䯪 薧	苦浩	溪豪開一上	khawq	kʰˤauʔ	
高	KAU KAUK	𩝝 犒 稾 䯪	𩝝 犒 稾 䯪	苦到	溪豪開一去	khawh	kʰˤauh	
高	KAU KAUK	敲 鄗	敲 鄗	口交	溪肴開二平	khaew	kʰrˤau	
高	KAU KAUK	𩫀 <䯨>	𩫀 䯨	苦蓋(大)	溪肴開二平	khaew		·𩫀，擊也，《名義》、《玉篇》作「䯨」，實即「敲」字。泰韻音與形義不合，蓋所據字韻書切語下字本作「交」（如《玉篇》口交切）、讀肴韻音，訛作「大」（如《名義》口大反、《新撰字鏡》口大反），遂誤收入《泰韻》。說見：楊寶忠《疑難字續考》P409。
高	KAU KAUK	敲	敲	苦敎	溪肴開二去	khaewh	kʰrˤauh	
高	KAU KAUK	毃 碻 塙	毃 碻 塙	苦角	溪覺二入	khoeuk	kʰrˤauk	
高	KAU KAUK	豪 毫 濠 壕	豪 毫 濠 壕	胡刀	匣豪開一平	ghaw	ɡˤau	
高	KAU KAUK	鎬 鰝 薃 鄗 滈	鎬 鰝 薃 鄗 滈	胡老	匣豪開一上	ghawq	ɡˤauʔ	
高	KAU KAUK	翯	翯	胡沃	匣沃一入	ghok	ɡˤauk	
高	KAU KAUK	翯	翯	胡覺	匣覺二入	ghoeuk	ɡrˤauk	
高	KAU KAUK	蒿 薧	蒿 薧	呼毛	曉豪開一平	haw	hˤau	
高	KAU KAUK	藃	藃	呼到	曉豪開一去	hawh		
高	KAU KAUK	髇 藃 嗃 䬘	髇 藃 嗃 䬘	許交	曉肴開二平	haew	hrˤau	
高	KAU KAUK	嗃	嗃	呼敎	曉肴開二去	haewh		
高	KAU KAUK	鄗 謞 鰝 熇 嗃	鄗 謞 鰝 熇 嗃	呵各	曉鐸開一入	hak	hˤauk	
高	KAU KAUK	熇 歊	熇 歊	火酷	曉沃一入	hok	hˤauk	
高	KAU KAUK	熇	熇	呼木	曉屋一入	houk		
高	KAU KAUK	翯 謞 瀥 滈	翯 謞 瀥 滈	許角	曉覺二入	hoeuk	hrˤauk	
高	KAU KAUK	驕 嬌 憍 穚 鷮 蕎 喬 簥 撟	驕 嬌 憍 穚 鷮 蕎 喬 簥 撟	舉喬	見宵開三B平	kyew	kau	
高	KAU KAUK	矯 鱎 䚩 敽 撟 嬌 蟜 譑 𨝰 蹻	矯 鱎 䚩 敽 撟 嬌 蟜 譑 𨝰 蹻	居夭	見宵開三B上	kyewq	kauʔ	
高	KAU KAUK	蹻 屩	蹻 屩	居勺	見藥開三入	kyak	kauk	
高	KAU KAUK	蹻 繑	蹻 繑	去遙	溪宵開三A平	khiew	kʰau	
高	KAU KAUK	趫 𢄹 鞽	趫 𢄹 鞽	起嚻	溪宵開三B平	khyew	kʰrau	
高	KAU KAUK	趬 𠿕 㢗 譑 㚁	趬 𠿕 㢗 譑 㚁	丘召	溪宵開三B去	khyewh	kʰrauh	
高	KAU KAUK	嘺 䎗	嘺 䎗	渠遙	羣宵開三A平	giew	ɡau	
高	KAU KAUK	喬 橋 趫 僑 㝯 鐈 鷮 嶠 毊 轎 嬌 蕎 蟜 蹻 䎗 䀉	喬 橋 趫 僑 㝯 鐈 鷮 嶠 毊 轎 嬌 蕎 蟜 蹻 䎗 䀉	巨嬌	羣宵開三B平	gyew	ɡrau	
高	KAU KAUK	𨲭	𨲭	巨夭	羣宵開三B上	gyewq		
高	KAU KAUK	嶠 轎	嶠 轎	渠廟	羣宵開三B去	gyewh	ɡrauh	
高	KAU KAUK	蹻	蹻	其虐	羣藥開三入	gyak	ɡauk	
高	KAU KAUK	歊 毊 獢 藃	歊 毊 獢 藃	許嬌	曉宵開三B平	hyew	hrau	
杲	KAU	杲 菒 𥓖	杲 菒 𥓖	古老	見豪開一上	kawq	kˤauʔ	
爻¹	KAU	郩	郩	烏晧	影豪開一上	qawq		
爻¹	KAU	教 𩎔	教 𩎔	古肴	見肴開二平	kaew		
爻¹	KAU	𤉧	𤉧	古巧	見肴開二上	kaewq		
爻¹	KAU	教 𢼂 𡥈	教 𢼂 𡥈	古孝	見肴開二去	kaewh	krˤauh	
爻¹	KAU	較 <䡈> 䡈	較 䡈 䡈	古岳	見覺二入	koeuk		
爻¹	KAU	崤	崤	胡刀	匣豪開一平	ghaw	ɡˤau	
爻¹	KAU	㤊	㤊	胡敎	匣肴開二去	ghaewh		
爻¹	KAU	肴 餚 崤 𦺔 殽 㮁 爻 淆 笅 䋂 倄 㤊 䂚	肴 餚 崤 𦺔 殽 㮁 爻 淆 笅 䋂 倄 㤊 䂚	胡茅	匣肴開二平	ghaew	ɡrˤau	
爻¹	KAU	𩾾	𩾾	許交	曉肴開二平	haew		
奡	ŊAU	夰	夰	古老	見豪開一上	kawq	kˤauʔ	
奡	ŊAU	昦 夰	昦 夰	胡老	匣豪開一上	ghawq	ɡˤauʔ	·夰，爲「奡」之截取分化字。
奡	ŊAU	奡	奡	五到	疑豪開一去	ngawh	ŋˤauh	
囂	ŊAU	囂 㺧 𩱴 䖀	囂 㺧 𩱴 䖀	許嬌	曉宵開三B平	hyew	ŋ̊au	
敖	ŊAU	敖 遨 聱 驁 熬 嶅 獒 滶 蔜 鷔 鼇 螯 謷 嗸 嗷 䫨 𢧴 摮 嫯 䦋 𣘢 𦪈 𩪋 鰲	敖 遨 聱 驁 熬 嶅 獒 滶 蔜 鷔 鼇 螯 謷 嗸 嗷 䫨 𢧴 摮 嫯 䦋 𣘢 𦪈 𩪋 鰲	五勞	疑豪開一平	ngaw	ŋˤau	
敖	ŊAU	傲 嫯 䫨 鏊 驁 謷 鷔	傲 嫯 䫨 鏊 驁 謷 鷔	五到	疑豪開一去	ngawh	ŋˤauh	
敖	ŊAU	𠢕	𠢕	胡刀	匣豪開一平	ghaw		
敖	ŊAU	聱 謷 磝	聱 謷 磝	五交	疑肴開二平	ngaew		
敖	ŊAU	聱	聱	語虯	疑幽開三平	ngiw		
夭	ɁAU ɁAUK	镺 芺 䴠 夭 㤇 𪁾	镺 芺 䴠 夭 㤇 𪁾	烏晧	影豪開一上	qawq	ʔˤauʔ	
夭	ɁAU ɁAUK	镺	镺	烏到	影豪開一去	qawh	ʔˤauh	
夭	ɁAU ɁAUK	㕭	㕭	於交	影肴開二平	qaew	ʔrˤau	
夭	ɁAU ɁAUK	沃 鋈	沃 鋈	烏酷	影沃一入	qok	ʔˤauk	
夭	ɁAU ɁAUK	𩡻	𩡻	烏皎	影蕭開四上	qewq		
夭	ɁAU ɁAUK	妖 祅 枖 訞 夭	妖 祅 枖 訞 夭	於喬	影宵開三B平	qyew	ʔ(r)au	
夭	ɁAU ɁAUK	夭 殀 芺 仸	夭 殀 芺 仸	於兆	影宵開三B上	qyewq	ʔ(r)auʔ	
夭	ɁAU ɁAUK	飫	飫	依倨	影魚開三去	qyoh		·飫，一般認爲異體作「𩜈」、「𩜏」、「醧」。《說文》：「𩜈，燕食也。从食、芺聲。《詩》曰：『飲酒之𩜈。』」今本《毛詩·小雅·常棣》作「飲酒之飫」，《韓詩》作「醧」。原本《玉篇》：「飫，扵㩀反。…《毛詩》：『如食冝飫。』《傳》曰：『飫，飽也。』…𡩷私之飫為醧字，在酉部。𩜏，《字書》：亦飫字也。」諸字形聲關係紛亂：《說文》「𩜈」即「芺」聲，故「𩜈」「飫」二字似皆以「夭」爲聲首，據其諧聲當歸宵部；《毛詩·常棣》叶「豆飫具孺」，據《詩》韻當歸侯部；中古讀魚韻，據中古音當歸魚部，莫衷一是。段玉裁曰：「葢《常棣》『醧』爲正字，『飫』爲音近叚借字。以韵言之。『區』聲與豆、具、孺同部，而『芺』聲不同部。毛、韓各有所受。往往毛多古字；韓爲今字。此一條韓爲正字，毛爲叚借字。」按魚部「於」聲之「𩜏」，以中古魚韻依倨切匹之；侯部「區」聲之「醧」，以中古虞韻衣遇切匹之，｛𩜏｝、｛醧｝似爲近義詞、則「𩜏」「醧」不同字，後世兩字形混同；唯「夭」聲之「飫」於中古音無匹，《詩》韻又在侯部、與「醧」本爲一詞之異體，該字既無古在宵部之證、「夭」亦不應諧侯部，段玉裁謂「音近叚借」非也，則「飫」形可疑矣，待考。
隺	KAUK	榷 搉 傕 䮤	榷 搉 傕 䮤	古岳	見覺二入	koeuk	krˤauk	
隺	KAUK	搉 確 𣤇	搉 確 𣤇	苦角	溪覺二入	khoeuk	kʰrˤauk	
隺	KAUK	鶴 䮤 𥉑	鶴 䮤 𥉑	下各	匣鐸開一入	ghak	ɡˤauk	
隺	KAUK	㿥 隺 𤌍	㿥 隺 𤌍	胡沃	匣沃一入	ghok	ɡˤauk	
隺	KAUK	㿥	㿥	胡覺	匣覺二入	ghoeuk	ɡrˤauk	
隺	KAUK	臛 <𦞦>	臛 𦞦	火酷	曉沃一入	hok	hˤauk	·臛，《說文》《釋名》《名義》《玉篇》作「𦞦」；《廣雅》《切韻》系韻書作「臛」。「霍」聲系上古音在鐸部，不會有中古沃韻字，因此據讀音當以「𦞦」爲正字、「臛」爲訛字，《說文》是也。
隺	KAUK	𦞦	𦞦	呵各	曉鐸開一入	hak	hˤauk	
隺	KAUK	𦞦	𦞦	呼木	曉屋一入	houk		
隺	KAUK	𤛹 <㹊>	𤛹 㹊	五沃	疑沃一入	ngok	ŋˤauk	·𤛹，白牛，「㹊」之訛字，《說文》:「㹊，白牛也。从牛、隺聲。」
隺	KAUK	㹊	㹊	五角	疑覺二入	ngoeuk	ŋrˤauk	
隺	KAUK	髉	髉	北角	幫覺二入	poeuk		
隺	KAUK	蒮 𥉑	蒮 𥉑	余六	以屋三入	juk		
虐	ŊAUK	謔	謔	虚約	曉藥開三入	hyak	ŋ̊(r)auk	
虐	ŊAUK	虐 瘧	虐 瘧	魚約	疑藥開三入	ngyak	ŋ(r)auk	
甘	KAM	甘 柑 䇞 苷 泔 𤯍	甘 柑 䇞 苷 泔 𤯍	古三	見談開一平	kam	kˤam	
甘	KAM	䇞	䇞	古覽	見談開一上	kamq		
甘	KAM	紺	紺	古暗	見覃開一去	komh	kˤəmh	
甘	KAM	坩	坩	苦甘	溪談開一平	kham		
甘	KAM	𤯌	𤯌	口含	溪覃開一平	khom		·𤯌，《說文》：「𤯌，和也。从甘从麻。麻，調也。甘亦聲。讀若函。」
甘	KAM	嵌	嵌	口銜	溪銜開二平	khaem		
甘	KAM	酣 甝 䗣 魽 𤯍 邯	酣 甝 䗣 魽 𤯍 邯	胡甘	匣談開一平	gham	ɡˤam	
甘	KAM	䗣	䗣	下瞰	匣談開一去	ghamh		
甘	KAM	蚶 𧵊	蚶 𧵊	呼談	曉談開一平	ham		
甘	KAM	𧵊	𧵊	呼濫	曉談開一去	hamh		
甘	KAM	姏	姏	武酣	明談一平	mam		
甘	KAM	嵌 㟛	嵌 㟛	才敢	從談開一上	dzamq		·嵌，又作「㟛」，《玉篇》口銜切；《漢書註》：火敢反；《廣韻》口銜、才敢二切。
甘	KAM	箝 鉗 黚 拑	箝 鉗 黚 拑	巨淹	羣鹽開三B平	gyem	ɡram	
甘	KAM	黚	黚	巨金	羣侵開三B平	gyim	ɡrəm	
敢	KAM ŊAM	𪒠	𪒠	於檻	影銜開二上	qaemq		
敢	KAM ŊAM	𪒠	𪒠	黯去聲	影銜開二去	qaemh		
敢	KAM ŊAM	敢 𠭖 𣪏 𢽤 橄 澉	敢 𠭖 𣪏 𢽤 橄 澉	古覽	見談開一上	kamq	kˤamʔ	·敢，《說文》：「𠭖(敢)，進取也。从𠬪，古聲。 」「古」非聲也。古文字「敢」乃雙手持器具捕「豕」之形，乃“捕掩”之｛掩｝*ʔramʔ的表意字，說見：陳劍《尋“詞”推“字”之一例：試說殷墟甲骨文中“犯”“圍”兩讀之字》。
敢	KAM ŊAM	𪉿	𪉿	古蹔	見談開一去	kamh		
敢	KAM ŊAM	𠪚	𠪚	口敢	溪談開一上	khamq		
敢	KAM ŊAM	闞 瞰 𣊟 𪉿	闞 瞰 𣊟 𪉿	苦濫	溪談開一去	khamh	kʰˤamh	
敢	KAM ŊAM	撖	撖	苦減	溪咸開二上	kheemq		
敢	KAM ŊAM	撖	撖	口含	溪覃開一平	khom		
敢	KAM ŊAM	憨 㺖 譀	憨 㺖 譀	下瞰	匣談開一去	ghamh	ɡˤamh	
敢	KAM ŊAM	撖	撖	胡黤	匣銜開二上	ghaemq		
敢	KAM ŊAM	憨	憨	呼談	曉談開一平	ham		
敢	KAM ŊAM	㺖 豃	㺖 豃	荒檻	曉銜開二上	haemq		
敢	KAM ŊAM	㒈 譀 闞	㒈 譀 闞	許鑑	曉銜開二去	haemh	hrˤamh	
敢	KAM ŊAM	譀	譀	呼甲	曉狎開二入	haep	hrˤap	
敢	KAM ŊAM	闞	闞	火斬	曉咸開二上	heemq		
敢	KAM ŊAM	巖 礹 𡆑	巖 礹 𡆑	五銜	疑銜開二平	ngaem	ŋrˤam	
敢	KAM ŊAM	㺖	㺖	楚鑑	初銜開二去	tsrhaemh		·㺖，《名義》胡監反；《玉篇》胡鑑切；《新撰字鏡》荒監反；《王三》荒檻、下瞰二反；《裴韻》荒檻、下瞰二反；《廣韻》荒檻、下瞰、楚鑒三切；《集韻》虎覽、乙減、虎檻、下瞰、呼濫、許鑒、叉鑒七切。
敢	KAM ŊAM	噉	噉	徒敢	定談開一上	damq		·噉，又作「啖」。待考。
敢	KAM ŊAM	𠪚	𠪚	吐敢	透談開一上	thamq		
敢	KAM ŊAM	澉	澉	吐濫	透談開一去	thamh		
敢	KAM ŊAM	玁	玁	虚檢	曉鹽開三B上	hyemq	hramʔ	
敢	KAM ŊAM	嚴 䉷	嚴 䉷	語𩏩	疑嚴開三平	ngyom	ŋam	
敢	KAM ŊAM	儼 礹 曮	儼 礹 曮	魯掩	疑嚴開三上	ngyomq	ŋamʔ	
敢	KAM ŊAM	釅	釅	魚欠	疑嚴開三去	ngyomh		
敢	KAM ŊAM	𠪚	𠪚	魚金	疑侵開三B平	ngyim	ŋrəm	
敢	KAM ŊAM	㘙	㘙	宜戟	疑陌開三B入	ngyaek		·㘙，又作「𡆑」，呻吟。《切韻》系韻書所收宜戟切陌三韻讀法與「嚴」聲不合，待考。《名義》午衫反；《玉篇》牛衫切；《新撰字鏡》牛𥘎(衫)反；《王三》宜戟反，「𡆑」五銜反；《裴韻》宜戟反，「𡆑」五銜反；《廣韻》宜戟切，「𡆑」五銜切；《集韻》牛廉、魚銜二切。
欠	KAM	坎 歁	坎 歁	苦感	溪覃開一上	khomq	kʰˤəmʔ	
欠	KAM	𩵢	𩵢	呼盍	曉盍開一入	hap		
欠	KAM	䇜	䇜	丘广	溪嚴開三上	khyomq		
欠	KAM	欠 㐸	欠 㐸	去劔	溪嚴開三去	khyomh	kʰamh	
欠	KAM	𤴼	𤴼	去劫	溪業開三入	khyop		
欠	KAM	芡	芡	巨險	羣鹽開三B上	gyemq	ɡramʔ	
欠	KAM	杴 𥟕	杴 𥟕	虚嚴	曉嚴開三平	hyom		
凵	KAM	凵 㧄	凵 㧄	丘犯	溪嚴開三上	khyomq	kɫamʔ	
广	ŊAM	𢇞	𢇞	胡感	匣覃開一上	ghomq	ɡˤəmʔ	·𢇞，《廣韻》：「𢇞嘾，乳汁狀，出《莊子》。」今本《莊子》無此二字。
广	ŊAM	广 𠆲 㢂 𢇘	广 𠆲 㢂 𢇘	魯掩	疑嚴開三上	ngyomq	ŋamʔ	
广	ŊAM	广	广	魚檢	疑鹽開三B上	ngyemq	ŋramʔ	
甲	ɁAM ɁAP KAP	鴨 庘 䆘 閘 押	鴨 庘 䆘 閘 押	烏甲	影狎開二入	qaep	ʔrˤap	
甲	ɁAM ɁAP KAP	埯	埯	烏敢	影談開一上	qamq		
甲	ɁAM ɁAP KAP	黤	黤	於檻	影銜開二上	qaemq	ʔrˤamʔ	
甲	ɁAM ɁAP KAP	庵 菴 㞄 馣	庵 菴 㞄 馣	烏含	影覃開一平	qom	ʔˤəm	
甲	ɁAM ɁAP KAP	晻 唵 黤 㞄	晻 唵 黤 㞄	烏感	影覃開一上	qomq	ʔˤəmʔ	
甲	ɁAM ɁAP KAP	罨 庵 𨂁 𩋊	罨 庵 𨂁 𩋊	烏合	影合開一入	qop	ʔˤəp	
甲	ɁAM ɁAP KAP	𨂁	𨂁	烏洽	影洽開二入	qeep		
甲	ɁAM ɁAP KAP	閘 鉀	閘 鉀	古盍	見盍開一入	kap	kˤap	
甲	ɁAM ɁAP KAP	甲 胛 押 𥑐 鉀 玾 𨒇	甲 胛 押 𥑐 鉀 玾 𨒇	古狎	見狎開二入	kaep	krˤap	
甲	ɁAM ɁAP KAP	狎 翈 柙 匣 𧆥 𦾏 𢘉 炠 笚	狎 翈 柙 匣 𧆥 𦾏 𢘉 炠 笚	胡甲	匣狎開二入	ghaep	ɡrˤap	
甲	ɁAM ɁAP KAP	呷 䛅 𣢗	呷 䛅 𣢗	呼甲	曉狎開二入	haep	hrˤap	
甲	ɁAM ɁAP KAP	笚	笚	都搕	端盍開一入	tap		·笚，撃也，《名義》都臈反；《玉篇》都臘切；《新撰字鏡》都臈反；《王三》都盍反；《廣韻》都榼切。
甲	ɁAM ɁAP KAP	醃 腌	醃 腌	於嚴	影嚴開三平	qyom		
甲	ɁAM ɁAP KAP	埯 𣃳	埯 𣃳	於广	影嚴開三上	qyomq		·𣃳，見衣儉切之「𣄉」。
甲	ɁAM ɁAP KAP	㤿 淹 𦑎 㛪 裺 䛳	㤿 淹 𦑎 㛪 裺 䛳	於劔	影嚴開三去	qyomh	ʔamh	
甲	ɁAM ɁAP KAP	淹 菴 崦 醃 䣍 閹	淹 菴 崦 醃 䣍 閹	央炎	影鹽開三B平	qyem	ʔram	
甲	ɁAM ɁAP KAP	奄 𩃗 䣍 㭺 閹 掩 裺 晻 罨 𣃰 𤗎 𣄉	奄 𩃗 䣍 㭺 閹 掩 裺 晻 罨 𣃰 𤗎 𣄉	衣儉	影鹽開三B上	qyemq	ʔramʔ	·奄，古文字作「甲」聲，訛變作「申」形。說見：陳劍《說“規”等字并論一些特別的形聲字意符》。·𣃳，疑爲「掩」之訛變分化字，古書中「扌」「方」易混，「𠂉」當爲「奄」上「大」之訛形。或又訛作「𣄉」、「𣃰」。《廣韻》中此三字皆“掩翳”義，是來自「掩」。又有“網”義，同「罨」，《名義》：「𣄑，扵業反。率。网。」其「𣄑」當爲累疊字形。後因與「㘝」音義俱近，遂將「奄」下部改作形近的「㘝」而作「𣃳」。《廣雅》：「㘝、𣃳，率也。」
甲	ɁAM ɁAP KAP	俺	俺	於驗	影鹽開三B去	qyemh		
甲	ɁAM ɁAP KAP	㤿	㤿	一鹽	影鹽開三A平	qiem		
甲	ɁAM ɁAP KAP	腌 罨 䎨 殗 㡋 㪑 䤶 𩋊 餣 䁆	腌 罨 䎨 殗 㡋 㪑 䤶 𩋊 餣 䁆	於業	影業開三入	qyop	ʔap	
甲	ɁAM ɁAP KAP	㪑 腌	㪑 腌	於輒	影葉開三B入	qyep	ʔrap	
甲	ɁAM ɁAP KAP	𣄉	𣄉	於葉	影葉開三A入	qiep		·𣃳，見衣儉切之「𣄉」。
甲	ɁAM ɁAP KAP	俺	俺	去劔	溪嚴開三去	khyomh		
弇	ɁAM	揜	揜	烏敢	影談開一上	qamq	ʔˤamʔ	
弇	ɁAM	媕	媕	烏含	影覃開一平	qom	ʔˤəm	
弇	ɁAM	黭	黭	烏感	影覃開一上	qomq	ʔˤəmʔ	
弇	ɁAM	媕 鞥	媕 鞥	烏合	影合開一入	qop	ʔˤəp	
弇	ɁAM	弇	弇	古南	見覃開一平	kom	kˤəm	
弇	ɁAM	揜 渰 弇 媕 𡹮	揜 渰 弇 媕 𡹮	衣儉	影鹽開三B上	qyemq	ʔramʔ	
弇	ɁAM	𢜰	𢜰	於驗	影鹽開三B去	qyemh		
弇	ɁAM	𢜰	𢜰	於豔	影鹽開三A去	qiemh		
去²	KAP	鰪 廅 𤸱	鰪 廅 𤸱	安盍	影盍開一入	qap	ʔˤap	
去²	KAP	壒 𣋞 𣩱 𢣏	壒 𣋞 𣩱 𢣏	於蓋	影泰開一去	qajh	ʔˤaph	
去²	KAP	𤸱 㔩 𩇠 搕	𤸱 㔩 𩇠 搕	烏合	影合開一入	qop	ʔˤəp	
去²	KAP	圔	圔	烏洽	影洽開二入	qeep	ʔrˤəp	
去²	KAP	䫦 𧪞 嗑 蓋 䗘 𨜴	䫦 𧪞 嗑 蓋 䗘 𨜴	古盍	見盍開一入	kap	kˤap	
去²	KAP	砝 𪁍	砝 𪁍	居盍	見盍開一入	kap	kˤap	
去²	KAP	蓋	蓋	古太	見泰開一去	kajh	kˤaph	
去²	KAP	𩌍	𩌍	古狎	見狎開二入	kaep	krˤap	
去²	KAP	㧁	㧁	古沓	見合開一入	kop	kˤəp	
去²	KAP	榼 磕 𧛾 㕎 𨍰	榼 磕 𧛾 㕎 𨍰	苦盍	溪盍開一入	khap	kʰˤap	
去²	KAP	磕 溘 𨜴	磕 溘 𨜴	苦蓋	溪泰開一去	khajh	kʰˤaph	
去²	KAP	䖔	䖔	口敢	溪談開一上	khamq	kʰˤamʔ	
去²	KAP	溘 𣩄 㧁 厒	溘 𣩄 㧁 厒	口荅	溪合開一入	khop	kʰˤəp	
去²	KAP	磕	磕	苦曷	溪末開一入	khat		
去²	KAP	盍 闔 𨶩 嗑 蓋 𧪞 篕 㧁 𨜴 熆	盍 闔 𨶩 嗑 蓋 𧪞 篕 㧁 𨜴 熆	胡臘	匣盍開一入	ghap	ɡˤap	·盍，《說文》：「盇，覆也。从血、大。」其說非是，見「去」下。
去²	KAP	𣣹	𣣹	呼合	曉合開一入	hop		
去²	KAP	𣣹	𣣹	呼盍	曉盍開一入	hap		
去²	KAP	䖔	䖔	呼濫	曉談開一去	hamh		
去²	KAP	𦀖	𦀖	於輒	影葉開三B入	qyep		
去²	KAP	𦀖	𦀖	居輒	見葉開三B入	kyep		
去²	KAP	劫 蜐 鉣 砝 𦀖 䀷	劫 蜐 鉣 砝 𦀖 䀷	居怯	見業開三入	kyop	k(r)ap	
去²	KAP	怯 㹤 抾 呿 胠 𠩂 㾀	怯 㹤 抾 呿 胠 𠩂 㾀	去劫	溪業開三入	khyop	kʰ(r)ap	
去²	KAP	抾	抾	丘之	溪業開三入	khyop		
去²	KAP	抾	抾	去其(之)	溪業開三入	khyop		·抾，友人張振通謂此字「去²」聲、本讀業韻，《切韻》系韻書所據材料切語下字「乏」誤作「之」而收入《之韻》。
去²	KAP	饁	饁	筠輒	云葉開三B入	yep	ɡrap	
去²	KAP	豔 艷 灩	豔 艷 灩	以贍	以鹽開三去	jiemh		·艷，南北朝俗字，由「豔」省、改从「色」。
業	ŊAP	𥋙	𥋙	五盍	疑盍開一入	ngap		
業	ŊAP	礏	礏	五合	疑合開一入	ngop		
業	ŊAP	業 㸣 鄴 驜 嶪 𠟪 䧨 㗼 𠄅 𩑃 𢢜 𩼋 鸈 澲	業 㸣 鄴 驜 嶪 𠟪 䧨 㗼 𠄅 𩑃 𢢜 𩼋 鸈 澲	魚怯	疑業開三入	ngyop	ŋap	
業	ŊAP	䌜	䌜	尼輒	孃葉開三入	nriep		
䲜	—	䲜	䲜	魚怯	疑業開三入	ngyop		
瓜	WA	窊 畖	窊 畖	烏瓜	影麻合二平	qwae	ʔwrˤa	
瓜	WA	攨 窊 䠚	攨 窊 䠚	烏㕦	影麻合二去	qwaeh	ʔwrˤah	
瓜	WA	孤 苽 菰 胍 𡗷 呱 泒 觚 箛 柧 䉉 箍 罛 軱	孤 苽 菰 胍 𡗷 呱 泒 觚 箛 柧 䉉 箍 罛 軱	古胡	見模一平	ko	kwˤa	·箍，蓋爲「箛」省聲，其「子」訛爲「扌」形。
瓜	WA	瓜 㧓	瓜 㧓	古華	見麻合二平	kwae	kwrˤa	·瓜，古文字「瓜」之形一形多用有三類讀音：①云組魚部WA，乃｛瓜｝*kwrˤa之表意字；②幫組幽部PU，乃｛匏｝*brˤu之表意字，後分化作「𠤏」形；③以組幽侯部L[U,O]，爲｛卣｝*lu之表意字，其復體分化出「㼌」，說見：陳劍《釋“瓜”》。
瓜	WA	坬	坬	古罵	見麻合二去	kwaeh		
瓜	WA	㽿	㽿	古禾	見歌合一平	kwa		·㽿，又作「㿆」、「瘑」。《名義》：「⿸疒𠂢，古和反。禿丶。疧丶。」《集韻》：「㽿|瘑，秃也。一曰創也。春發為燕㽿，秋發為鴈㽿。或从咼。」
瓜	WA	𠇗	𠇗	苦瓜	溪麻合二平	khwae		
瓜	WA	㽿	㽿	苦禾	溪歌合一平	khwa		
瓜	WA	狐 弧 瓠 䉉	狐 弧 瓠 䉉	戸吳	匣模一平	gho	wˤa	
瓜	WA	瓠	瓠	胡誤	匣模一去	ghoh	wˤah	
瓜	WA	摦	摦	胡化	匣麻合二去	ghwaeh	wrˤah	
瓜	WA	𧙆	𧙆	況于	曉虞合三平	huo		
𠌶	WA	華 譁	華 譁	呼瓜	曉麻合二平	hwae	w̥rˤa	
𠌶	WA	華 驊 鷨 𧑍 鏵 樺 崋	華 驊 鷨 𧑍 鏵 樺 崋	戸花	匣麻合二平	ghwae	wrˤa	
𠌶	WA	崋 華 樺	崋 華 樺	胡化	匣麻合二去	ghwaeh	wrˤah	
𠌶	WA	鞾	鞾	許𦚢	曉歌合三平	hua		
𠌶	WA	腄 郵	腄 郵	羽求	云尤三平	u	wə	·郵，《說文》：「郵，境上行書舍。从邑、垂。垂，邊也。」其說曲折。李桂森、劉洪濤謂「𠦪」聲（說見：李桂森、劉洪濤《釋“華”及相關諸字》），然其一「𠦪」之中古讀音來源複雜、其二即便以「𠦪」之中古音上推亦與「郵」音韻遠隔，不可信。疑「郵」本「𠂹(華)」聲，後作「垂」旁。
吳	WA	吳 㻍 蜈 鋘 麌 𦨼 祦	吳 㻍 蜈 鋘 麌 𦨼 祦	五乎	疑模一平	ngo	ŋwˤa	
吳	WA	誤 悞 娛	誤 悞 娛	五故	疑模一去	ngoh	ŋwˤah	
吳	WA	鋘	鋘	戸花	匣麻合二平	ghwae	wˤa	
吳	WA	㕦	㕦	胡化	匣麻合二去	ghwaeh	wˤah	
吳	WA	虞 𩦢 娛	虞 𩦢 娛	虞俱	疑虞合三平	nguo	ŋwa	
吳	WA	麌 俁 噳	麌 俁 噳	虞矩	疑虞合三上	nguoq	ŋwaʔ	
鼓	WA	皷 鼓 瞽	皷 鼓 瞽	公戸	見模一上	koq	kwˤaʔ	
壺	WA	壺 㯛	壺 㯛	戸吳	匣模一平	gho	wˤa	
𠑹	WA	𠑹	𠑹	公戸	見模一上	koq	kwˤaʔ	
䀠	WA WAK	𧬮	𧬮	古罵	見麻合二去	kwaeh	kwrˤah	
䀠	WA WAK	𧬮	𧬮	丑亞	徹麻開二去	trhaeh		·𧬮，誤也，原本《玉篇》瓜詐反；《名義》乖詐反；《玉篇》古罵切；《王三》古罵反；大徐本《說文》古罵切；《裴韻》𠂢詐反；《廣韻》丑亞、古罵二切；小徐本《說文》俱化反。
䀠	WA WAK	𡤬	𡤬	憂縛	影藥合三入	quak		
䀠	WA WAK	䀠 㪺 𨞜 𥇛 𥗫	䀠 㪺 𨞜 𥇛 𥗫	舉朱	見虞合三平	kuo	kwa	
䀠	WA WAK	瞿 𥉁 䀠	瞿 𥉁 䀠	九遇	見虞合三去	kuoh	kwah	
䀠	WA WAK	玃 貜 𧾵 钁 攫 矍 𡚠 彏 躩 𪈴 𨏹	玃 貜 𧾵 钁 攫 矍 𡚠 彏 躩 𪈴 𨏹	居縛	見藥合三入	kuak	kwak	
䀠	WA WAK	躩 𢖦	躩 𢖦	丘縛	溪藥合三入	khuak	kʰwak	
䀠	WA WAK	𨟠	𨟠	去約	溪藥開三入	khyak		
䀠	WA WAK	衢 氍 臞 癯 鸜 灈 躣 忂 蠷 瞿 欋 𧾱 𥗫 戵 鑺	衢 氍 臞 癯 鸜 灈 躣 忂 蠷 瞿 欋 𧾱 𥗫 戵 鑺	其俱	羣虞合三平	guo	ɡwa	
䀠	WA WAK	懼 臞	懼 臞	其遇	羣虞合三去	guoh	ɡwah	
䀠	WA WAK	戄 𧾵 𡚠 䣤 貜	戄 𧾵 𡚠 䣤 貜	具籰	羣藥合三入	guak	ɡwak	
䀠	WA WAK	𣚏	𣚏	況于	曉虞合三平	huo	w̥a	
䀠	WA WAK	䂄 矆 彏 戄	䂄 矆 彏 戄	許縛	曉藥合三入	huak	w̥ak	
䀠	WA WAK	籰 𧅚 𥸘 䢲	籰 𧅚 𥸘 䢲	王縛	云藥合三入	uak	wak	
于	WA	洿 汚 杇 圬 釫 𢎰 盓 扝	洿 汚 杇 圬 釫 𢎰 盓 扝	哀都	影模一平	qo	ʔwˤa	
于	WA	汙	汙	烏路	影模一去	qoh		
于	WA	侉	侉	安賀	影歌開一去	qah		
于	WA	刳 扝 郀 挎 𢎰 鮬	刳 扝 郀 挎 𢎰 鮬	苦胡	溪模一平	kho	kʰwˤa	
于	WA	絝 袴 胯 跨	絝 袴 胯 跨	苦故	溪模一去	khoh	kʰwˤah	
于	WA	誇 䠸 夸 姱 跨 胯	誇 䠸 夸 姱 跨 胯	苦瓜	溪麻合二平	khwae	kʰwrˤa	
于	WA	跨 骻 㡁 銙	跨 骻 㡁 銙	苦瓦	溪麻合二上	khwaeq		
于	WA	跨 胯	跨 胯	苦化	溪麻合二去	khwaeh		
于	WA	鄠 𪄮 洿 𡜂	鄠 𪄮 洿 𡜂	侯古	匣模一上	ghoq	wˤaʔ	
于	WA	瓠	瓠	胡誤	匣模一去	ghoh	wˤah	
于	WA	釫	釫	戸花	匣麻合二平	ghwae		
于	WA	恗	恗	荒烏	曉模一平	ho		
于	WA	𧪮	𧪮	呼瓜	曉麻合二平	hwae		
于	WA	鮬 𩢕 <𩣔>	鮬 𩢕 𩣔	薄故	並模一去	boh		·鮬，《廣韻》：「鮬，魚名。」·𩢕，《玉篇》音步；《王三》薄故反；《廣韻》薄故切。
于	WA	紆 䩒 陓 扜 迂 䣿 㝼 虶	紆 䩒 陓 扜 迂 䣿 㝼 虶	憶俱	影虞合三平	quo	ʔw(r)a	
于	WA	迂	迂	於武	影虞合三上	quoq		
于	WA	訏 吁 雩 㽳 盱 𦀒 扜 𠌶 荂 𢖳 䣿 旴 䩒 㰭	訏 吁 雩 㽳 盱 𦀒 扜 𠌶 荂 𢖳 䣿 旴 䩒 㰭	況于	曉虞合三平	huo	w̥(r)a	
于	WA	𦀒 冔	𦀒 冔	況羽	曉虞合三上	huoq	w̥(r)aʔ	
于	WA	于 迂 盂 邘 雩 𦏴 竽 玗 芋 汙 䣿 杅 釪 𧘘 骬 𠌶 謣 䩒 䢓 𦱃	于 迂 盂 邘 雩 𦏴 竽 玗 芋 汙 䣿 杅 釪 𧘘 骬 𠌶 謣 䩒 䢓 𦱃	羽俱	云虞合三平	uo	w(r)a	
于	WA	宇	宇	王矩	云虞合三上	uoq	w(r)aʔ	
于	WA	芋 吁	芋 吁	王遇	云虞合三去	uoh	w(r)ah	
于	WA	粵	粵	王伐	云月合三入	uot	wat	·粵，「粵」即古「𩁹(雩)」字之流變（說見：王國維《毛公鼎銘考釋》），楚簡屢以「𩁹」爲越公之｛越｝，是其證。
于	WA	虧	虧	去爲	溪支合三B平	khue	kʰw(r)ai	·虧，鄭張《上古音系》謂「于」亦聲。
于	WA	䵦	䵦	徐野	邪麻開三上	ziaeq		
于	WA	荂	荂	芳無	滂虞三平	phuo		·荂，《爾雅》：「華，荂也。」郭璞注：「今江東呼華爲荂，音敷。」《方言》：「齊、楚之閒，或謂之華，或謂之荂。」
羽	WA	詡 栩 珝 祤	詡 栩 珝 祤	況羽	曉虞合三上	huoq	w̥(r)aʔ	
羽	WA	羽 祤 栩 䣁	羽 祤 栩 䣁	王矩	云虞合三上	uoq	w(r)aʔ	
羽	WA	羽 䨒	羽 䨒	王遇	云虞合三去	uoh	w(r)ah	
羽	WA	𩢳 翵	𩢳 翵	其俱	羣虞合三平	guo		
雨	WA	雨	雨	王矩	云虞合三上	uoq	w(r)aʔ	
雨	WA	雨	雨	王遇	云虞合三去	uoh	w(r)ah	
禹	WA	踽 萭 聥 楀	踽 萭 聥 楀	俱雨	見虞合三上	kuoq		
禹	WA	齲 踽	齲 踽	驅雨	溪虞合三上	khuoq		
禹	WA	禹 㝢 瑀 鄅 楀 萭 聥 䨞	禹 㝢 瑀 鄅 楀 萭 聥 䨞	王矩	云虞合三上	uoq	w(r)aʔ	
戶	WA	顧 頋 雇	顧 頋 雇	古暮	見模一去	koh	kwˤah	
戶	WA	戶 扈 帍 昈 𡻮 雇 𩿇 戽 滬 簄	戶 扈 帍 昈 𡻮 雇 𩿇 戽 滬 簄	侯古	匣模一上	ghoq	ɡwˤaʔ	·戶，古音在云組魚部，參考：張富海《據古文字確定幾個魚部一等字的開合》。
戶	WA	䋀	䋀	胡瓦	匣麻合二上	ghwaeq	ɡwrˤaʔ	
戶	WA	戽	戽	呼古	曉模一上	hoq		
戶	WA	戽	戽	荒故	曉模一去	hoh	w̥ˤah	
戶	WA	𥾩 <䋀>	𥾩 䋀	牀史	俟之開三上	zryq		·𥾩，《廣韻》：「𥾩，繩履。」周祖謨校釋：「此字當爲䋀之訛。原本《玉篇》殘卷：『䋀，胡瓦反。』引《說文》云：『一曰素絲繩履也。』今本《說文》作『青絲頭履』。」《說文》：「䋀，履也。一曰青絲頭履也。讀若阡陌之陌。从糸、戶聲。」
𪟊	WA	寡	寡	古瓦	見麻合二上	kwaeq	kwrˤaʔ	·寡，《說文》：「寡，少也。从宀从頒。頒，分賦也，故爲少。」其說曲折，不可信。古文字「𪟊」象人回頭之形，爲｛顧｝*kwˤas的表意字，說見：金國泰《釋“顧”、“寡”》、黃德寬《關於古代漢字字際關係的確定——以“顧”及相關字爲例》、林宏佳《釋“顧”——兼說“寡”》。「寡」即以「𪟊(顧)」爲聲符。
㐄	—	𡕒	𡕒	苦瓦	溪麻合二上	khwaeq		
㐄	—	㐄	㐄	苦化	溪麻合二去	khwaeh		·㐄，《說文》：「𡕒，跨步也。从反夂。𩰫从此。」《廣韻》：「跨步。又口化切。」這個字形實際記錄了｛跨｝這個詞。
光	WAŊ	洸	洸	烏光	影唐合一平	qwang	ʔwˤaŋ	
光	WAŊ	光 灮 洸 桄 胱 垙 輄 恍 茪 侊	光 灮 洸 桄 胱 垙 輄 恍 茪 侊	古黃	見唐合一平	kwang	kwˤaŋ	
光	WAŊ	桄 光	桄 光	古曠	見唐合一去	kwangh	kwˤaŋh	
光	WAŊ	觥 侊	觥 侊	古橫	見庚合二平	kwaeng	kwrˤaŋ	
光	WAŊ	駫	駫	古螢	見青合四平	kweng	kwˤeŋ	·駫，馬肥壯盛皃。《說文》：「駫，馬盛肥也。从馬、光聲。《詩》曰：『四牡駫駫。』」段玉裁注：「各本作『四牡駫駫』。陸氏德明所見作『駫駫牡馬』。按卽《魯頌》之『駉駉牡馬』也。『駉駉牡馬』古本作『牧馬』。《傳》言牧之坰野，自當是牧字。《周禮》『凡馬，特居四之一。』又不當云良馬有騭無騲也。《詩·釋文》曰：『駉，古熒反。《說文》作驍、又作駫、同。』『作驍又』三字當刪。云『《說文》作駫、同』。《玉篇》亦曰：『駫，古熒切。駉同。』則知《說文》作『駫駫牧馬』、而讀古熒反。十部十一部之音轉也。以今攷之。實則《毛詩》作『駫駫』，許偁『駫駫』，而後人譌亂作『駉駉』。陸所見《說文》不誤，今本說文則誤甚耳。《毛傳》曰：『駫駫、良馬腹榦肥張也。』許言『肥盛』，卽腹榦肥張。」按段玉裁指出《釋文》引《說文》作「驍」非，至確，《說文解字註》「驍」字下云：「按堯聲、冋聲之類相去甚遠。無由相涉。《大雅·崧高》『四牡蹻蹻』傳云：『蹻蹻、壯皃。』《魯頌·泮水》傳云：『蹻蹻、言彊盛也。』葢古本《說文》堯聲下有『《詩》曰：四牡驍驍』六字。乃《崧高》之異文。或轉寫譌作『驍驍牡馬』。而陸氏乃有《駉》《說文》作『驍』之語矣。」然「光」聲、「冋」聲于韻部亦遠，音不可通，待考。
光	WAŊ	䯑	䯑	苦光	溪唐合一平	khwang		
光	WAŊ	晃 幌 榥 滉 皝	晃 幌 榥 滉 皝	胡廣	匣唐合一上	ghwangq	wˤaŋʔ	
光	WAŊ	䁜	䁜	呼晃	曉唐合一上	hwangq		
臩	WAŊ	𥉁	𥉁	古迥	見青合四上	kwengq		
臩	WAŊ	𥉁	𥉁	苦礦	溪庚合二上	khwaengq		
臩	WAŊ	臩	臩	俱往	見陽合三上	kuangq	kwaŋʔ	
臩	WAŊ	臦	臦	居況	見陽合三去	kuangh		
臩	WAŊ	臩	臩	俱永	見庚合三B上	kuaengq	kwraŋʔ	
皇	WAŊ	諻 喤	諻 喤	虎橫	曉庚合二平	hwaeng	w̥rˤaŋ	
皇	WAŊ	皇 惶 遑 堭 煌 餭 騜 艎 隍 湟 徨 篁 蝗 凰 偟 媓 韹 𨜔 䅣 葟	皇 惶 遑 堭 煌 餭 騜 艎 隍 湟 徨 篁 蝗 凰 偟 媓 韹 𨜔 䅣 葟	胡光	匣唐合一平	ghwang	wˤaŋ	
皇	WAŊ	蝗 瑝 喤 鍠 䄓	蝗 瑝 喤 鍠 䄓	戸盲	匣庚合二平	ghwaeng	wrˤaŋ	
皇	WAŊ	蝗	蝗	戸孟	匣庚合二去	ghwaengh	wrˤaŋh	
皇	WAŊ	揘	揘	永兵	云庚合三B平	uaeng	wraŋ	
黃	WAŊ	瀇	瀇	烏晃	影唐合一上	qwangq	ʔwˤaŋʔ	
黃	WAŊ	䤑	䤑	烏浪	影唐合一去	qwangh		
黃	WAŊ	𨎩 橫 𩧉 僙	𨎩 橫 𩧉 僙	古黃	見唐合一平	kwang	kwˤaŋ	
黃	WAŊ	廣 鄺	廣 鄺	古晃	見唐合一上	kwangq	kwˤaŋʔ	
黃	WAŊ	觵	觵	古橫	見庚合二平	kwaeng	kwrˤaŋ	
黃	WAŊ	礦 鑛 𨥥 𪍿 䵃 獷 穬	礦 鑛 𨥥 𪍿 䵃 獷 穬	古猛	見庚合二上	kwaengq	kwrˤaŋʔ	
黃	WAŊ	彉 彍 𦘅	彉 彍 𦘅	古博	見鐸合一入	kwak	kwˤak	
黃	WAŊ	懬 爌	懬 爌	丘晃	溪唐合一上	khwangq	kʰwˤaŋʔ	
黃	WAŊ	曠 爌 矌 壙 纊	曠 爌 矌 壙 纊	苦謗	溪唐合一去	khwangh	kʰwˤaŋh	
黃	WAŊ	懬	懬	苦朗	溪唐開一上	khangq		
黃	WAŊ	𠠎	𠠎	苦郭	溪鐸合一入	khwak	kʰwˤak	
黃	WAŊ	𠠎	𠠎	丘擭	溪陌合二入	khwaek	kʰwrˤak	
黃	WAŊ	鄺	鄺	呼光	曉唐合一平	hwang		
黃	WAŊ	爌	爌	呼晃	曉唐合一上	hwangq	w̥ˤaŋʔ	
黃	WAŊ	嚝	嚝	虎橫	曉庚合二平	hwaeng		
黃	WAŊ	彉 彍	彉 彍	虚郭	曉鐸合一入	hwak	w̥ˤak	
黃	WAŊ	黃 璜 潢 簧 癀 𨝴 鱑 獚 蟥 趪	黃 璜 潢 簧 癀 𨝴 鱑 獚 蟥 趪	胡光	匣唐合一平	ghwang	wˤaŋ	
黃	WAŊ	櫎	櫎	胡廣	匣唐合一上	ghwangq	wˤaŋʔ	
黃	WAŊ	擴 潢	擴 潢	乎曠	匣唐合一去	ghwangh	wˤaŋh	
黃	WAŊ	橫 黌 鐄 䬝 㶇 𧝒 𤮏 𪏓 韹	橫 黌 鐄 䬝 㶇 𧝒 𤮏 𪏓 韹	戸盲	匣庚合二平	ghwaeng	wrˤaŋ	
黃	WAŊ	㶇 橫	㶇 橫	戸孟	匣庚合二去	ghwaengh	wrˤaŋh	
黃	WAŊ	獷	獷	居往	見陽合三上	kuangq	kwaŋʔ	
王	WAŊ	汪 尪 𪁘	汪 尪 𪁘	烏光	影唐合一平	qwang	ʔwˤaŋ	
王	WAŊ	㳹	㳹	烏晃	影唐合一上	qwangq		
王	WAŊ	汪	汪	烏浪	影唐合一去	qwangh	ʔwˤaŋh	
王	WAŊ	䍿 𤯷 <𦨁>	䍿 𤯷 𦨁	胡光	匣唐合一平	ghwang	wˤaŋ	·𤯷，《說文》：「𤰀，華榮也。从舜、生聲。讀若皇。《爾雅》曰：『𤰀，華也。』」段玉裁注：「从䑞。㞷聲。㞷見㞢部。形聲包會意。各本譌生。則非聲。大徐本篆文右半譌生。非也。」
王	WAŊ	暀	暀	乎曠	匣唐合一去	ghwangh	wˤaŋh	
王	WAŊ	枉 𢼟 𣢫 汪	枉 𢼟 𣢫 汪	紆往	影陽合三上	quangq	ʔwaŋʔ	
王	WAŊ	迋 逛	迋 逛	俱往	見陽合三上	kuangq	kwaŋʔ	
王	WAŊ	誑 㤮 俇	誑 㤮 俇	居況	見陽合三去	kuangh	kwaŋh	
王	WAŊ	匡 邼 筐 䖱 框 恇 劻 𩬹 洭 軭 眶 䒰 𩢼	匡 邼 筐 䖱 框 恇 劻 𩬹 洭 軭 眶 䒰 𩢼	去王	溪陽合三平	khuang	kʰwaŋ	
王	WAŊ	狂 軖 軭 鵟 㞷	狂 軖 軭 鵟 㞷	巨王	羣陽合三平	guang	ɡwaŋ	
王	WAŊ	俇	俇	求往	羣陽合三上	guangq		
王	WAŊ	狂 誆	狂 誆	渠放	羣陽合三去	guangh	ɡwaŋh	
王	WAŊ	王 蚟 𩵭 彺	王 蚟 𩵭 彺	雨方	云陽合三平	uang	waŋ	
王	WAŊ	往 暀	往 暀	于兩	云陽合三上	uangq	waŋʔ	
王	WAŊ	迋 旺 暀 㤮 王	迋 旺 暀 㤮 王	于放	云陽合三去	uangh	waŋh	
兄	WAŊ	怳	怳	許昉	曉陽合三上	huangq	w̥aŋʔ	
兄	WAŊ	況 况 𣍦 貺	況 况 𣍦 貺	許訪	曉陽合三去	huangh	w̥aŋh	
兄	WAŊ	兄	兄	許榮	曉庚合三B平	huaeng	w̥raŋ	
兄	WAŊ	𦬺	𦬺	許永	曉庚合三B上	huaengq		
永	WAŊ	永 栐	永 栐	于憬	云庚合三B上	uaengq	wraŋʔ	
永	WAŊ	詠 咏 泳	詠 咏 泳	爲命	云庚合三B去	uaengh	wraŋh	
尢	WAŊ	尢 尪	尢 尪	烏光	影唐合一平	qwang	ʔwˤaŋ	·尢，《說文》：「尢，𤿑曲脛也。从大，象偏曲之形。凡尢之屬皆从尢。𡯪(尪)，古文从𡉚。」
𩫖¹	WAK	郭 𩫏 𨟍 崞 椁 槨 埻	郭 𩫏 𨟍 崞 椁 槨 埻	古博	見鐸合一入	kwak	kwˤak	·𩫖，古文字「𩫖」一形多用有兩類讀音：①云組鐸部WAK，爲“城郭”之｛郭｝*kwˤak的表意字；②以組東部LOŊ，是“城墉”之｛墉｝*loŋ的表意字。
𩫖¹	WAK	埻	埻	古獲	見麥合二入	kweek	kwrˤək	
𩫖¹	WAK	廓 鞹 漷 噋	廓 鞹 漷 噋	苦郭	溪鐸合一入	khwak	kʰwˤak	
𩫖¹	WAK	霩 䁨	霩 䁨	虚郭	曉鐸合一入	hwak	w̥ˤak	
𩫖¹	WAK	漷	漷	虎伯	曉陌合二入	hwaek	w̥rˤak	
虢	WAK	虢 㶁 𧭣 唬	虢 㶁 𧭣 唬	古伯	見陌合二入	kwaek	kwrˤak	·唬，「虢」省聲。
虢	WAK	謋 諕	謋 諕	虎伯	曉陌合二入	hwaek	w̥rˤak	·諕，此字音合口陌韻，非「虎」聲，疑爲「虢」省聲。又作「謋」。·謋，可能是从「磔」省（或徑从「桀」）、「諕」省聲，《莊子》「謋然已解」成玄英疏：「謋然，骨肉離之聲也。」是「謋」有“分離”義，該詞與訓“裂”之｛捇｝同源，「磔」亦有“裂”義，故「謋」可以「磔」省爲義符。此省之又省，頗爲怪異，備此待考。
蒦	WAK	雘 蠖 𩟓 臒 鸌 嬳	雘 蠖 𩟓 臒 鸌 嬳	烏郭	影鐸合一入	qwak	ʔwˤak	
蒦	WAK	擭 濩 彠 䪝 㠛	擭 濩 彠 䪝 㠛	一虢	影陌合二入	qwaek	ʔwrˤak	
蒦	WAK	䪝	䪝	乙白	影陌合二入	qwaek		
蒦	WAK	劐	劐	虚郭	曉鐸合一入	hwak	w̥ˤak	
蒦	WAK	穫 鑊 㦜 檴 𤐰 濩 擭 䨥 𤻙 𢋒	穫 鑊 㦜 檴 𤐰 濩 擭 䨥 𤻙 𢋒	胡郭	匣鐸合一入	ghwak	wˤak	
蒦	WAK	護 頀 濩 䨼 韄 鱯 擭	護 頀 濩 䨼 韄 鱯 擭	胡誤	匣模一去	ghoh	wˤakh	
蒦	WAK	嚄	嚄	胡伯	匣陌合二入	ghwaek		
蒦	WAK	鱯 檴	鱯 檴	胡化	匣麻合二去	ghwaeh	wrˤakh	
蒦	WAK	獲 鱯 彠	獲 鱯 彠	胡麥	匣麥合二入	ghweek		
蒦	WAK	瓁	瓁	五郭	疑鐸合一入	ngwak		
蒦	WAK	𥖪	𥖪	力摘	來麥開二入	leek		·𥖪，《廣韻》：「𥖪礋，打草田器。出《字林》。」聲母與字形不合，待考。
蒦	WAK	𧾛	𧾛	求獲	羣麥合二入	*gweek		
蒦	WAK	嬳 彠 臒	嬳 彠 臒	憂縛	影藥合三入	quak	ʔwak	
霍	WAK	籗	籗	苦郭	溪鐸合一入	khwak	kʰwˤak	
霍	WAK	霍 靃 藿 矐 攉 瀖 癨	霍 靃 藿 矐 攉 瀖 癨	虚郭	曉鐸合一入	hwak	w̥ˤak	
霍	WAK	矐	矐	呵各	曉鐸開一入	hak		
霍	WAK	𦒧	𦒧	虎伯	曉陌合二入	hwaek		
化	WAI	貨	貨	呼臥	曉歌合一去	hwah	w̥ˤaih	
化	WAI	花	花	呼瓜	曉麻合二平	hwae		
化	WAI	化 𠤎 𩲏 𩵏 杹	化 𠤎 𩲏 𩵏 杹	呼霸	曉麻合二去	hwaeh	w̥rˤaih	
化	WAI	訛 吪 鈋 囮 魤	訛 吪 鈋 囮 魤	五禾	疑歌合一平	ngwa	ŋwˤai	
化	WAI	𣢉	𣢉	五瓜	疑麻合二平	ngwae		
化	WAI	靴 𢪎 㗾	靴 𢪎 㗾	許𦚢	曉歌合三平	hua		
爲	WAI	䦱	䦱	苦緺	溪佳合二平	khwee		
爲	WAI	譌	譌	五禾	疑歌合一平	ngwa	ŋwˤai	
爲	WAI	㺔	㺔	呼艾	曉泰開一去	hajh		
爲	WAI	蟡	蟡	於爲	影支合三B平	que	ʔw(r)ai	
爲	WAI	嬀 潙	嬀 潙	居爲	見支合三B平	kue	kw(r)ai	
爲	WAI	䞈	䞈	詭僞	見支合三B去	kueh	kw(r)aih	
爲	WAI	爲 為 潙 䧦 鄬 𩻟	爲 為 潙 䧦 鄬 𩻟	薳支	云支合三B平	ue	w(r)ai	
爲	WAI	蔿 鄬 儰 䧦 蘤 𤺉 䦱 寪	蔿 鄬 儰 䧦 蘤 𤺉 䦱 寪	韋委	云支合三B上	ueq	w(r)aiʔ	
爲	WAI	爲	爲	于僞	云支合三B去	ueh	w(r)aih	
爲	WAI	噅 撝 𩻟 䧦	噅 撝 𩻟 䧦	許爲	曉支合三B平	hue	w̥(r)ai	
爲	WAI	僞	僞	危睡	疑支合三B去	ngueh		
毀	WAI	毀 燬 檓 毇 𥶵 譭 㩓 𡢕	毀 燬 檓 毇 𥶵 譭 㩓 𡢕	許委	曉支合三B上	hueq	w̥(r)aiʔ	
毀	WAI	毀	毀	況僞	曉支合三B去	hueh	w̥(r)aih	
毀	WAI	𥽂 𧝷	𥽂 𧝷	丘畏	溪微合三去	khujh		
咼	WAI	濄 渦 𡑟	濄 渦 𡑟	烏禾	影歌合一平	qwa		
咼	WAI	過 渦 鍋 𨍋 楇 瘑 㗻 緺 堝 𧒖	過 渦 鍋 𨍋 楇 瘑 㗻 緺 堝 𧒖	古禾	見歌合一平	kwa	kwˤai	
咼	WAI	鐹	鐹	古火	見歌合一上	kwaq		
咼	WAI	過 鐹 𧒖 𩟂	過 鐹 𧒖 𩟂	古卧	見歌合一去	kwah	kwˤaih	
咼	WAI	媧 緺 腡 蝸 騧 歄	媧 緺 腡 蝸 騧 歄	古娃	見佳合二平	kwee	kwrˤai	
咼	WAI	柺	柺	乖買	見佳合二上	kweeq		·柺，《廣韻》：「柺，老人柱杖也。」又古瓦切有「𣑍」字：「𣑍，老人柱杖。」疑「柺」之「另」爲「冎」之訛形。
咼	WAI	騧 緺 蝸 媧	騧 緺 蝸 媧	古華	見麻合二平	kwae		
咼	WAI	冎 剮 𣑍 𠊰 䈑 𧤐	冎 剮 𣑍 𠊰 䈑 𧤐	古瓦	見麻合二上	kwaeq		
咼	WAI	薖 簻 𠏀	薖 簻 𠏀	苦禾	溪歌合一平	khwa		
咼	WAI	咼 喎	咼 喎	苦緺	溪佳合二平	khwee		
咼	WAI	䯞	䯞	苦瓜	溪麻合二平	khwae		
咼	WAI	㗻	㗻	戸戈	匣歌合一平	ghwa		
咼	WAI	禍 𥚁 𡖿 𣄸 𨘌	禍 𥚁 𡖿 𣄸 𨘌	胡果	匣歌合一上	ghwaq		
咼	WAI	箉 拐	箉 拐	求蟹	羣佳開二上	*geeq		
咼	WAI	諣	諣	呼卦	曉佳合二去	hweeh		
咼	WAI	諣	諣	呼霸	曉麻合二去	hwaeh		
咼	WAI	檛 簻 膼	檛 簻 膼	陟瓜	知麻合二平	trwae		
咼	WAI	碢	碢	徒和	定歌合一平	dwa		
咼	WAI	腡	腡	落戈	來歌合一平	lwa		
咼	WƏT	䯉	䯉	烏沒	影沒合一入	qot		
咼	WƏT	䯉 嗗	䯉 嗗	烏八	影黠合二入	qweet		
咼	WƏT	骨 縎 鶻 滑 䮩 愲 蓇 尳 㾶 榾	骨 縎 鶻 滑 䮩 愲 蓇 尳 㾶 榾	古忽	見沒合一入	kot	kwˤət	
咼	WƏT	顝 䯇	顝 䯇	苦骨	溪沒合一入	khot		
咼	WƏT	顝	顝	苦回	溪灰合一平	khoj		·顝，《說文》：「顝，大頭也。从頁，骨聲。讀若魁。」
咼	WƏT	顝	顝	口猥	溪灰合一上	khojq		
咼	WƏT	䯇	䯇	口滑	溪黠合二入	khweet		
咼	WƏT	搰 𣝗 鶻 尳 𡰅 滑	搰 𣝗 鶻 尳 𡰅 滑	戸骨	匣沒合一入	ghot	wˤət	
咼	WƏT	滑 猾 䱻 磆 螖 𧽌 鶻	滑 猾 䱻 磆 螖 𧽌 鶻	戸八	匣黠合二入	ghweet	wrˤət	
咼	WƏT	𩪲	𩪲	胡八	匣黠開二入	gheet		
官	WAN	婠	婠	一丸	影寒合一平	qwan	ʔwˤan	
官	WAN	捾	捾	烏括	影末合一入	qwat		
官	WAN	綰	綰	烏板	影刪合二上	qwaenq		
官	WAN	綰 𩈬	綰 𩈬	烏患	影刪合二去	qwaenh		
官	WAN	婠	婠	烏八	影黠合二入	qweet		
官	WAN	官 悹 棺 涫 倌	官 悹 棺 涫 倌	古丸	見寒合一平	kwan	kwˤan	
官	WAN	管 輨 琯 痯 悹 䩪 錧 䗆 䘾	管 輨 琯 痯 悹 䩪 錧 䗆 䘾	古滿	見寒合一上	kwanq	kwˤanʔ	
官	WAN	館 痯 錧 涫 悹 悺 棺 婠 䘾	館 痯 錧 涫 悹 悺 棺 婠 䘾	古玩	見寒合一去	kwanh	kwˤanh	
官	WAN	琯	琯	古困	見魂合一去	konh		
官	WAN	𠴨	𠴨	古還	見刪合二平	kwaen		
官	WAN	菅	菅	古顔	見刪開二平	kaen		
官	WAN	倌	倌	古患	見刪合二去	kwaenh		
官	WAN	逭	逭	胡玩	匣寒合一去	ghwanh	ɡwˤanh	
宦	WAN	宦	宦	胡慣	匣刪合二去	ghwaenh	wrˤanh	
奐	WAN	喚 煥 奐 渙 𥈉	喚 煥 奐 渙 𥈉	火貫	曉寒合一去	hwanh	w̥ˤanh	
奐	WAN	渙	渙	呼會	曉泰合一去	hwajh		
奐	WAN	寏	寏	胡官	匣寒合一平	ghwan	wˤan	
奐	WAN	換	換	胡玩	匣寒合一去	ghwanh	wˤanh	
萈	WAN	寬 髖	寬 髖	苦官	溪寒合一平	khwan	kʰwˤan	
萈	WAN	臗 髖	臗 髖	苦昆	溪魂合一平	khon	kʰwˤən	
萈	WAN	𡅽	𡅽	火貫	曉寒合一去	hwanh	w̥ˤanh	
萈	WAN	𡅽	𡅽	呼旰	曉寒開一去	hanh		
萈	WAN	𦏊 萈	𦏊 萈	胡官	匣寒合一平	ghwan	wˤan	
亘	WAN	貆	貆	呼官	曉寒合一平	hwan	w̥ˤan	
亘	WAN	桓 洹 絙 荁 貆 狟 峘	桓 洹 絙 荁 貆 狟 峘	胡官	匣寒合一平	ghwan	wˤan	
亘	WAN	暄 萱 䳦 貆 喧 諠 翧 䚙 蝖	暄 萱 䳦 貆 喧 諠 翧 䚙 蝖	況袁	曉元合三平	huon	w̥an	
亘	WAN	暅 咺 烜 愃	暅 咺 烜 愃	况晚	曉元合三上	huonq	w̥anʔ	
亘	WAN	楦 𩋢	楦 𩋢	虚願	曉元合三去	huonh		
亘	WAN	烜	烜	許委	曉支合三B上	hueq	w̥(r)aiʔ	
亘	WAN	垣 𩫧 洹 𧻚	垣 𩫧 洹 𧻚	雨元	云元合三平	uon	wan	
亘	WAN	宣 揎 䳦 愃 瑄 𩤡	宣 揎 䳦 愃 瑄 𩤡	須緣	心仙合三平	swien	ʍan	
亘	WAN	渲	渲	息眷	心仙合三去	swienh		
雈	WAN	觀	觀	古丸	見寒合一平	kwan	kwˤan	
雈	WAN	矔 瓘 罐 𤼐 灌 雚 鸛 懽 爟 觀	矔 瓘 罐 𤼐 灌 雚 鸛 懽 爟 觀	古玩	見寒合一去	kwanh	kwˤanh	
雈	WAN	矔	矔	古患	見刪合二去	kwaenh	kwrˤanh	
雈	WAN	歡 懽 驩 貛 𪈩 酄 獾 𡚊 讙	歡 懽 驩 貛 𪈩 酄 獾 𡚊 讙	呼官	曉寒合一平	hwan	w̥ˤan	
雈	WAN	嚾	嚾	火貫	曉寒合一去	hwanh	w̥ˤanh	
雈	WAN	𦻃 雈	𦻃 雈	胡官	匣寒合一平	ghwan	wˤan	·雈，殷商甲骨文中的「雈」有云組元部WAN和云組之部WƏ兩類讀音，後分化有「雚」與「舊」兩個聲系（參考：王子楊《甲骨文字形的類組差異研究》）。兩類「雈」應該來源於不同鳥形的混同。
雈	WAN	𩁧	𩁧	胡玩	匣寒合一去	ghwanh		
雈	WAN	虇	虇	去阮	溪元合三上	khuonq	kʰwanʔ	
雈	WAN	勸 虇	勸 虇	去願	溪元合三去	khuonh	kʰwanh	
雈	WAN	權 顴 孉 䠰 蠸 𪈻 𢑆 䟒 䑏	權 顴 孉 䠰 蠸 𪈻 𢑆 䟒 䑏	巨員	羣仙合三B平	guen	ɡwran	
雈	WAN	𡰝	𡰝	丁全	匣仙合三B平	**		·𡰝，《廣韻》：「𡰝，行不正皃。丁全切。一。」頗疑反切上字本作「丅」，誤識爲「丁」，遂誤讀端母；本下全切，折合到切韻音系爲匣母三等，于韻例不合。
雈	WAN	𡰝	𡰝	跪頑	羣山合二平	*gween		
雈	WAN	吅 讙 䚭	吅 讙 䚭	況袁	曉元合三平	huon	w̥an	·吅，傳統小學家一般以爲「讙」之異體，从二「口」會意。《說文》：「吅，驚嘑也。从二口。凡吅之屬皆从吅。讀若讙。」原本《玉篇》：「吅，詡煩反。《說文》：『驚呼也。』《聲類》：『此古文讙字也。』」從古文字材料看，「雚」本「雈」聲，其二「口」是分化符號或義符；傳世「吅」字是自「雚」上剝離產生的。
爰	WAN	緩 㬊 䁔 𧡩 鰀 嵈 䈠	緩 㬊 䁔 𧡩 鰀 嵈 䈠	胡管	匣寒合一上	ghwanq	wˤanʔ	
爰	WAN	鍰	鍰	戸關	匣刪合二平	ghwaen		
爰	WAN	湲	湲	獲頑	匣山合二平	ghween		
爰	WAN	喛	喛	火貫	曉寒合一去	hwanh		
爰	WAN	𤲫	𤲫	吐緩	透寒合一上	thwanq		
爰	WAN	煖 喛 䁔 諼 愋	煖 喛 䁔 諼 愋	況袁	曉元合三平	huon	w̥an	
爰	WAN	䁔 𧡩 諼	䁔 𧡩 諼	况晚	曉元合三上	huonq		
爰	WAN	楥	楥	虚願	曉元合三去	huonh		
爰	WAN	爰 援 鶢 媛 蝯 猨	爰 援 鶢 媛 蝯 猨	雨元	云元合三平	uon	wan	
爰	WAN	𩔃	𩔃	雲阮	云元合三上	uonq		
爰	WAN	湲	湲	王權	云仙合三B平	uen		
爰	WAN	瑗 援 媛 褑	瑗 援 媛 褑	王眷	云仙合三B去	uenh	wranh	
原	WAN	羱	羱	五丸	疑寒合一平	ngwan	ŋwˤan	
原	WAN	豲	豲	胡官	匣寒合一平	ghwan	wˤan	
原	WAN	原 源 厵 嫄 騵 羱 𧔞 榞 謜 㹉 獂 蒝	原 源 厵 嫄 騵 羱 𧔞 榞 謜 㹉 獂 蒝	愚袁	疑元合三平	nguon	ŋwan	
邍	WAN	𨙅	𨙅	愚袁	疑元合三平	nguon	ŋwan	
夗	WAN	䴟 𩾞 丸 紈 汍 芄 㿪 䎠	䴟 𩾞 丸 紈 汍 芄 㿪 䎠	胡官	匣寒合一平	ghwan	wˤan	
夗	WAN	肒 䀓 𤴯	肒 䀓 𤴯	胡玩	匣寒合一去	ghwanh		
夗	WAN	涴	涴	烏臥	影歌合一去	qwah		
夗	WAN	剜 眢 豌 蜿 帵	剜 眢 豌 蜿 帵	一丸	影寒合一平	qwan	ʔwˤan	
夗	WAN	椀 盌 䝹	椀 盌 䝹	烏管	影寒合一上	qwanq	ʔwˤanʔ	
夗	WAN	惋 腕 捥 睕 琬	惋 腕 捥 睕 琬	烏貫	影寒合一去	qwanh	ʔwˤanh	
夗	WAN	鴛	鴛	烏渾	影魂合一平	qon		
夗	WAN	焥 䩊 睕	焥 䩊 睕	烏括	影末合一入	qwat		
夗	WAN	䡝	䡝	於云	影文合三平	qun		
夗	WAN	䡝	䡝	於粉	影文合三上	qunq		
夗	WAN	𩚴 黦 菀	𩚴 黦 菀	紆物	影物合三入	qut		
夗	WAN	鴛 㠾 鵷 惌 宛 蜿 怨 葾 䡝 䩩 眢	鴛 㠾 鵷 惌 宛 蜿 怨 葾 䡝 䩩 眢	於袁	影元合三平	quon	ʔwan	
夗	WAN	婉 菀 苑 踠 蜿 䖤 畹 琬 宛 惌 倇 䩩 𩌑 䘼 夗 𩎺 晼 睕 𤗍 䛄	婉 菀 苑 踠 蜿 䖤 畹 琬 宛 惌 倇 䩩 𩌑 䘼 夗 𩎺 晼 睕 𤗍 䛄	於阮	影元合三上	quonq	ʔwanʔ	
夗	WAN	怨 䛄	怨 䛄	於願	影元合三去	quonh	ʔwanh	
夗	WAN	𩚴 黦	𩚴 黦	於月	影月合三入	quot	ʔwat	
夗	WAN	黦	黦	於歇	影月開三入	qyot		
夗	WAN	骫 𠷏	骫 𠷏	於詭	影支合三B上	queq		
夗	WAN	𠷏	𠷏	許委	曉支合三B上	hueq		
夗	WAN	𦺲	𦺲	市兖	常仙合三上	djwienq		·𦺲，《廣韻》市兗切；《集韻》豎兖切。
衛	WAT	躗 𣟉	躗 𣟉	火怪	曉皆合二去	hweejh		
衛	WAT	𨇙 𤜂	𨇙 𤜂	居衛	見祭合三B去	kuejh		
衛	WAT	𤜂	𤜂	渠穢	羣廢合三去	guojh		
衛	WAT	衛 𥶽 𧲝 𧲔 㦣 讆 𤜂	衛 𥶽 𧲝 𧲔 㦣 讆 𤜂	于歲	云祭合三B去	uejh	wrath	
衛	WAT	㦣	㦣	子例	云祭合三B去	uejh	wrath	·㦣，寐言，又作「躗」。「衛」聲字不得讀精母，葛信益謂反切上字「于」誤爲「子」字而讀子例切，《釋文》「躗」于例反不誤（說見：葛信益《廣韻叢考》1993年版P204），可從。
衛	WAT	㦣	㦣	魚祭	疑祭開三A去	ngiejh		
月	WAT	枂	枂	五活	疑末合一入	ngwat		
月	WAT	外	外	五會	疑泰合一去	ngwajh	ŋwˤath	·外，《說文》：「外，遠也。卜尚平旦，今夕卜，於事外矣。」其說非是。早期卜辭中，所作卜形之兆支朝內者讀｛卜｝pˤok，兆支朝外者讀｛外｝*ŋwˤath，字形方向有別。後漸不分其內外，故在「卜（外）」上加注「月」聲，分化作「外」字。說見：張玉春《說外》、姚萱《殷墟花園莊東地甲骨卜辭的初步研究》等。
月	WAT	刖	刖	五忽	疑沒合一入	ngot		
月	WAT	刖 䎳 㱚 䚴	刖 䎳 㱚 䚴	五刮	疑鎋合二入	ngwaet	ŋwrˤat	
月	WAT	月 刖 跀 抈 枂 鈅 玥 𦘹	月 刖 跀 抈 枂 鈅 玥 𦘹	魚厥	疑月合三入	nguot	ŋwat	
𠯑	WAT	𣁳	𣁳	烏括	影末合一入	qwat		
𠯑	WAT	𣁳	𣁳	烏八	影黠合二入	qweet		
𠯑	WAT	括 活 𣽅 髺 栝 聒 䒷 𦸈 鴰 萿 适 銛 佸 頢 葀 䯏 懖 𦗾 筈	括 活 𣽅 髺 栝 聒 䒷 𦸈 鴰 萿 适 銛 佸 頢 葀 䯏 懖 𦗾 筈	古活	見末合一入	kwat	kwˤat	
𠯑	WAT	刮 鴰 䄆 趏	刮 鴰 䄆 趏	古䫄	見鎋合二入	kwaet	kwrˤat	
𠯑	WAT	闊 蛞 筈 适 䟯 𤫵	闊 蛞 筈 适 䟯 𤫵	苦栝	溪末合一入	khwat	kʰwˤat	
𠯑	WAT	趏	趏	枯鎋	溪鎋開二入	khaet		
𠯑	WAT	活 𣽅 䄆 佸 秳 姡	活 𣽅 䄆 佸 秳 姡	戸括	匣末合一入	ghwat	wˤat	
𠯑	WAT	頢 𤁪 𦧠 敌 舌 (𠯑) 姡 咶	頢 𤁪 𦧠 敌 舌 𠯑 姡 咶	下刮	匣鎋合二入	ghwaet	wrˤat	·𠯑，《說文》：「𠯑，塞口也。从口，氒省聲。」其說不確，從古文字材料看，「𠯑」之上部與「氒」爲兩字。趙平安將傳世「𠯑」字與甲骨文所謂「⿱乇口」（于省吾《甲骨文字釋林》所釋，並讀爲｛磔｝）牽連，是以「𠯑」爲「乇」聲（說見：趙平安《續釋甲骨文中的“乇”、“⿱乇口”、“⿰礻⿱乇口”》）。然「𠯑」「乇」聲韻俱遠，于、趙二說不可兼存。甲骨文所謂「⿱乇口」待考。趙文釋《集成》03840首字爲「話」甚確，其所从乃一整體，是「𠯑」本整體表意字，似與甲骨文「⿱乇口」無涉。
𠯑	WAT	話	話	下快	匣夬合二去	ghwaejh	wrˤath	
𠯑	WAT	𣁳	𣁳	呼括	曉末合一入	hwat		
𠯑	WAT	𧱳 咶	𧱳 咶	火怪	曉皆合二去	hweejh		
𠯑	WAT	咶	咶	火夬	曉夬合二去	hwaejh		
𠯑	WAT	䀨	䀨	呼八	曉黠合二入	hweet		
𠯑	WAT	憩	憩	去例	溪祭開三B去	khyejh	kʰrath	
氒	WAT	氒	氒	居月	見月合三入	kuot	kwat	
欮	WAT	𡡕	𡡕	於月	影月合三入	quot		
欮	WAT	厥 蹶 𨇮 𧽸 𧼞 瘚 劂 蕨 蟨 蟩 橜 𥕲 𠢤 欮 撅 鱖	厥 蹶 𨇮 𧽸 𧼞 瘚 劂 蕨 蟨 蟩 橜 𥕲 𠢤 欮 撅 鱖	居月	見月合三入	kuot	kwat	·欮，《說文》：「瘚，屰气也。从疒、从屰、从欠。欮，瘚或省疒。」其說可疑。此字見於西周金文（見《集成》02780、03745），張世超等謂「欠」聲（說見：張世超等《金文形義通解》），「欠」聲不可信。未詳。
欮	WAT	蹶	蹶	紀劣	見薛合三B入	kuet	kwrat	
欮	WAT	鱖 蹶	鱖 蹶	居衛	見祭合三B去	kuejh	kwrath	
欮	WAT	厥	厥	九勿	見物合三入	kut		
欮	WAT	闕 㵐	闕 㵐	去月	溪月合三入	khuot	kʰwat	
欮	WAT	𧤼 鷢 橜 撅 蹶 憠 𨬐 𣖬 𩪜	𧤼 鷢 橜 撅 蹶 憠 𨬐 𣖬 𩪜	其月	羣月合三入	guot	ɡwat	
孓	WAT	孒	孒	居月	見月合三入	kuot	kwat	
孓	WAT	𠀔 孒	𠀔 孒	九勿	見物合三入	kut		
孓	WAT	孒	孒	居悚	見鍾三上	kuongq		·孒，《廣韻》：「孑孓，井中小蟲。〔居悚切〕」
巜	WAT	巜	巜	古外	見泰合一去	kwajh	kwˤath	
曰	WAT	汩	汩	古忽	見沒合一入	kot	kwˤət	
曰	WAT	𢪏	𢪏	戸骨	匣沒合一入	ghot		
曰	WAT	蚏 <蚎> 曰	蚏 蚎 曰	王伐	云月合三入	uot	wat	·蚏，當爲「蚎」之訛字。《玉篇》：「蚎，音曰。蟲名。」
曰	WAT	䫻 𡿯 汩	䫻 𡿯 汩	于筆	云質合三B入	uit	wrat	
曰	WAT	欥	欥	夷質	以質開三入	jit		
曰	WAT	欥	欥	餘律	以質合三入	jwit		
戉	WAT	濊	濊	烏外	影泰合一去	qwajh		
戉	WAT	㧔 <⿰ 扌 戉>	㧔 ⿰ 扌 戉	古壞	見皆合二去	kweejh		·㧔，吵擾。古壞切之音與「戊」聲字形不合，疑本「戉」聲；唐人不分怪夬，收入《怪韻》。
戉	WAT	奯 濊 𤃴 泧 眓	奯 濊 𤃴 泧 眓	呼括	曉末合一入	hwat	w̥ˤat	
戉	WAT	𧬨 噦 翽 鐬 濊	𧬨 噦 翽 鐬 濊	呼會	曉泰合一去	hwajh	w̥ˤath	
戉	WAT	越	越	戸括	匣末合一入	ghwat		
戉	WAT	噦	噦	於月	影月合三入	quot		
戉	WAT	噦	噦	乙劣	影薛合三B入	quet		
戉	WAT	穢 薉 濊 獩 饖 䮹	穢 薉 濊 獩 饖 䮹	於廢	影廢合三去	quojh	ʔwath	
戉	WAT	劌	劌	居衛	見祭合三B去	kuejh		
戉	WAT	顪	顪	許穢	曉廢合三去	huojh		
戉	WAT	䎀 怴 䬂	䎀 怴 䬂	許聿	曉質合三A入	hwit		
戉	WAT	䬂 䟠 泧 狘 䎀 㞽	䬂 䟠 泧 狘 䎀 㞽	許月	曉月合三入	huot	w̥at	
戉	WAT	越 𨒋 戉 鉞 䋐 樾 𥩡 𡛟 𣐋 𧊎 泧	越 𨒋 戉 鉞 䋐 樾 𥩡 𡛟 𣐋 𧊎 泧	王伐	云月合三入	uot	wat	
戉	WAT	歲	歲	相銳	心祭合三去	swiejh	ʍath	·歲，古文字从二「止」、「戉」聲。
亅	—	亅	亅	其月	羣月合三入	guot		
亅	—	𠄌	𠄌	居月	見月合三入	kuot		
曄	WAP	曄 曅 燁 爗 皣 瞱	曄 曅 燁 爗 皣 瞱	筠輒	云葉開三B入	yep	wrap	·曄，《說文》：「𣋌(曄)，光也。从日从𠌶。」
曄	WAP	曄	曄	爲立	云緝開三B入	yip		
匕	PI	匕 朼 疕	匕 朼 疕	卑履	幫脂三A上	piq	piʔ	
匕	PI	疕	疕	匹鄙	滂脂三B上	phyiq	pʰriʔ	
匕	PI	庀 疕	庀 疕	匹婢	滂支三A上	phieq		
匕	PI	牝	牝	扶履	並脂三A上	biq	biʔ	
匕	PI	牝	牝	毗忍	並真三A上	binq	binʔ	
比	PI	㡙 螕 𦱔 蓖 𦀘 篦 梐 𨻼 狴 鎞 悂	㡙 螕 𦱔 蓖 𦀘 篦 梐 𨻼 狴 鎞 悂	邊兮	幫齊四平	pej	pˤi	
比	PI	𤽊	𤽊	補米	幫齊四上	pejq		
比	PI	㔡	㔡	方結	幫屑四入	pet	pˤit	
比	PI	磇 𨻼 𪄆 批 鈚	磇 𨻼 𪄆 批 鈚	匹迷	滂齊四平	phej	pʰˤi	
比	PI	媲 䠘 𣹮 𠞇	媲 䠘 𣹮 𠞇	匹詣	滂齊四去	phejh	pʰˤih	
比	PI	膍 笓	膍 笓	部迷	並齊四平	bej	bˤi	
比	PI	陛 梐 䯗 㙄 𤙞 𠈺	陛 梐 䯗 㙄 𤙞 𠈺	傍禮	並齊四上	bejq	bˤiʔ	
比	PI	玭	玭	部田	並先四平	ben	bˤin	
比	PI	𢱧	𢱧	蒲結	並屑四入	bet	bˤit	
比	PI	妣 秕 比 䃾 沘 枇	妣 秕 比 䃾 沘 枇	卑履	幫脂三A上	piq	piʔ	
比	PI	庇 䃾 比	庇 䃾 比	必至	幫脂三A去	pih	pih	
比	PI	粊 䉾 𡛗	粊 䉾 𡛗	兵媚	幫脂三B去	pyih	prih	
比	PI	紕 𢻹 𦀘 𧧺 悂 𢞗	紕 𢻹 𦀘 𧧺 悂 𢞗	匹夷	滂脂三A平	phi	pʰi	
比	PI	屁	屁	匹寐	滂脂三A去	phih		
比	PI	𢻹	𢻹	匹鄙	滂脂三B上	phyiq	pʰriʔ	
比	PI	𤿎 <𢻹>	𤿎 𢻹	匹支	滂支三A平	phie		
比	PI	仳 䚹 吡	仳 䚹 吡	匹婢	滂支三A上	phieq		
比	PI	𣬈 毗 比 琵 㮰 芘 沘 貔 豼 膍 肶 蚍 𧖈 枇 仳 𨈚 魮 鈚 𦳈 𦊁 阰 𧑜	𣬈 毗 比 琵 㮰 芘 沘 貔 豼 膍 肶 蚍 𧖈 枇 仳 𨈚 魮 鈚 𦳈 𦊁 阰 𧑜	房脂	並脂三A平	bi	bi	
比	PI	比 枇 坒 䃾 芘	比 枇 坒 䃾 芘	毗至	並脂三A去	bih	bih	
比	PI	仳 𢁦 𢻹	仳 𢁦 𢻹	符鄙	並脂三B上	byiq	briʔ	
比	PI	比 坒 吡	比 坒 吡	毗必	並質三A入	bit	bit	
比	PI	玭	玭	符眞	並真三A平	bin	bin	
比	PI	𪌈 紕	𪌈 紕	符支	並支三A平	bie	be	
畀	PI	箅	箅	博計	幫齊四去	pejh	pˤih	
畀	PI	淠 濞	淠 濞	匹詣	滂齊四去	phejh	pʰˤih	
畀	PI	痹 畀	痹 畀	必至	幫脂三A去	pih	pih	
畀	PI	濞 嚊 䑄 淠 𦤢	濞 嚊 䑄 淠 𦤢	匹備	滂脂三B去	phyih	pʰrih	
畀	PI	鼻 襣 䫁 䑄	鼻 襣 䫁 䑄	毗至	並脂三A去	bih	bih	
畀	PI	䑄	䑄	平祕	並脂三B去	byih	brih	
奰	PI	㶔	㶔	蒲拜	並皆二去	beejh	brˤih	
奰	PI	㿙	㿙	匹備	滂脂三B去	phyih	pʰrih	
奰	PI	𡚤 奰 贔	𡚤 奰 贔	平祕	並脂三B去	byih	brih	·贔，爲「奰」之俗字。
瀕	PIN	頻 蘋 㰋 顰 𧭹 嚬 𦇖 𡤉	頻 蘋 㰋 顰 𧭹 嚬 𦇖 𡤉	符眞	並真三A平	bin	bin	
𡧍	PIN	蠙	蠙	部田	並先四平	ben	bˤin	
𡧍	PIN	賓 𧶉 濱 檳 䚔 顮 儐 鑌 矉 𩴱	賓 𧶉 濱 檳 䚔 顮 儐 鑌 矉 𩴱	必鄰	幫真三A平	pin	pin	
𡧍	PIN	儐 擯 殯 鬢 𧸈 䚔	儐 擯 殯 鬢 𧸈 䚔	必刃	幫真三A去	pinh	pinh	
𡧍	PIN	繽 䎙 𩴱 𢣐 𩰝	繽 䎙 𩴱 𢣐 𩰝	匹賓	滂真三A平	phin	pʰin	
𡧍	PIN	𩰗 䚔	𩰗 䚔	撫刃	滂真三A去	phinh	pʰinh	
𡧍	PIN	薲 嬪 蠙 獱 𩴱	薲 嬪 蠙 獱 𩴱	符眞	並真三A平	bin	bin	
𡧍	PIN	髕 臏	髕 臏	毗忍	並真三A上	binq	binʔ	
𣎳	—	𣎳	𣎳	撫刃	滂真三A去	phinh		·𣎳，《說文》：「𣎳，分枲莖皮也。从屮，八象枲之皮莖也。凡𣎳之屬皆从𣎳。讀若髕。」然「𣎳」應爲｛麻｝之初文（可參：陳劍《甲骨文釋字四則(提要)》），與「𣏟」爲單復異體，其故音當近「麻」MAI。後世匹刃切本自《說文》「讀若髕」，古文字中「癟」下「冊」或訛作「𣏟」形，也許《說文》所讀之音與此相關。
必	PIT	咇 苾 馝 䏟 飶 柲	咇 苾 馝 䏟 飶 柲	蒲結	並屑四入	bet	bˤit	
必	PIT	㑻 䀣	㑻 䀣	莫八	明黠二入	meet		
必	PIT	䁇	䁇	莫北	明德一入	meok		
必	PIT	𥉓 覕 鴓	𥉓 覕 鴓	莫結	明屑四入	met	mˤit	
必	PIT	覕 𧸈	覕 𧸈	必刃	幫真三A去	pinh	pinh	
必	PIT	必 珌 鮅	必 珌 鮅	卑吉	幫質三A入	pit	pit	
必	PIT	鉍 柲 泌 咇	鉍 柲 泌 咇	鄙密	幫質三B入	pyit	prit	
必	PIT	祕 毖 閟 柲 鉍 泌 䀣 䪐 𠨘	祕 毖 閟 柲 鉍 泌 䀣 䪐 𠨘	兵媚	幫脂三B去	pyih	prith	
必	PIT	䫾 㘠	䫾 㘠	彼側	幫職三入	pyik		
必	PIT	邲 柲 馝 苾 䩛 佖 駜 飶 鮅 怭 泌 𨠔 䖩 𣢠 咇 妼	邲 柲 馝 苾 䩛 佖 駜 飶 鮅 怭 泌 𨠔 䖩 𣢠 咇 妼	毗必	並質三A入	bit	bit	
必	PIT	駜 邲 佖	駜 邲 佖	房密	並質三B入	byit	brit	
必	PIT	虙	虙	房六	並屋三入	buk		
必	PIT	蜜 謐 䤉 榓 𥁑 宓 淧 𥋱	蜜 謐 䤉 榓 𥁑 宓 淧 𥋱	彌畢	明質三A入	mit	mit	
必	PIT	密 𡶇 蔤 宓 滵 樒 𪅮 𥉴	密 𡶇 蔤 宓 滵 樒 𪅮 𥉴	美畢(筆)	明質三B入	myit	mrit	
必	PIT	𥉓	𥉓	武移	明支三A平	mie		
必	PIT	䁇	䁇	亡逼	明職三入	myik		
匹	PIT	匹 𠯔 䏘	匹 𠯔 䏘	譬吉	滂質三A入	phit	pʰit	·匹，甲骨文｛匹｝只作一曲筆形，或隸爲「乙」、「乀」、「丿」，構形待考；西周金文「匹」以之爲聲符。可參：鍾柏生《釋〈新綴〉418版卜辭》、時兵《關於〈合補〉9264的文字與語言學分析》、蔣玉斌《釋甲骨金文中與“匹”有關的兩種形體》。
畢	PIT	𨢡	𨢡	蒲計	並齊四去	bejh	bˤith	
畢	PIT	畢 篳 蓽 韠 㻫 䟆 蹕 滭 㪤 鷝 㓖 熚 𡠚 彃 㮿 縪 饆 鏎 𠦒 𡻞 𥀕 𥛘 罼	畢 篳 蓽 韠 㻫 䟆 蹕 滭 㪤 鷝 㓖 熚 𡠚 彃 㮿 縪 饆 鏎 𠦒 𡻞 𥀕 𥛘 罼	卑吉	幫質三A入	pit	pit	
畢	PIT	鷝	鷝	譬吉	滂質三A入	phit		
畢	PIT	𤹝	𤹝	毗至	並脂三A去	bih	bith	
閉	PIT	閉	閉	方結	幫屑四入	pet	pˤit	
閉	PIT	閉 閇	閉 閇	博計	幫齊四去	pejh	pˤith	
閉	PIT	𣘥	𣘥	蒲計	並齊四去	bejh		
𢨋	PIT	觱	觱	卑吉	幫質三A入	pit	pit	·觱，「𧥑」之省訛。《說文》：「𧥑，羌人所吹角屠𧥑，以驚馬也。从角，𢨋聲。𢨋，古文誖字。」此字《廣韻》收卑吉、王勿二切，按其字似不當讀云母，王勿切讀法可怪；《名義》有物反，蓋顧野王《玉篇》已讀云母。待考。
𢨋	PIT	𤊸	𤊸	分勿	幫物三入	put	pət	·𤒓，《說文·火部》：「𤒓，熚𤒓也。从火，𢨋聲。𢨋，籀文悖字。」
𢨋	PIT	𣀣	𣀣	符弗	並物三入	but		
𢨋	PIT	觱	觱	王勿	云物合三入	ut		·觱，見卑吉切之「觱」。
皀	—	鵖 皀	鵖 皀	彼及	幫緝三B入	pyip		·鵖，「鵖鴔」又作「𪀐鵖」。《爾雅·釋鳥》：「鵖鴔，戴鵀。」郭璞注：「鵖鴔，猶𪃃鶝，語聲轉耳。」《說文·鳥部》：「𪀐，𪀐鵖也。从鳥、乏聲。」又：「鵖，𪀐鵖也。从鳥、皀聲。」「鵖」本「皀」聲，「皀」《通俗文》音方力反，此諧聲與「鶝」相合，是「𪃃鶝」「𪀐鵖」本一詞，一聲之轉也，疑當是鳥叫之擬音詞。
皀	—	皀	皀	彼側	幫職三入	pyik		·皀，古文字「皀」乃｛簋｝之表意字，中古諸音皆不古。《說文》：「皀，穀之馨香也。象嘉穀在裹中之形。匕，所以扱之。或說皀，一粒也。凡皀之屬皆从皀。又讀若香。」《顏氏家訓·勉學》：「吾在益州，與數人同坐，初晴日晃，見地上小光，問左右：『此是何物？』有一蜀豎就視，答云：『是豆逼耳。』相顧愕然，不知所謂。命取將來，乃小豆也。窮訪蜀士，呼粒爲逼，時莫之解。吾云：『《三蒼》、《說文》，此字白下爲匕，皆訓粒，《通俗文》音方力反。』眾皆歡悟。」《史記·扁鵲倉公列傳》：「血如豆比五六枚。」徐復謂「豆比即豆皀」（說見：徐復《〈廣韻〉音義續箋》）。
皀	—	皀	皀	居立	見緝開三B入	kyip		
皀	—	鵖	鵖	居輒	見葉開三B入	kyep		
彪	PIU	䬌	䬌	匹尤	滂尤三平	phu		
彪	PIU	彪	彪	甫烋	幫幽三平	pyiw	p(r)iu	
彪	PIU	淲	淲	皮彪	並幽三平	byiw		
眉	MI	眉 睂 嵋 湄 鶥 楣 瑂 郿 葿	眉 睂 嵋 湄 鶥 楣 瑂 郿 葿	武悲	明脂三B平	myi	mri	
眉	MI	郿 媚 篃 蝞 䉋 煝	郿 媚 篃 蝞 䉋 煝	明祕	明脂三B去	myih	mrih	
米	MI	迷	迷	莫兮	明齊四平	mej	mˤi	
米	MI	米 眯 䋛 洣 蔝 𡬍 䱊	米 眯 䋛 洣 蔝 𡬍 䱊	莫禮	明齊四上	mejq	mˤiʔ	
米	MI	謎	謎	莫計	明齊四去	mejh	mˤih	
米	MI	𥌨	𥌨	莫結	明屑四入	met		
米	MI	𤃱 麋 蘪 攗	𤃱 麋 蘪 攗	武悲	明脂三B平	myi	mri	
米	MI	䍘 𥹄 麊 冞	䍘 𥹄 麊 冞	武移	明支三A平	mie	me	
米	MI	敉 侎	敉 侎	綿婢	明支三A上	mieq	meʔ	
民	MIN	眠	眠	莫賢	明先四平	men		
民	MIN	𧠠	𧠠	莫兮	明齊四平	mej		·𧠠，病人視。《說文》：「𧠟，病人視也。从見氐聲。讀若迷。」段注改篆作「𧠠」，謂：「按各本篆作𧠟，解作氐聲。氐聲則應讀若低，與讀若迷不協。攷《廣韵》十二齊曰：『𧠠，病人視皃。』《集韵》曰：『𧠠𧠟二同。』《類篇》曰：『𧠟𧠠二同。』《集韵》、《類篇》𧠠又民堅切，訓病視。葢古本作𧠠、民聲。讀若眠者、其音變。讀若迷者、雙聲合音也。唐人諱民，偏旁省一畫，多似氏字。始作𬡼，繼又譌作𧠟。乃至正譌並存矣。今改从正體。莫兮切。古音在十一部。」
民	MIN	怋	怋	莫奔	明魂一平	mon		
民	MIN	民 泯 怋	民 泯 怋	彌鄰	明真三A平	min	min	
民	MIN	泯 𤿕 笢 䟨 刡	泯 𤿕 笢 䟨 刡	武盡	明真三A上	minq	minʔ	
民	MIN	珉 岷 罠 䪸 笢 鈱	珉 岷 罠 䪸 笢 鈱	武巾	明真三B平	myin	mrin	·䪸，《廣韻》：「䪸，強也。〔武巾切〕」楊寶忠曰：「『䪸』『𩑥』訓強，其義費解，『強』蓋『殟』字之誤，而『䪸』『𩑥』則『𩔉』『䫒』之省。」待考。參考：楊寶忠《疑難字考釋與研究》P743-744
民	MIN	愍 敃 暋 𥴲	愍 敃 暋 𥴲	眉殞	明真三B上	myinq	mrinʔ	
民	MIN	蟁	蟁	無分	明文三平	mun		
戌	MIT MET	戌 珬 㖅 𧊥 銊	戌 珬 㖅 𧊥 銊	辛聿	心質合三入	swit	m̥it	
戌	MIT MET	𣧡 <𣧵> 烕	𣧡 𣧵 烕	許劣	曉薛合三B入	huet	m̥et	·𣧡，「𣧵」之訛字，「戌」聲。·烕，《說文》：「烕，滅也。从火、戌。火死於戌，陽氣至戌而盡。《詩》曰：赫赫宗周，褒似烕之。」《釋文》引作「從火，戌聲。」所謂「火」「戌」會意不可信；清人或以爲「戌」亦聲。林沄先生以爲其「戌」乃古文字“扇”形之訛變（說見：林沄《先秦古文字中待探索的偏旁》）。白-沙信從「戌」聲，旁證以Ahom語（一種侗台語）的“狗年”叫/mit/。今從白-沙。
戌	MIT MET	滅 搣	滅 搣	亡列	明薛三A入	miet	met	·搣，又作「𢬮」，北大漢簡四《妄稽》：「左手把之，右手𢬮(搣)之。」參考：伊強《試釋〈忘稽〉中的“搣”字》。
氐	TI	低 氐 袛 羝 眡 岻 䧑 奃 趆 柢 𥿄 䬫	低 氐 袛 羝 眡 岻 䧑 奃 趆 柢 𥿄 䬫	都奚	端齊開四平	tej	tˤi	
氐	TI	邸 底 詆 坻 抵 牴 觝 柢 弤 㪆 軧	邸 底 詆 坻 抵 牴 觝 柢 弤 㪆 軧	都禮	端齊開四上	tejq	tˤiʔ	
氐	TI	柢 𦨢 骶 䟡 𤬵 趆 䩚	柢 𦨢 骶 䟡 𤬵 趆 䩚	都計	端齊開四去	tejh	tˤih	
氐	TI	詆	詆	他歷	透錫開四入	thek		
氐	TI	詆 䬫	詆 䬫	杜奚	定齊開四平	dej	dˤe	
氐	TI	祗 泜 砥 䓜 𥁼	祗 泜 砥 䓜 𥁼	旨夷	章脂開三平	tji	ti	
氐	TI	厎 砥 茋	厎 砥 茋	職雉	章脂開三上	tjiq	tiʔ	
氐	TI	坻 砥	坻 砥	諸氏	章支開三上	tjieq	teʔ	
氐	TI	𦕑	𦕑	章忍	章真開三上	tjinq		
氐	TI	厎	厎	諸市	章之開三上	tjyq		
氐	TI	胝 疷 秪 氐	胝 疷 秪 氐	丁尼	知脂開三平	tri	tri	
氐	TI	𣱐	𣱐	陟利	知脂開三去	trih		
氐	TI	㲳	㲳	陟栗	知質開三入	trit		
氐	TI	鴟 𨾦 𩶅	鴟 𨾦 𩶅	處脂	昌脂開三平	tjhi	tʰi	
氐	TI	眡	眡	承矢	常脂開三上	djiq		
氐	TI	眡	眡	常利	常脂開三去	djih		
氐	TI	坻 泜 蚳 岻 彽 阺 貾	坻 泜 蚳 岻 彽 阺 貾	直尼	澄脂開三平	dri	dri	
希²	TI	絺 郗 𥭘 脪 瓻	絺 郗 𥭘 脪 瓻	丑飢	徹脂開三平	trhi	tʰri	·絺，見「希」下。
希²	TI	{𤭏} [瓻]	𤭏 瓻	丑亦(尺)	徹脂開三平	trhi	tʰri	·𤭏，瓶也，《說文新附》作「瓻」；《P.5531切韻》丑亦反作「⿰𠫤瓦」；隸楷「希」「𠫤」「𧮫」常混用。《王一》《王三》《P.5531切韻》皆置「瓻」於昔韻，唯《裴韻》置之於脂韻；《廣韻》兩處皆收，於脂韻作「瓻」、於昔韻作「𤭏」，形聲判然兩分。按中古昔韻之音與「希」聲不合，疑早期字韻書反切下字本作「尸」（如《名義》丑尸反）、誤作「尺」，部分《切韻》系韻書遂據此誤歸昔韻，《裴韻》不誤；《廣韻》正誤皆收，是此昔韻「𤭏」之形、音皆當正。
黹	TI	黹	黹	豬几	知脂開三上	triq	triʔ	
奠	TIŊ TEŊ	㞟	㞟	都挺	端青開四上	tengq	tˤeŋʔ	
奠	TIŊ TEŊ	奠	奠	丁定	端青開四去	tengh		
奠	TIŊ TEŊ	奠 㞟	奠 㞟	堂練	定先開四去	denh	dˤiŋh	
奠	TIŊ TEŊ	鄭 㽀	鄭 㽀	直正	澄清開三去	driaengh	dreŋh	
奠	TIŊ TEŊ	擲 躑 𧓸	擲 躑 𧓸	直炙	澄昔開三入	driaek	drek	
真	TIŊ	顛 㒹 齻 𩥄 槙 瘨 癲 滇 𧽍 巔 驒 𠑘 傎 蹎 厧	顛 㒹 齻 𩥄 槙 瘨 癲 滇 𧽍 巔 驒 𠑘 傎 蹎 厧	都年	端先開四平	ten	tˤiŋ	
真	TIŊ	瑱 顛 滇	瑱 顛 滇	他甸	透先開四去	thenh	tʰˤiŋh	
真	TIŊ	填 窴 闐 磌 鷏 嗔 滇 搷	填 窴 闐 磌 鷏 嗔 滇 搷	徒年	定先開四平	den	dˤiŋ	
真	TIŊ	闐 填 窴 𧽍	闐 填 窴 𧽍	堂練	定先開四去	denh	dˤiŋh	
真	TIŊ	䡩	䡩	口莖	溪耕開二平	kheeng	kʰrˤeŋ	·䡩，《說文》：「䡩，車䡩𨥺也。从車眞聲。讀若《論語》『鏗尔，舍瑟而作』。又讀若掔。」原本《玉篇》：「䡩，苦耕反。《說文》：『車䡩𨥺聲。一曰堅也。』《廣雅》：『䡩䡩，坚也。』𢦙为㧶，在手部。𢦙为鏗字，在金部。」
真	TIŊ	真 禛 稹 磌 蒖	真 禛 稹 磌 蒖	側(職)鄰	章真開三平	tjin	tiŋ	·真，古文字从「貝」、「𠂈(顛)」聲。古文字「𠂈」象人顛隕之形，爲｛顛｝*tˤiŋ之表意字。參考：唐蘭《釋真》、謝明文《釋“顛”字》、蔣玉斌《釋殷墟花東卜辭的“顛”》。
真	TIŊ	縝 鬒 槙 縝 黰 𣞟 稹	縝 鬒 槙 縝 黰 𣞟 稹	章忍	章真開三上	tjinq	tiŋʔ	
真	TIŊ	寘 𡽆	寘 𡽆	支義	章支開三去	tjieh	teh	
真	TIŊ	鎮 填	鎮 填	陟鄰	知真開三平	trin	triŋ	
真	TIŊ	鎮 瑱 填	鎮 瑱 填	陟刃	知真開三去	trinh	triŋh	
真	TIŊ	瞋 嗔 謓 䐜 𣞟 縝	瞋 嗔 謓 䐜 𣞟 縝	昌眞	昌真開三平	tjhin	tʰiŋ	
真	TIŊ	縝	縝	丑人	徹真開三平	trhin	tʰriŋ	
真	TIŊ	慎 昚	慎 昚	時刃	常真開三去	djinh	diŋh	
實	TIK	實	實	神質	船質開三入	zjit	dik	
斦	TIK	質 櫍 劕 䑇 鑕 𡂒 懫 礩	質 櫍 劕 䑇 鑕 𡂒 懫 礩	之日	章質開三入	tjit	tik	
斦	TIK	礩	礩	脂利	章脂開三去	tjih		
斦	TIK	懫 躓 質	懫 躓 質	陟利	知脂開三去	trih	trikh	
疐	TIK	嚏 啑 <嚏> 疐	嚏 啑 嚏 疐	都計	端齊開四去	tejh	tˤikh	
疐	TIK	懥	懥	脂利	章脂開三去	tjih	tikh	
疐	TIK	疐 𢷟 𨆫 懥	疐 𢷟 𨆫 懥	陟利	知脂開三去	trih	trikh	
至	TIK	䏄	䏄	都禮	端齊開四上	tejq		
至	TIK	窒 𥉺 蛭 㗧 咥 𨴗 𡇓	窒 𥉺 蛭 㗧 咥 𨴗 𡇓	丁結	端屑開四入	tet	tˤik	
至	TIK	姪 垤 耋 絰 咥 荎 𪗻 𢲼 恎 𪀒 𠽧 𡼄	姪 垤 耋 絰 咥 荎 𪗻 𢲼 恎 𪀒 𠽧 𡼄	徒結	定屑開四入	det	dˤik	
至	TIK	𧠫	𧠫	徒歷	定錫開四入	dek		
至	TIK	晊 郅 桎 蛭 銍 侄	晊 郅 桎 蛭 銍 侄	之日	章質開三入	tjit	tik	
至	TIK	至 𩊞	至 𩊞	脂利	章脂開三去	tjih	tikh	
至	TIK	窒 挃 庢 銍 秷 𦤻 㗧 𪗻 𨖹 螲 𥎹	窒 挃 庢 銍 秷 𦤻 㗧 𪗻 𨖹 螲 𥎹	陟栗	知質開三入	trit	trik	
至	TIK	蛭	蛭	丁悉	知質開三入	trit	trik	
至	TIK	致 輊 䞃 㨖 駤	致 輊 䞃 㨖 駤	陟利	知脂開三去	trih	trikh	
至	TIK	夂 㨖	夂 㨖	豬几	知脂開三上	triq		·夂，《說文》：「夂，从後至也。象人兩脛後有致之者。凡夂之屬皆从夂。讀若黹。」季旭昇謂「夂」是從「致」上截取產生的（說見：季旭昇《說文新證》2014年版P478），其說可從。
至	TIK	㨖 𧛢	㨖 𧛢	陟侈	知支開三上	trieq		
至	TIK	𧩼 㨖	𧩼 㨖	陟里	知之開三上	tryq		
至	TIK	痓	痓	充自	昌脂開三去	tjhih		
至	TIK	咥 跮	咥 跮	丑栗	徹質開三入	trhit	tʰrik	
至	TIK	𦥊 跮 𧩼	𦥊 跮 𧩼	丑利	徹脂開三去	trhih	tʰrikh	·𦥊，大徐本《說文》：「𦥊，忿戾也。从至，至而復遜。遜，遁也。《周書》曰：『有夏氏之民叨𦥊。』𦥊，讀若摯。」小徐本二「遜」皆作「孫」。今本《尚書·多方》：「亦惟有夏之民叨懫」。此字當分析爲从「孫」、「至」聲，从「孫」者乃取“遜”與“懫”反意（說見：陳劍《說“規”等字並論一些特別的形聲字意符》）。
至	TIK	𦥊	𦥊	丑吏	徹之開三去	trhyh		
至	TIK	姪	姪	直一	澄質開三入	drit		
至	TIK	緻 𩹈 𠊷 𩋩 𦥐	緻 𩹈 𠊷 𩋩 𦥐	直利	澄脂開三去	drih	drikh	
至	TIK	荎	荎	直尼	澄脂開三平	dri		
至	TIK	室 𩋡	室 𩋡	式質	書質開三入	sjit	stik	
鳥	TIU	𧜣 瞗	𧜣 瞗	都聊	端蕭開四平	tew	tˤiu	
鳥	TIU	鳥 蔦 𧜣	鳥 蔦 𧜣	都了	端蕭開四上	tewq	tˤiuʔ	
鳥	TIU	窵 蔦	窵 蔦	多嘯	端蕭開四去	tewh	tˤiuh	
鳥	TIU	㨶 島	㨶 島	都晧	端豪開一上	tawq	tˤuʔ	
周	TU TIU	䯾 琱 凋 鯛 雕 鵰 彫 𦶌 㚋 奝	䯾 琱 凋 鯛 雕 鵰 彫 𦶌 㚋 奝	都聊	端蕭開四平	tew	tˤiu	
周	TU TIU	裯	裯	都牢	端豪開一平	taw	tˤu	
周	TU TIU	禂	禂	都晧	端豪開一上	tawq	tˤuʔ	
周	TU TIU	䞴 啁	䞴 啁	陟交	知肴開二平	traew		
周	TU TIU	䞴	䞴	都敎	知肴開二去	traewh		
周	TU TIU	倜	倜	他歷	透錫開四入	thek		
周	TU TIU	綢 翢	綢 翢	土刀	透豪開一平	thaw		
周	TU TIU	蜩 調 䯾	蜩 調 䯾	徒聊	定蕭開四平	dew	dˤiu	
周	TU TIU	調	調	徒弔	定蕭開四去	dewh		
周	TU TIU	翢 錭	翢 錭	徒刀	定豪開一平	daw	dˤu	
周	TU TIU	周 𥺝 輖 賙 郮 婤	周 𥺝 輖 賙 郮 婤	職流	章尤三平	tju	t(i)u	
周	TU TIU	晭 𧳜	晭 𧳜	之九	章尤三上	tjuq		
周	TU TIU	䯾 椆	䯾 椆	職救	章尤三去	tjuh		
周	TU TIU	啁 調	啁 調	張流	知尤三平	tru		
周	TU TIU	婤 惆	婤 惆	丑鳩	徹尤三平	trhu		
周	TU TIU	𢃖 裯 綢 稠 椆	𢃖 裯 綢 稠 椆	直由	澄尤三平	dru	dr(i)u	
周	TU TIU	裯	裯	直誅	澄虞合三平	druo		
弔	TIUK	弔 𨑩	弔 𨑩	都歷	端錫開四入	tek	tˤiuk	
弔	TIUK	弔 伄 𨑩	弔 伄 𨑩	多嘯	端蕭開四去	tewh	tˤiukh	
弔	TIUK	𧘨	𧘨	都聊	端蕭開四平	tew		
弔	TIUK	盄	盄	止遙	章宵開三平	tjiew	teu	
執	TIP	㝪	㝪	丁愜	端怗開四入	tep		
執	TIP	墊 𩅀 㝪	墊 𩅀 㝪	都念	端添開四去	temh	tˤimh	
執	TIP	褺 䠟 墊	褺 䠟 墊	徒協	定怗開四入	dep	dˤip	
執	TIP	暬 <𣊓> 慹	暬 𣊓 慹	奴協	泥怗開四入	nep	nˤip	·暬，此蓋「𣊓」之訛字，與私列切之「暬」爲同形字。
執	TIP	𨫔	𨫔	蒲計	並齊四去	bejh		·𨫔，大徐本《說文》：「𨫔，羊箠耑有𨮯。从金，埶聲。讀若至。」小徐本作「羊箠也，端有鐡。」
執	TIP	執 瓡 𡠗 慹	執 瓡 𡠗 慹	之入	章緝開三入	tjip	tip	
執	TIP	摯 贄 鷙 䲀 𡠗	摯 贄 鷙 䲀 𡠗	脂利	章脂開三去	tjih	tiph	
執	TIP	慹 謺	慹 謺	之涉	章葉開三入	tjiep		
執	TIP	縶 𩅀	縶 𩅀	陟立	知緝開三入	trip	trip	
執	TIP	𨎌 騺	𨎌 騺	陟利	知脂開三去	trih	triph	
執	TIP	漐	漐	丑入	徹緝開三入	trhip		
執	TIP	蟄	蟄	直立	澄緝開三入	drip		
執	TIP	慹	慹	秦入	從緝開三入	dzip		·慹，怖也。《說文》：「慹，悑也。从心，執聲。 」《名義》之習反，《王三》秦入反，《裴韻》之十反，《廣韻》四切，注「怖也」者之入、 秦入二切。從母秦入切之聲母與「執」聲字形不合，待考。
執	TIP	蓻	蓻	子入	精緝開三入	tsip		·蓻，《說文》：「蓻，艸木{不}生也。一曰茅芽。从艸，執聲。」《名義》《玉篇》皆子習反，《王三》、大小徐本《說文》皆姊入反，是諸書皆讀精母，然此讀與「執」聲字形不合，待考。
馽	TIP	馽 𡁉	馽 𡁉	陟立	知緝開三入	trip	trip	
二	NI	二 弍 貳 樲	二 弍 貳 樲	而至	日脂開三去	njih	nih	
二	NI	膩	膩	女利	孃脂開三去	nrih	nrih	
二	NI	𢴧	𢴧	直利	澄脂開三去	drih		
尼	NI	泥 埿 屔	泥 埿 屔	奴低	泥齊開四平	nej	nˤi	·埿，塗也，「泥」之異體。又蒲鑑切，別一詞。
尼	NI	苨 𩋪 𦰫 坭	苨 𩋪 𦰫 坭	奴禮	泥齊開四上	nejq	nˤiʔ	
尼	NI	泥 埿 迡	泥 埿 迡	奴計	泥齊開四去	nejh	nˤih	
尼	NI	痆	痆	女黠	孃黠開二入	nreet	nrˤik	
尼	NI	𥹆	𥹆	莫經	明青四平	meng	mˤeŋ	·𥹆，「𥹆泠」，縣名，《說文》：「𥹆，潰米也。从米，尼聲。交阯有𥹆泠縣。」段玉裁注：「《地理志》交止郡麊泠，《後·郡國志》同。麊者、𥹆之誤。應劭曰：『麊音彌。』」
尼	NI	𡳭	𡳭	楮几	徹脂開三上	trhiq		
尼	NI	杘 𣐉 𡳭	杘 𣐉 𡳭	丑利	徹脂開三去	trhih	n̥rih	·杘，《說文》：「杘，籆柄也。从木、尸聲。柅，杘或从木，尼聲。」段玉裁注：「《易·姤》『初六，繫于金柅。』《釋文》曰：『柅，說文作檷。』按昔人謂檷柅同字。依許則柅者、今時篗車之柄；檷者、今時箍絲於上之架子以受篗者也。」「杘」似當視爲「尼」省聲、或「柅」之省形字。
尼	NI	尼 柅 怩 蚭 跜 呢 𩚯 䝚	尼 柅 怩 蚭 跜 呢 𩚯 䝚	女夷	孃脂開三平	nri	nri	
尼	NI	柅	柅	女履	孃脂開三上	nriq	nriʔ	
尼	NI	狔 旎 柅	狔 旎 柅	女氏	孃支開三上	nrieq	nreʔ	
尼	NI	秜	秜	力脂	來脂開三平	li		
人	NIŊ	秊 年 𨚶	秊 年 𨚶	奴顚	泥先開四平	nen	nˤiŋ	
人	NIŊ	𨛲	𨛲	奴丁	泥青開四平	neng		
人	NIŊ	佞	佞	乃定	泥青開四去	nengh	nˤeŋ	
人	NIŊ	仁 朲 人	仁 朲 人	如鄰	日真開三平	njin	niŋ	
人	NIŊ	信	信	息晉	心真開三去	sinh	sniŋh	
替	NIK	僣	僣	他結	透屑開四入	thet		
替	NIK	替 𤾕 暜 㬱	替 𤾕 暜 㬱	他計	透齊開四去	thejh	n̥ˤikh	
日	MIK NIK	涅 捏 𦯖 㘿 圼 篞 𥔄 𤶚 㖏 𦛠	涅 捏 𦯖 㘿 圼 篞 𥔄 𤶚 㖏 𦛠	奴結	泥屑開四入	net	nˤik	
日	MIK NIK	汨 䖑	汨 䖑	莫狄	明錫四入	mek	mˤik	
日	MIK NIK	日 馹 衵	日 馹 衵	人質	日質開三入	njit	nik	
日	MIK NIK	暱 昵 衵 䵒	暱 昵 衵 䵒	尼質	孃質開三入	nrit	nrik	
臸	—	臸	臸	人質	日質開三入	njit		
褭	NIU	㒟 褭 㜵 䃵 𢸣	㒟 褭 㜵 䃵 𢸣	奴鳥	泥蕭開四上	newq	nˤiuʔ	
念	NIM	唸 埝	唸 埝	都念	端添開四去	temh	tˤimh	
念	NIM	唸	唸	都甸	端先開四去	tenh		
念	NIM	淰	淰	乃玷	泥添開四上	nemq	nˤimʔ	
念	NIM	念 𦁤	念 𦁤	奴店	泥添開四去	nemh	nˤimh	·念，《說文》：「念，常思也。从心，今聲。」「今」聲非也。「念」字从倒「口」向「心」會意。說見：張富海《利用諧聲構擬上古音應該注意的幾個問題》等。
念	NIM	埝 𩐭 捻 錜 敜 惗 𩋏 菍	埝 𩐭 捻 錜 敜 惗 𩋏 菍	奴協	泥怗開四入	nep		
念	NIM	菍	菍	奴結	泥屑開四入	net		
念	NIM	淰	淰	女減	孃咸開二上	nreemq		
念	NIM	諗 䰼 淰	諗 䰼 淰	式任	書侵開三上	sjimq		
念	NIM	䭃 稔 棯 腍	䭃 稔 棯 腍	如甚	日侵開三上	njimq		
念	NIM	惗	惗	私箭	心仙開三去	sienh		
次	TSI	䪡	䪡	祖稽	精齊開四平	tsej		
次	TSI	楶	楶	子結	精屑開四入	tset	tsˤik	
次	TSI	咨 資 粢 諮 姿 澬 𣳩 𩆂	咨 資 粢 諮 姿 澬 𣳩 𩆂	即夷	精脂開三平	tsi	tsi	
次	TSI	恣 𣣌	恣 𣣌	資四	精脂開三去	tsih	tsih	
次	TSI	趑 𧾒 𡳠 蠀	趑 𧾒 𡳠 蠀	取私	清脂開三平	tshi	tsʰi	
次	TSI	次 䳐 佽 絘 𧊒 𣣌 䯸	次 䳐 佽 絘 𧊒 𣣌 䯸	七四	清脂開三去	tshih	tsʰih	·次，《說文》：「次，不前不精也。从欠，二聲。」「二」非聲。參考：趙彤《利用古文字資料考訂幾個上古音問題》。
次	TSI	茨 薋 餈 𩜴 垐 䆅 瓷 澬 𩆂	茨 薋 餈 𩜴 垐 䆅 瓷 澬 𩆂	疾資	從脂開三平	dzi	dzi	
次	TSI	垐	垐	秦力	從職開三入	dzyk		
妻	TSI	妻 萋 淒 凄 悽 鶈 郪 緀 霋	妻 萋 淒 凄 悽 鶈 郪 緀 霋	七稽	清齊開四平	tshej	tsʰˤi	
妻	TSI	緀	緀	千禮	清齊開四上	tshejq	tsʰˤiʔ	
妻	TSI	妻	妻	七計	清齊開四去	tshejh	tsʰˤih	
妻	TSI	㼮	㼮	楚佳	初佳開二平	tsrhee		
妻	TSI	棲	棲	先稽	心齊開四平	sej		
妻	TSI	郪	郪	取私	清脂開三平	tshi	tsʰi	
妻	TSI	䃀	䃀	七内(碓)	清脂合三平	tshwi		·䃀，石磨，《廣雅》作「㼮」。《方言》：「磑或謂之䃀。」郭璞注：「䃀，即磨也。錯碓反。」《廣雅》：「㼮，磨也。」《方言注》錯碓反；原本《玉篇》且對反；《名義》且對反；《玉篇》且對切；《廣雅音註》「㼮」又佳反；《王三》七碎反；《裴韻》七碎反；《廣韻》七內切，諸反切韻母皆與「妻」聲字形不合。古書「碓」「唯」易混訛，疑郭璞注反切下字本作「唯」、訛作「碓」，遂誤讀隊韻，後世韻書皆沿其誤；按郭璞注「唯」則折合《切韻》音系在合口脂，與諧聲不密合，此當爲早期反切不嚴所致。
齊	TSI	齎 賷 齏 𧆌 櫅 擠 齌 躋 隮 麡 𢥎	齎 賷 齏 𧆌 櫅 擠 齌 躋 隮 麡 𢥎	祖稽	精齊開四平	tsej	tsˤi	
齊	TSI	濟 䍤 癠	濟 䍤 癠	子禮	精齊開四上	tsejq	tsˤiʔ	
齊	TSI	霽 隮 躋 濟 擠 䶓 穧	霽 隮 躋 濟 擠 䶓 穧	子計	精齊開四去	tsejh	tsˤih	
齊	TSI	齋	齋	側皆	莊皆開二平	tsreej	tsrˤi	
齊	TSI	齌	齌	七稽	清齊開四平	tshej	tsʰˤi	
齊	TSI	齊 臍 麡 蠐 𪗍 懠 䶒 癠	齊 臍 麡 蠐 𪗍 懠 䶒 癠	徂奚	從齊開四平	dzej	dzˤi	
齊	TSI	薺 鱭 癠	薺 鱭 癠	徂禮	從齊開四上	dzejq	dzˤiʔ	
齊	TSI	嚌 劑 穧 𨣧 齊 齌 癠 懠 䶩	嚌 劑 穧 𨣧 齊 齌 癠 懠 䶩	在詣	從齊開四去	dzejh	dzˤih	
齊	TSI	儕 麡	儕 麡	士皆	崇皆開二平	dzreej	dzrˤi	
齊	TSI	𪗉 𪗋 𧞓 齍 齎	𪗉 𪗋 𧞓 齍 齎	即夷	精脂開三平	tsi	tsi	
齊	TSI	穧	穧	子例	精祭開三去	tsiejh		
齊	TSI	劑	劑	遵爲	精支合三平	tswie		
齊	TSI	薺 蠐	薺 蠐	疾資	從脂開三平	dzi	dzi	
𠂔	TSI	䪡 𨥦	䪡 𨥦	祖稽	精齊開四平	tsej	tsˤi	
𠂔	TSI	𨥦	𨥦	徂奚	從齊開四平	dzej	dzˤi	
𠂔	TSI	姊 秭	姊 秭	將几	精脂開三上	tsiq	tsiʔ	
𠂔	TSI	笫 胏 𠂔	笫 胏 𠂔	阻史	莊之開三上	tsryq		
𠂔	TSI	趀 𧠥 𡰾	趀 𧠥 𡰾	取私	清脂開三平	tshi	tsʰi	
𠂔	TSI	柹	柹	鉏里	崇之開三上	dzryq		
𠂔	TSI	𧿲	𧿲	止姊	章脂開三上	tjiq		·𧿲，《廣韻》：「𧿲，止姊切。一。」此字不見於他書，未詳。
師	SI	師 鰤 蒒 篩 獅 螄	師 鰤 蒒 篩 獅 螄	疏夷	生脂開三平	sryi	sri	
進	TSIŊ	𦪉 璡	𦪉 璡	將鄰	精真開三平	tsin	tsiŋ	·𦪉，《說文》：「津，水渡也。从水、𦘔聲。𦪉，古文𣸁，从舟从淮。」段注：「按當是从舟。从水、進省聲。」其說可從。
進	TSIŊ	䗯 進 璡	䗯 進 璡	即刃	精真開三去	tsinh	tsiŋh	
進	TSIŊ	𥳟	𥳟	即淺	精仙開三上	tsienq		
盡	TSIŊ	𨔥	𨔥	則前	精先開四平	tsen		
盡	TSIŊ	葏	葏	子仙	精仙開三平	tsien		
盡	TSIŊ	津 濜 𦘔	津 濜 𦘔	將鄰	精真開三平	tsin	tsiŋ	
盡	TSIŊ	㯸 盡	㯸 盡	即忍	精真開三上	tsinq	tsiŋʔ	
盡	TSIŊ	盡 濜	盡 濜	慈忍	從真開三上	dzinq	dziŋʔ	
盡	TSIŊ	賮 燼 㶳 藎 濜 璶	賮 燼 㶳 藎 濜 璶	{徐}[疾]刃	從真開三去	dzinh	dziŋh	·賮，《名義》才丑反；《玉篇》才刃切；《漢書音註》音進，又音才忍反；《王三》似刃反；《裴韻》疾刃反；《廣韻》徐刃切(又疾刃切)，此小韻《王三》「賮藎璶」三字，「燼㶳濜」蓋後補，皆「盡」聲系字，據諧聲不當讀邪母，據《裴韻》改讀從母。
盡	TSIŊ	濜	濜	鉏紖	崇臻開三上	dzryinq		
秦	TSIŊ	轃	轃	則前	精先開四平	tsen	tsˤiŋ	
秦	TSIŊ	臻 蓁 搸 溱 榛 轃	臻 蓁 搸 溱 榛 轃	側詵	莊臻開三平	tsryin	tsriŋ	
秦	TSIŊ	𧤛	𧤛	仄謹	莊臻開三上	tsryinq		
秦	TSIŊ	秦 螓 𤚩	秦 螓 𤚩	匠鄰	從真開三平	dzin	dziŋ	
秦	TSIŊ	𦿒	𦿒	士臻	崇臻開三平	dzryin		
辛	TSIŊ	㾕	㾕	蘇本	心魂合一上	sonq		·㾕，見所臻切之「㾕」。
辛	TSIŊ	𣓀 瀙	𣓀 瀙	側詵	莊臻開三平	tsryin		
辛	TSIŊ	𣓀	𣓀	仄謹	莊臻開三上	tsryinq		
辛	TSIŊ	親 寴 𡪔	親 寴 𡪔	七人	清真開三平	tshin	tsʰiŋ	
辛	TSIŊ	親 寴 儭 瀙	親 寴 儭 瀙	七遴	清真開三去	tshinh	tsʰiŋh	
辛	TSIŊ	櫬 瀙 嚫 䞋 襯 儭	櫬 瀙 嚫 䞋 襯 儭	初覲	初臻開三去	tsrhyinh	tsʰriŋh	
辛	TSIŊ	新 辛 薪	新 辛 薪	息鄰	心真開三平	sin	siŋ	
辛	TSIŊ	㲔	㲔	相然	心仙開三平	sien		
辛	TSIŊ	莘 㜪 𩺵 𨐔 𦐹 𣘘 㾕	莘 㜪 𩺵 𨐔 𦐹 𣘘 㾕	所臻	生臻開三平	sryin	sriŋ	·㾕，寒病。《說文》：「㾕，寒病也。从疒、辛聲。」段玉裁注：「凡《素問》、《靈樞》、《本艸》言『洒洒』、『洗洗』者其訓皆寒、皆㾕之叚借。古辛聲、先聲、西聲同在眞文一類。《國語》注『洒音銑』，不誤。」《名義》所巾反；《玉篇》山錦切；《王三》踈臻、蘇本、踈錦三反；大徐本《說文》所臻切；《廣韻》所臻、蘇本、疎錦三切；小徐本《說文》所伈反。蘇本切合口讀法可疑，待考；踈錦切又作「瘮」。
辛	TSIŊ	㾕	㾕	踈錦	生侵開三上	sryimq		·㾕，見所臻切之「㾕」。
千	TSIŊ	千 圱 阡 汘 仟 芊 谸 迁 杄	千 圱 阡 汘 仟 芊 谸 迁 杄	蒼先	清先開四平	tshen	tsʰˤiŋ	
千	TSIŊ	芊	芊	倉甸	清先開四去	tshenh		
卂	SIŊ	汛 軐 𥰳	汛 軐 𥰳	蘇佃	心先開四去	senh	sˤiŋh	
卂	SIŊ	𧿅	𧿅	先立(入)	心真開三平	sin		·𧿅，韻母與「卂」聲不合。頗疑下字本作「人」，在真韻，或訛作「入」，遂誤讀緝韻音（如《類篇》息入切），置於先立切。
卂	SIŊ	訊 訙 迅 卂 汛 𤜢 阠	訊 訙 迅 卂 汛 𤜢 阠	息晉	心真開三去	sinh	siŋh	
卂	SIŊ	迅	迅	私閏	心真合三去	swinh		
卂	SIŊ	扟 籸 阠	扟 籸 阠	所臻	生臻開三平	sryin	sriŋ	
卂	SIŊ	蝨	蝨	所櫛	生櫛開三入	sryit	srik	
卂	SIŊ	阠	阠	試刃	書真開三去	sjinh		·阠，東陵之名，《爾雅·釋地》：「東陵，阠。」陸德明釋文：「阠，音信，郭尸慎反，《字林》所人反，又所慎反。」原本《玉篇》所陳、酢陳二反；《名義》所陳反；《玉篇》所陳、所陣切；《新撰字鏡》所陳反；《王三》踈臻、息晉二切；《廣韻》所臻、息晉、試刃三切；《五經文字》尸忍反。試刃切之聲母與「卂」聲不合，待考。
燊	SIŊ	燊	燊	所臻	生臻開三平	sryin	sriŋ	
甡	—	甡	甡	所臻	生臻開三平	sryin		·甡，《說文·生部》：「甡，眾生並立之兒。《詩》曰：『甡甡其鹿。』」段玉裁注：「《大雅》毛傳曰：『甡甡，衆多也。』其字或作詵詵、或作駪駪、或作侁侁、或作莘莘，皆假借也。」
晉	TSIŊ	晉 㬜 搢 縉 瑨	晉 㬜 搢 縉 瑨	即刃	精真開三去	tsinh	tsiŋh	
晉	TSIŊ	戩 𥰸	戩 𥰸	即淺	精仙開三上	tsienq	tsenʔ	
晉	TSIŊ	榗	榗	子賤	精仙開三去	tsienh	tsenh	
晉	TSIŊ	鄑	鄑	即移	精支開三平	tsie		
桼	TSIK	漆 䣛 𪄭 桼 𣛺 𦸓 㯃	漆 䣛 𪄭 桼 𣛺 𦸓 㯃	親吉	清質開三入	tshit	tsʰik	
桼	TSIK	䰍	䰍	七四	清脂開三去	tshih	tsʰikh	
桼	TSIK	㓼	㓼	初紀(己)	初櫛開三入	tsrhyit	tsʰrik	·㓼，《名義》楚乙反；《玉篇》楚乙切；《廣雅音註》初律反；《王三》初紀、初栗二反；《裴韻》初紀、初栗二反；《廣韻》初紀、初栗二切；初紀切韻母與「桼」聲字形不合，《玉篇》系韻書下字作「乙」，疑後或被誤識爲「己」，遂誤讀質韻。
桼	TSIK	㓼 𠞩 <㓼> 䜉	㓼 𠞩 㓼 䜉	初栗	初櫛開三入	tsrhyit	tsʰrik	·𠞩，此爲「㓼」之訛字，與所律切的「𠞩」爲同形字。
桼	TSIK	厀 膝 𧀬	厀 膝 𧀬	息七	心質開三入	sit	sik	
即	TSIK	節 𢎛 癤 蝍 㸅 𡴺 䲙 幯 𠬝	節 𢎛 癤 蝍 㸅 𡴺 䲙 幯 𠬝	子結	精屑開四入	tset	tsˤik	
即	TSIK	𠨍	𠨍	子禮	精齊開四上	tsejq		·𠨍，《廣韻》：「𠨍，事之制也。《說文》音卿。」《說文》：「𠨍，事之制也。从卩、𠂈。凡𠨍之屬皆从𠨍。闕。」《說文》本缺其音，此音蓋據「卩」誤附。
即	TSIK	𡴺 蠞	𡴺 蠞	昨結	從屑開四入	dzet		
即	TSIK	堲 唧 蝍 楖	堲 唧 蝍 楖	資悉	精質開三入	tsit	tsik	
即	TSIK	即 卽 蝍 楖 𨂢 鯽 堲 䐚 唧 𪃹 揤	即 卽 蝍 楖 𨂢 鯽 堲 䐚 唧 𪃹 揤	子力	精職開三入	tsyk	tsik	
即	TSIK	𪃹 鯽	𪃹 鯽	資昔	精昔開三入	tsiaek		
即	TSIK	櫛 楖 瀄 㘉 𥠈 擳	櫛 楖 瀄 㘉 𥠈 擳	阻瑟	莊櫛開三入	tsryit	tsrik	
即	TSIK	揤	揤	秦悉	從質開三入	dzit	dzik	
即	TSIK	堲	堲	秦力	從職開三入	dzyk	dzik	
疾	TSIK	疾 𤕺 嫉 蒺 㑵 𧎿 愱 槉 𠹋 𧪠	疾 𤕺 嫉 蒺 㑵 𧎿 愱 槉 𠹋 𧪠	秦悉	從質開三入	dzit	dzik	·疾，《說文》：「疾，病也。从疒，矢聲。」「矢」與「疾」音不近，非聲。傳世「疾」字來源於「疒」與「⿰大矢」之糅合，前者象人在床上之形，爲“疾病”之｛疾｝的表意字；後者象以矢射向人之形，爲“迅疾”之｛疾｝的表意字。說參：梁春勝《楷書部件演變研究》引陳劍古文字形體源流研究課程、鄔可晶《試釋殷墟甲骨文的“達”字》。
疾	TSIK	嫉	嫉	疾二	從脂開三去	dzih	dzikh	
自	TSIK	郋	郋	胡雞	匣齊開四平	ghej		
自	TSIK	自	自	疾二	從脂開三去	dzih	dzikh	
七	TSIK	切 沏 䟙	切 沏 䟙	千結	清屑開四入	tshet	tsʰˤik	
七	TSIK	砌 切 䀙 𦕀	砌 切 䀙 𦕀	七計	清齊開四去	tshejh	tsʰˤikh	
七	TSIK	𢪃 𥾛	𢪃 𥾛	倉沒	清沒合一入	tshot		·𢪃，摩也，《名義》千卒反；《玉篇》七沒切；《新撰字鏡》千卒反；《廣雅音註》七結反；《王三》麁沒反；《廣韻》倉沒切。·𥾛，索也，原本《玉篇》且骨反；《名義》且骨反；《玉篇》七忽切；《新撰字鏡》且骨反；《廣雅音註》音切；《王三》麁沒反；《廣韻》倉沒切。
七	TSIK	㲺	㲺	資悉	精質開三入	tsit		
七	TSIK	七 柒	七 柒	親吉	清質開三入	tshit	tsʰik	
七	TSIK	𩾔	𩾔	七四	清脂開三去	tshih		
七	TSIK	齔	齔	初謹	初臻開三上	tsrhyinq		
七	TSIK	齔	齔	初覲	初臻開三去	tsrhyinh		
七	TSIK	叱	叱	昌栗	昌質開三入	tjhit		
悉	SIK	僁 㴽	僁 㴽	先結	心屑開四入	set	sˤik	
悉	SIK	悉 蟋 𦸝 䊝 僁 窸	悉 蟋 𦸝 䊝 僁 窸	息七	心質開三入	sit	sik	·悉，秦漢文字材料皆作「𢘻」，或說「米」聲，未詳。可參：陳劍《〈上博（六）·孔子見季桓子〉重編新釋》。
悉	SIK	䊝	䊝	私列	心薛開三入	siet		
悉	SIK	蟋	蟋	所櫛	生櫛開三入	sryit	srik	
瑟	SIK	瑟 飋 璱 𦆄	瑟 飋 璱 𦆄	所櫛	生櫛開三入	sryit	srik	
秋	TSIU	湫 㡑	湫 㡑	子了	精蕭開四上	tsewq	tsˤiuʔ	
秋	TSIU	𠿈	𠿈	側交	莊肴開二平	tsraew		
秋	TSIU	䎿 啾 揫 湫	䎿 啾 揫 湫	即由	精尤三平	tsu	tsiu	
秋	TSIU	𠿈	𠿈	側鳩	莊尤三平	tsru		
秋	TSIU	㾭 甃	㾭 甃	側救	莊尤三去	tsruh	tsriuh	
秋	TSIU	秋 秌 鞦 湫 鶖 鰍 楸 萩 䵸 䨂 篍	秋 秌 鞦 湫 鶖 鰍 楸 萩 䵸 䨂 篍	七由	清尤三平	tshu	tsʰiu	
秋	TSIU	鍫 篍 㡑	鍫 篍 㡑	七遙	清宵開三平	tshiew	tsʰeu	
秋	TSIU	愀	愀	親小	清宵開三上	tshiewq	tsʰeuʔ	
秋	TSIU	篍	篍	七肖	清宵開三去	tshiewh	tsʰeuh	
秋	TSIU	醔	醔	楚鳩	初尤三平	tsrhu		
秋	TSIU	䎿	䎿	自秋	從尤三平	dzu		
秋	TSIU	湫 愀	湫 愀	在九	從尤三上	dzuq	dziuʔ	
秋	TSIU	愁 㵞	愁 㵞	士尤	崇尤三平	dzru	dzriu	
秋	TSIU	僽	僽	鋤佑	崇尤三去	dzruh		
𣖄	—	𣖄	𣖄	七遙	清宵開三平	tshiew		·𣖄，俗體會意字，又作「鍫」，參考：楊寶忠《疑難字續考》P25-26。
尗	TSIUK	𧠪	𧠪	倉歷	清錫開四入	tshek		
尗	TSIUK	寂 𡧘 𡧯 𠴫	寂 𡧘 𡧯 𠴫	前歷	從錫開四入	dzek	dzˤiuk	
尗	TSIUK	踧 𠴫 𣢰	踧 𠴫 𣢰	子六	精屋三入	tsuk	tsiuk	·踧，「踧」有徒歷切和子六切，本兩字：①定母徒歷切，爲「叔」聲，爲「踧踧周道」之｛踧｝，《說文》：「踧，行平易也。从足、叔聲。《詩》曰：『踧踧周道。』」《玉篇》：「達的切。《説文》云：『行平易也。《詩》云：踧踧周道。』」《廣韻》：「《詩》曰：『踧踧周道。』〔徒歷切〕」②精母子六切，本「尗」聲，爲「踧踖」之｛踧｝，又作「𨀚」，《廣雅·釋訓》：「𨀚踖，畏敬也。」後類化作「叔」旁。此二「踧」字形雖同，聲首不同。
尗	TSIUK	椒 茮	椒 茮	即消	精宵開三平	tsiew	tsiu	·椒，秦漢文字作「𣐹」，本「尗」聲。北大漢簡《醫書》：「蜀𣐹(椒)。」後類化作「叔」旁，遂作「椒」。
戚	TSIUK	傶	傶	將毒	精沃一入	tsok		
戚	TSIUK	墄	墄	七則	清德開一入	tsheok		
戚	TSIUK	戚 慼 鏚 慽 𧐶 𦸗 磩	戚 慼 鏚 慽 𧐶 𦸗 磩	倉歷	清錫開四入	tshek	tsʰˤiuk	·戚，非「尗」聲，爲東漢時期「𢦫」之理據重構字。參考：董蓮池,徐善飛《戚姬簋的“戚”字研究兼說〈說文〉中的“戚”》。
戚	TSIUK	摵	摵	山責	生麥開二入	sreek		
戚	TSIUK	𢷾	𢷾	砂獲	生麥合二入	srweek		
戚	TSIUK	蹙 㗤 摵 槭 縬 𦟠 顣 䙘	蹙 㗤 摵 槭 縬 𦟠 顣 䙘	子六	精屋三入	tsuk	tsiuk	
戚	TSIUK	縬	縬	側六	莊屋三入	tsruk		
戚	TSIUK	䙘	䙘	創舉(女)	初屋三入	tsrhuk		·䙘，《名義》且陸反；《廣雅音註》且六反；《王三》子六反；《廣韻》創舉、子六二切。創舉切韻母與「戚」聲字形不合，疑或將下字「六」誤識爲「女」，遂誤讀語韻。
戚	TSIUK	摵	摵	所六	生屋三入	sruk	sriuk	
肅	SIU SIUK	蕭 簫 彇 蟰 橚 潚 𩙚 㩋	蕭 簫 彇 蟰 橚 潚 𩙚 㩋	蘇彫	心蕭開四平	sew	sˤiu	
肅	SIU SIUK	䃤 㩋	䃤 㩋	先鳥	心蕭開四上	sewq	sˤiuʔ	
肅	SIU SIUK	嘯 歗 㩋 䐹 熽	嘯 歗 㩋 䐹 熽	蘇弔	心蕭開四去	sewh	sˤiuh	
肅	SIU SIUK	肅 鷫 蟰 驌 䎘 𩘹 鱐 䃤 潚 橚 㩋 璛 㪩	肅 鷫 蟰 驌 䎘 𩘹 鱐 䃤 潚 橚 㩋 璛 㪩	息逐	心屋三入	suk	siuk	
肅	SIU SIUK	繡	繡	息救	心尤三去	suh	siu(k)h	
肅	SIU SIUK	𩘹 䎘 㩋	𩘹 䎘 㩋	所六	生屋三入	sruk	sriuk	
肅	SIU SIUK	䐹	䐹	所鳩	生尤三平	sru		
卟	KI	卟	卟	古奚	見齊開四平	kej	kˤi	·卟，《說文》：「卟，卜以問疑也。《書》云『卟疑』。」今本《尚書·洪範》作「稽疑」。
卟	KI	卟	卟	康禮	溪齊開四上	khejq	kʰˤiʔ	
𥝌	KI	稽 㮷 𥝌 𨪴	稽 㮷 𥝌 𨪴	古奚	見齊開四平	kej	kˤi	
𥝌	KI	嵇	嵇	胡雞	匣齊開四平	ghej	ɡˤi	
旨	KI	䭬 稽	䭬 稽	康禮	溪齊開四上	khejq	kʰˤiʔ	
旨	KI	詣 栺	詣 栺	五計	疑齊開四去	ngejh		
旨	KI	㚛	㚛	呼計	曉齊開四去	hejh		
旨	KI	㚛	㚛	虎結	曉屑開四入	het		
旨	KI	脂 栺 鴲 㴯	脂 栺 鴲 㴯	旨夷	章脂開三平	tji	ki	
旨	KI	旨 指 恉	旨 指 恉	職雉	章脂開三上	tjiq	kiʔ	
旨	KI	鴲 𩊝	鴲 𩊝	脂利	章脂開三去	tjih	kih	
旨	KI	榰	榰	章移	章支開三平	tjie		
旨	KI	𪊨 㞛	𪊨 㞛	居履	見脂開三B上	kyiq		
旨	KI	𧪡	𧪡	處脂	昌脂開三平	tjhi		
旨	KI	㞓	㞓	詰利	溪脂開三A去	khih		
旨	KI	嗜 𩝙 𨢍	嗜 𩝙 𨢍	常利	常脂開三去	djih	ɡi	
旨	KI	鬐 𦓀 耆 愭 𧡺 𥉙 䅲 𨪌 鰭 鮨	鬐 𦓀 耆 愭 𧡺 𥉙 䅲 𨪌 鰭 鮨	渠脂	羣脂開三B平	gyi	ɡri	
旨	KI	蓍	蓍	式之(脂)	書脂開三平	sji		
棄	KI	棄 弃	棄 弃	詰利	溪脂開三A去	khih	kʰih	
示	TI KE	祁	祁	職雉	章脂開三上	tjiq	kiʔ	
示	TI KE	祇 示	祇 示	巨支	羣支開三A平	gie	ɡe	·示，「示」之聲域難定，考古似應歸KI（見組脂部），如：①郭店簡《緇衣》引《詩》：「人之好我，旨我周行。」「旨」今本作「示」。文字材料多見「示」「旨」互用者。②臺北樂從堂藏西漢青銅馬，於鬃毛末端兩側的馬頸與脊背相接處有一「示」字，董珊讀爲｛鬐｝*ɡri（見：董珊：《樂從堂藏銅馬式考》）。然「示」傳世音船母神至切，與KI似不合（白-沙構擬*s-ɡ->中古船，難信）；｛視｝古文字材料或作表意字、或加注「氐」TI聲，此亦非見組，張富海據歸端組脂部TI（可參：張富海《據古文字論“氏”、“視”等字的上古聲母》）。｛視｝*dih之古音雖鑿，然傳世之「視」字恐非一般「示」聲字，未必能論及「示」之音。俟考。
示	TI KE	祁	祁	渠脂	羣脂開三B平	gyi	ɡri	
示	TI KE	狋	狋	牛肌	疑脂開三A平	ngi		
示	TI KE	沶	沶	與之	以之開三平	jy		
示	TI KE	示 眎	示 眎	神至	船脂開三去	zjih	dih	
示	TI KE	視 眎	視 眎	承矢	常脂開三上	djiq	diʔ	
示	TI KE	視 眎	視 眎	常利	常脂開三去	djih	dih	
医	ɁI	鷖 翳 𧫦 嫛 黳 㙠 䃜 繄	鷖 翳 𧫦 嫛 黳 㙠 䃜 繄	烏奚	影齊開四平	qej	ʔˤi	
医	ɁI	翳 㙠 瞖 医 嫕 蘙 繄 殹	翳 㙠 瞖 医 嫕 蘙 繄 殹	於計	影齊開四去	qejh	ʔˤih	
医	ɁI	蠮	蠮	烏結	影屑開四入	qet	ʔˤik	
医	ɁI	㗨	㗨	火佳	曉佳開二平	hee		
医	ɁI	㿄	㿄	烏懈	影佳開二去	qeeh		
医	ɁI	醫 毉 㿄	醫 毉 㿄	於其	影之開三平	qy	ʔǝ	·醫，《說文》：「醫，治病工也。殹，惡姿也；醫之性然。得酒而使，从酉。王育說。一曰殹，病聲。酒所以治病也。《周禮》有醫酒。古者巫彭初作醫。」其說曲折，王筠《句讀》：「从酉、殹聲，不須委曲說以會意也。」說較簡明。然「醫」在上古之部，與脂部「殹」聲不合，段玉裁《注》謂此字「古音在一部，與『翳、鷖』字在十五部不同」即此。段氏古音精審，因主會意之說。然會意實難信從，恐形聲爲是，其韻部之異或許與秦文字語气詞用字「殹」的虛化有關。「醫酒」者別一詞，字又作「臆」，未詳。
医	ɁI	贀	贀	以睡	以支合三去	jwieh		
臣	KIN	挋 䢻	挋 䢻	章刃	章真開三去	tjinh	kinh	
臣	KIN	䛗	䛗	職雉	章脂開三上	tjiq	kiʔ	·䛗，《說文》：「䛗，訐也。从言、臣聲。讀若指。」
臣	KIN	茞 臣 䢻	茞 臣 䢻	植鄰	常真開三平	djin	ɡin	
臣	KIN	頣	頣	式忍	書真開三上	sjinq		
臣	KIN	嚚	嚚	語巾	疑真開三B平	ngyin	ŋrin	
臤	KIN	堅 鋻 鰹 䌑	堅 鋻 鰹 䌑	古賢	見先開四平	ken	kˤin	
臤	KIN	鋻	鋻	古電	見先開四去	kenh	kˤinh	
臤	KIN	慳 掔 臤 𩋆	慳 掔 臤 𩋆	苦閑	溪山開二平	kheen	kʰrˤin	·臤，古文字「𪠲」从「又」取物（參考：陳劍《柞伯簋銘補釋》）。一般認爲加注「臣」聲、省其物而作「臤」。
臤	KIN	掔	掔	苦堅	溪先開四平	khen	kʰˤin	
臤	KIN	𥧬 䵖 蜸	𥧬 䵖 蜸	牽繭	溪先開四上	khenq	kʰˤinʔ	
臤	KIN	菣 䵖	菣 䵖	苦甸	溪先開四去	khenh	kʰˤinh	
臤	KIN	鏗 硻 摼	鏗 硻 摼	口莖	溪耕開二平	kheeng	kʰrˤeŋ	
臤	KIN	𥉸	𥉸	客庚	溪庚開二平	khaeng		
臤	KIN	臤	臤	苦寒	溪寒開一平	khan		
臤	KIN	賢 臤 礥 㘋	賢 臤 礥 㘋	胡田	匣先開四平	ghen	ɡˤin	
臤	KIN	臔	臔	胡典	匣先開四上	ghenq		
臤	KIN	藖	藖	戸閒	匣山開二平	gheen	ɡrˤin	
臤	KIN	䁂 㹂	䁂 㹂	胡簡	匣山開二上	gheenq	ɡrˤinʔ	
臤	KIN	藖	藖	侯襉	匣山開二去	gheenh		
臤	KIN	㹂	㹂	胡結	匣屑開四入	ghet	ɡˤek	
臤	KIN	緊 𦜌 𤷌	緊 𦜌 𤷌	居忍	見真開三A上	kinq	kinʔ	
臤	KIN	𤿳 𧼒	𤿳 𧼒	弃忍	溪真開三A上	khinq	kʰinʔ	
臤	KIN	菣 𧼒 臤	菣 𧼒 臤	去刃	溪真開三A去	khinh	kʰinh	
臤	KIN	㹂	㹂	去演	溪仙開三A上	khienq		
臤	KIN	𧼒	𧼒	渠人	羣真開三A平	gin	ɡin	
臤	KIN	腎	腎	時忍	常真開三上	djinq	ɡinʔ	
臤	KIN	礥 㘋	礥 㘋	下珍	云真開三B平	*yin		
牽	KIN	牽 縴	牽 縴	苦堅	溪先開四平	khen	kʰˤin	
牽	KIN	牽 㯠	牽 㯠	苦甸	溪先開四去	khenh	kʰˤinh	
弦	KIN	𢮂 㡉	𢮂 㡉	古賢	見先開四平	ken		
弦	KIN	弦 絃 舷 胘 蚿 𢛆 𠛑 伭 𢮂 𦱁 婱 𧼏 痃	弦 絃 舷 胘 蚿 𢛆 𠛑 伭 𢮂 𦱁 婱 𧼏 痃	胡田	匣先開四平	ghen	ɡˤin	
因	ɁIN	恩 煾	恩 煾	烏痕	影痕開一平	qeon	ʔˤən	
因	ɁIN	烟 咽 胭	烟 咽 胭	烏前	影先開四平	qen	ʔˤin	
因	ɁIN	咽	咽	於甸	影先開四去	qenh	ʔˤinh	
因	ɁIN	𤝱 咽	𤝱 咽	烏結	影屑開四入	qet		
因	ɁIN	㸶	㸶	烏閑	影山開二平	qeen		
因	ɁIN	因 茵 鞇 駰 烟 氤 絪 㘻 洇 姻 裀 㧢	因 茵 鞇 駰 烟 氤 絪 㘻 洇 姻 裀 㧢	於眞	影真開三A平	qin	ʔin	
因	ɁIN	𩂥	𩂥	於刃	影真開三A去	qinh		
因	ɁIN	𪔗 駰	𪔗 駰	於巾	影真開三B平	qyin	ʔrin	
因	ɁIN	欭	欭	乙兾	影脂開三B去	qyih		
印	ɁIN ɁIK	印 鮣	印 鮣	於刃	影真開三A去	qinh	ʔinh	
印	ɁIN ɁIK	抑 𡊁	抑 𡊁	於力	影職開三B入	qyik	ʔrik	
垔	ɁIN	煙 𡨾 𤎟 湮	煙 𡨾 𤎟 湮	烏前	影先開四平	qen	ʔˤin	
垔	ɁIN	𦎣 黫	𦎣 黫	烏閑	影山開二平	qeen	ʔrˤin	
垔	ɁIN	𦎣	𦎣	烏奚	影齊開四平	qej		
垔	ɁIN	㢾	㢾	古縣	見先合四去	kwenh		
垔	ɁIN	禋 𥛛 闉 湮 垔 陻 堙 諲 𦎣 歅	禋 𥛛 闉 湮 垔 陻 堙 諲 𦎣 歅	於眞	影真開三A平	qin	ʔin	
垔	ɁIN	𣱐	𣱐	於刃	影真開三A去	qinh	ʔinh	
垔	ɁIN	甄 薽 籈	甄 薽 籈	居延	見仙開三A平	kien		
垔	ɁIN	鄄 䚈	鄄 䚈	古掾	見仙合三A去	kwienh		
垔	ɁIN	甄 籈 薽	甄 籈 薽	側(職)鄰	章真開三平	tjin	kin	
吉	KIT	結 桔 袺 拮 狤 𡔢 𧍩	結 桔 袺 拮 狤 𡔢 𧍩	古屑	見屑開四入	ket	kˤit	
吉	KIT	髻	髻	古詣	見齊開四去	kejh	kˤith	
吉	KIT	鴶 秸 袺 頡	鴶 秸 袺 頡	古黠	見黠開二入	keet	krˤit	
吉	KIT	䕸	䕸	古諧	見皆開二平	keej		
吉	KIT	𡔢	𡔢	苦結	溪屑開四入	khet	kʰˤit	
吉	KIT	𤫶 劼 㓤 硈 𦸉 䂒 咭 𢼣	𤫶 劼 㓤 硈 𦸉 䂒 咭 𢼣	恪八	溪黠開二入	kheet	kʰrˤit	
吉	KIT	纈 䦖 擷 頡 襭 𧀺 翓	纈 䦖 擷 頡 襭 𧀺 翓	胡結	匣屑開四入	ghet	ɡˤit	
吉	KIT	黠 䕸 䦖	黠 䕸 䦖	胡八	匣黠開二入	gheet	ɡrˤit	
吉	KIT	𪗾	𪗾	胡瞎	匣鎋開二入	ghaet	ɡrˤet	
吉	KIT	擷	擷	虎結	曉屑開四入	het	hˤit	
吉	KIT	𪗾	𪗾	許鎋	曉鎋開二入	haet	hrˤet	
吉	KIT	聐	聐	五鎋	疑鎋開二入	ngaet		
吉	KIT	吉 趌 狤 拮 郆 洁 𤿠	吉 趌 狤 拮 郆 洁 𤿠	居質	見質開三A入	kit	kit	
吉	KIT	趌	趌	居列	見薛開三B入	kyet		
吉	KIT	詰 蛣 𩢴 趌	詰 蛣 𩢴 趌	去吉	溪質開三A入	khit	kʰit	
吉	KIT	夡	夡	詰利	溪脂開三A去	khih	kʰith	
吉	KIT	姞 佶 鮚 趌 狤	姞 佶 鮚 趌 狤	巨乙	羣質開三B入	gyit	ɡrit	
吉	KIT	欯 咭 恄 㣟	欯 咭 恄 㣟	許吉	曉質開三A入	hit	hit	
屆	KIT	屆	屆	古拜	見皆開二去	keejh	krˤi(k)h	
屆	KIT	㞒	㞒	許介	曉皆開二去	heejh	hrˤi(k)h	·㞒，《說文》：「㞒，臥息也。从尸、自。」其說可疑。也許「㞒」與「屆」有諧聲上的關係，今且合一處。
頁	KIT	戛 嘎	戛 嘎	古黠	見黠開二入	keet	krˤit	·戛，應分析爲从「戈」、「頁」聲，說見：鄔可晶《“夒”及有關諸字綜理》引陳劍未刊稿《〈君子之於教〉(舊名〈成之聞之〉)釋文與注釋》。郭店楚簡《成之聞之》引《康𫌲(誥)》：「不還大暊(戛)。」今本《尚書》作「不率大戛」。古文字「頁」有一個來源即爲“稽首”之｛稽｝的初文（參考：李守奎《說“頁”“見”》），是「暊」、「戛」二字皆以此「頁(稽)」爲聲符。
頁	KIT	頁 𪕯 𨵪	頁 𪕯 𨵪	胡結	匣屑開四入	ghet	ɡˤit	
頁	KIT	𪕯	𪕯	胡狄	匣錫開四入	ghek		
頁	KIT	𢧖	𢧖	陟鎋	知鎋開二入	traet		·𢧖，《廣韻》：「𢧖，好，出《證俗文》。」未詳。
一	ɁIT	一 弌	一 弌	於悉	影質開三A入	qit	ʔit	
乙	ɁIT	穵	穵	烏八	影黠合二入	qweet		
乙	ɁIT	軋 圠 穵 䰲	軋 圠 穵 䰲	烏黠	影黠開二入	qeet	ʔrˤit	
乙	ɁIT	劜	劜	乙鎋	影鎋開二入	qaet		
乙	ɁIT	乙 鳦 亄	乙 鳦 亄	於筆	影質開三B入	qyit	ʔrit	
乙	ɁIT	肊	肊	於力	影職開三入	qyk		
乙	ɁIT	亄 䵝	亄 䵝	於記	影之開三去	qyh		
乙	ɁIT	耴 𦨇	耴 𦨇	魚乙	疑質開三B入	ngyit		
㱅	ɁIT	噎 䊦	噎 䊦	烏結	影屑開四入	qet	ʔˤit	
㱅	ɁIT	曀 殪 豷 㙪 𧬇	曀 殪 豷 㙪 𧬇	於計	影齊開四去	qejh	ʔˤith	
㱅	ɁIT	壹	壹	於悉	影質開三A入	qit	ʔit	·壹，「懿」之截省分化字，形體來源於早期｛噎｝初文中的堵塞於口的物體，于秦文字中加註聲符「吉」。
㱅	ɁIT	懿 饐 㙪 鷧 撎 亄	懿 饐 㙪 鷧 撎 亄	乙兾	影脂開三B去	qyih	ʔrith	·懿，甲骨文中見一字从「欠」，口前有物，象某物堵塞於口之形，爲｛噎｝之初文（說見：蔣玉斌《甲骨綴合所得新字新形研究》）。金文「懿」字即以之爲聲符。
㱅	ɁIT	㰻	㰻	於几	影脂開三A上	qiq		
㱅	ɁIT	𤡬	𤡬	虚器	曉脂開三B去	hyih		
㱅	ɁIT	豷	豷	許位	曉脂合三B去	huih		
幺	ɁIU	幺 怮 䱂	幺 怮 䱂	於堯	影蕭開四平	qew	ʔˤiu	
幺	ɁIU	窈 𨱧 鴢 苭	窈 𨱧 鴢 苭	烏皎	影蕭開四上	qewq	ʔˤiuʔ	
幺	ɁIU	䫜 坳 軪 眑	䫜 坳 軪 眑	於交	影肴開二平	qaew	ʔrˤiu	
幺	ɁIU	拗 鴢 𢂊 狕	拗 鴢 𢂊 狕	於絞	影肴開二上	qaewq	ʔrˤiuʔ	
幺	ɁIU	靿 袎 㑃 箹 <𥬓> 軪	靿 袎 㑃 箹 𥬓 軪	於敎	影肴開二去	qaewh	ʔrˤiuh	
幺	ɁIU	幽 泑 呦 𣢜 𧍘 怮 𢆶	幽 泑 呦 𣢜 𧍘 怮 𢆶	於虯	影幽開三平	qiw	ʔiu	
幺	ɁIU	黝 怮 䬀 蚴 泑 眑 𣢜	黝 怮 䬀 蚴 泑 眑 𣢜	於糾	影幽開三上	qiwq	ʔiuʔ	
幺	ɁIU	幼	幼	伊謬	影幽開三去	qiwh	ʔiuh	
幺	ɁIU	黝	黝	於脂	影脂開三A平	qi		
幺	ɁIU	𪋎 𢆶 怮	𪋎 𢆶 怮	於求	影尤三平	qu		
幺	ɁIU	䬀 䱂	䬀 䱂	於柳	影尤三上	quq		
幺	ɁIU	𣢜	𣢜	於六	影屋三入	quk		
十	KIP	計	計	古詣	見齊開四去	kejh	kˤeh	
十	KIP	叶	叶	胡頰	匣怗開四入	ghep		
十	KIP	汁	汁	之入	章緝開三入	tjip	kip	
十	KIP	針	針	職深	章侵開三平	tjim	kim	
十	KIP	針	針	之任	章侵開三去	tjimh	kimh	
十	KIP	卙	卙	昌汁	昌緝開三入	tjhip	kʰip	
十	KIP	十 什	十 什	是執	常緝開三入	djip	ɡip	
季	WI	季	季	居悸	見脂合三A去	kwih	kwih	·季，大徐本《說文》：「季，少偁也。从子，从稚省，稚亦聲。」小徐本：「少偁。從子、稚省，稚亦聲。」「稚」省聲無稽。鄔可晶先生謂其以｛穗｝之表意字爲聲。說見：鄔可晶《釋“穗”》。
季	WI	悸 痵	悸 痵	其季	羣脂合三A去	gwih	ɡwih	
乖	WI	乖 𦮃 𠦬 㾩	乖 𦮃 𠦬 㾩	古懷	見皆合二平	kweej	kwrˤi	
乖	WI	䓙 𦹬	䓙 𦹬	苦緺	溪佳合二平	khwee		·𦹬，「䓙」之訛字。
乖	WI	㔞	㔞	苦淮	溪皆合二平	khweej		
乖	WI	𦶎 𩝨	𦶎 𩝨	火媧	曉佳合二平	hwee		·𦶎，「䓙」之訛字。
𠁥	—	𦫳	𦫳	乖買	見佳合二上	kweeq		
𠁥	—	𠁥	𠁥	古瓦	見麻合二上	kwaeq		
𠁥	—	䒓 <𠁥>	䒓 𠁥	苦蟹	溪佳開二上	kheeq		
𠁥	—	扮	扮	花夥	曉佳合二上	hweeq		·扮，與府文切、方吻切、房吻切之「扮」爲同形字。
𠁥	—	㧳	㧳	丈夥	曉佳合二上	hweeq		·㧳，龍晦以爲「丈」是「父」之誤（說見：龍晦《〈中原雅音〉聲類考》）。友人unt以爲上字是「火」之訛，本與「扮」（花夥切）同音，可從。
癸	WI	騤	騤	古穴	見屑合四入	kwet	kwˤit	
癸	WI	睽 湀 聧 藈	睽 湀 聧 藈	苦圭	溪齊合四平	khwej	kʰwˤi	
癸	WI	闋 湀	闋 湀	苦穴	溪屑合四入	khwet	kʰwˤit	
癸	WI	𦘍	𦘍	五骨	疑黠合二入	ngweet		
癸	WI	癸 湀	癸 湀	居誄	見脂合三A上	kwiq	kwiʔ	
癸	WI	葵 鄈 楑 𩹍 𢜽 𦝢 䳫 𧍜	葵 鄈 楑 𩹍 𢜽 𦝢 䳫 𧍜	渠追	羣脂合三A平	gwi	ɡwi	
癸	WI	揆 楑 𢜽 湀	揆 楑 𢜽 湀	求癸	羣脂合三A上	gwiq	ɡwiʔ	
癸	WI	𠊾 猤	𠊾 猤	其季	羣脂合三A去	gwih	ɡwih	
癸	WI	戣 鍨 騤 𦝢 𠊾	戣 鍨 騤 𦝢 𠊾	渠追	羣脂合三B平	gui	ɡwri	
隹²	WI	匯	匯	胡罪	匣灰合一上	ghojq	wˤəiʔ	
隹²	WI	淮	淮	戸乖	匣皆合二平	ghweej	wrˤi	
隹²	WI	匯 㨤	匯 㨤	苦淮	溪皆合二平	khweej	kʰwrˤi	
隹²	WI	𨾎	𨾎	渠追	羣脂合三B平	gui	ɡwri	
隹²	WI	倠 婎 睢 𢊄	倠 婎 睢 𢊄	許維	曉脂合三A平	hwi	w̥i	
隹²	WI	婎 睢	婎 睢	香季	曉脂合三A去	hwih	w̥ih	
隹²	WI	睢	睢	許規	曉支合三A平	hwie		
隹²	WI	雖 奞 睢 濉	雖 奞 睢 濉	息遺	心脂合三平	swi	ʍi	
隹²	WI	奞	奞	相邀(焦)	心脂合三平	swi	ʍi	·奞，《說文》：「奞，鳥張毛羽自奮也。从大从隹。凡奞之屬皆从奞。讀若睢。」據《說文》「讀若睢」，「奞」當在脂部，不當音中古宵韻。是早期字韻書反切下字作「隹」（如《名義》先隹反），後或誤作「焦」，《切韻》系韻書據誤歸宵韻。說見：楊寶忠《疑難字續考》P157。
隹²	WI	眭 <睢>	眭 睢	息爲	心支合三平	swie		·眭，《廣韻》：「眭，姓也。出趙郡。息爲切。一。」《漢書》「眭弘，字孟，魯國蕃人也。」顏師古注：「眭，音息隨反。今河朔尚有此姓，音字皆然。而韋昭﹑應劭並雲音桂，非也。」《通志·氏族略三》：「睢氏，趙大夫食采於睢邑，因以命氏。」
隹²	WI	鵻 隼	鵻 隼	思尹	心真合三上	swinq	ʍinʔ	
隹²	WI	奞	奞	私閏	心真合三去	swinh		
隹²	WI	奞	奞	息晉	心真開三去	sinh		
隹²	WI	惟 維 濰 蓶 琟 唯	惟 維 濰 蓶 琟 唯	以追	以脂合三平	jwi	wi	
隹²	WI	唯 蓶 踓	唯 蓶 踓	以水	以脂合三上	jwiq	wiʔ	
隹²	WI	鷕	鷕	以沼(小)	以脂合三上	jwiq	wiʔ	·鷕，《廣韻》：「鷕，雉鳴也。以沼切。又羊水切。七。」戴震《聲韻考》卷四《論韻書中字義答秦尚書》：「有字雖不訛，本無其音，訛而成音。如《詩》『有瀰濟盈，有鷕雉鳴。』鷕从唯有得聲，與瀰爲句中韻，下復舉濟盈、雉鳴，亦句中韻。舊音鷕以水反(見《釋文》)，水訛作小，遂有以小反之音，《廣韻》於是收入三十小，改小作沼，並其所由致訛幾不可考。」戴說可信。後或說爲脂幽通轉，謬。
隹²	WI	𢣘 蜼 䗽	𢣘 蜼 䗽	以醉	以脂合三去	jwih	wih	
隹²	WI	帷	帷	洧悲	云脂合三B平	ui	wrəi	
隹²	WI	蜼 猚	蜼 猚	力軌	來脂合三上	lwiq		
隹²	WI	𣯍	𣯍	而尹	日真合三上	njwinq		
䀏	WIN WEŊ	絢 眴 㧦	絢 眴 㧦	許縣	曉先合四去	hwenh	w̥ˤinh	
䀏	WIN WEŊ	輷 揈 訇 鍧 渹 𦑟 𢝁	輷 揈 訇 鍧 渹 𦑟 𢝁	呼宏	曉耕合二平	hweeng	w̥rˤeŋ	
䀏	WIN WEŊ	輷	輷	呼迸	曉耕合二去	hweengh	w̥rˤeŋh	
䀏	WIN WEŊ	盷 訇	盷 訇	胡涓	匣先合四平	ghwen	wˤin	·訇，《說文》：「訇，騃言聲。从言，勻省聲。漢中西城有訇鄉。又讀若玄。」
䀏	WIN WEŊ	䀏	䀏	胡畎	匣先合四上	ghwenq	wˤinʔ	
䀏	WIN WEŊ	迿 姰 䀏 眴	迿 姰 䀏 眴	黃絢	匣先合四去	ghwenh	wˤinh	
䀏	WIN WEŊ	𧵣	𧵣	戸扃	匣青合四平	ghweng		
䀏	WIN WEŊ	郇	郇	戸關	匣刪合二平	ghwaen		
䀏	WIN WEŊ	汮	汮	居筠	見真合三B平	kuin		
䀏	WIN WEŊ	均 鈞 袀 汮	均 鈞 袀 汮	居勻	見真合三A平	kwin	kwin	
䀏	WIN WEŊ	呁 𧥺	呁 𧥺	九峻	見真合三A去	kwinh	kwinh	
䀏	WIN WEŊ	惸 𡞦 赹 憌 𢗋	惸 𡞦 赹 憌 𢗋	渠營	羣清合三A平	gwiaeng	ɡweŋ	
䀏	WIN WEŊ	笉	笉	七忍	云真開三B上	*yinq		·笉，龍宇純謂「笉」即「荺」、以「千」爲「于」之誤，是也。說見：龍宇純《唐寫全本王仁昫刊謬補缺〈切韻〉校箋》。
䀏	WIN WEŊ	枃	枃	即(子)刃	云真合三B去	uinh		·枃，《名義》子吝反；《玉篇》子吝切；《廣雅音註》子允切；《廣韻》即刃切。《名義》、《玉篇》上字「子」皆「于」之誤字，後據以誤讀精母，歸入《廣韻》即刃切。
䀏	WIN WEŊ	筠 荺	筠 荺	爲贇	云真合三B平	uin	wrin	
䀏	WIN WEŊ	𧥺	𧥺	下珍	云真開三B平	*yin		
䀏	WIN WEŊ	荺	荺	于敏	云真合三B上	uinq	wrinʔ	
䀏	WIN WEŊ	勻 畇	勻 畇	羊倫	以真合三平	jwin	win	
䀏	WIN WEŊ	𧵣	𧵣	火營	曉清合三A平	hwiaeng		
䀏	WIN WEŊ	𦚧	𦚧	尺尹	昌真合三上	tjhwinq		
䀏	WIN WEŊ	荀 郇 詢 眴 峋 珣 𣖼 洵 恂 畇 槆 姰 㰬	荀 郇 詢 眴 峋 珣 𣖼 洵 恂 畇 槆 姰 㰬	相倫	心真合三平	swin	ʍin	
䀏	WIN WEŊ	筍 𠣬 箰 𥯗 𣕍	筍 𠣬 箰 𥯗 𣕍	思尹	心真合三上	swinq	ʍinʔ	
䀏	WIN WEŊ	迿	迿	私閏	心真合三去	swinh	ʍinh	
䀏	WIN WEŊ	咰	咰	所律	生質合三入	sruit		
䀏	WIN WEŊ	旬 𠣙 𪀠 洵 畇 䖲	旬 𠣙 𪀠 洵 畇 䖲	詳遵	邪真合三平	zwin	win	
䀏	WIN WEŊ	殉 徇 侚 𢓈	殉 徇 侚 𢓈	辭閏	邪真合三去	zwinh	winh	
玄	WIN	詃	詃	姑泫	見先合四上	kwenq	kwˤinʔ	
玄	WIN	䡓	䡓	古縣	見先合四去	kwenh	kwˤinh	·䡓，蓋爲「衒」省聲。
玄	WIN	絃	絃	許縣	曉先合四去	hwenh	w̥ˤinh	
玄	WIN	玄 眩 䮄 玹 玆 𠆺 胘	玄 眩 䮄 玹 玆 𠆺 胘	胡涓	匣先合四平	ghwen	wˤin	
玄	WIN	泫 鉉 䩙	泫 鉉 䩙	胡畎	匣先合四上	ghwenq	wˤinʔ	
玄	WIN	袨 眩 炫 衒 𧗳 䝮 𩑹 玹	袨 眩 炫 衒 𧗳 䝮 𩑹 玹	黃絢	匣先合四去	ghwenh	wˤinh	·𧗳，《說文》：「𧗳，行且賣也。从行从言。衒，𧗳或从玄。」其說可疑。「𧗳」蓋爲「衒」省聲。
幻	WIN	幻	幻	胡辨	匣山合二去	ghweenh	wrˤinh	
敻	WIN WEŊ	讂	讂	古縣	見先合四去	kwenh	kwˤinh	
敻	WIN WEŊ	觼	觼	古穴	見屑合四入	kwet	kwˤit	
敻	WIN WEŊ	矎	矎	火玄	曉先合四平	hwen	w̥ˤin	
敻	WIN WEŊ	敻 𧾣 讂	敻 𧾣 讂	許縣	曉先合四去	hwenh	w̥ˤinh	·敻，《說文》：「敻，營求也。从𥄎，从人在穴上。《商書》曰：『高宗夢得說，使百工夐求，得之傅巖。』巖，穴也。」戴侗《六書故》謂「敻」「𠭠(㼱)」「奐」三字同聲首，今人多從之（參考：徐寶貴,孫臣《古文字考釋四則》、裘錫圭,陳劍《說“徇”、“讂”》等），實不可信。秦簡「敻」字上部似「角」，下部當爲「𭆲」省聲。「𭆲」說見「曼」下。
敻	WIN WEŊ	𧾣	𧾣	居聿	見質合三A入	kwit	kwit	
敻	WIN WEŊ	瓊 藑	瓊 藑	渠營	羣清合三A平	gwiaeng	ɡweŋ	
敻	WIN WEŊ	敻 矎	敻 矎	休正	曉清合三A去	hwiaengh	w̥eŋh	
敻	WIN WEŊ	𧾣	𧾣	香兖	曉仙合三A上	hwienq	w̥enʔ	
敻	WIN WEŊ	𧾣	𧾣	許穢	曉廢合三去	huojh		
敻	WIN WEŊ	㩊 𡈣 𩕖	㩊 𡈣 𩕖	須緣	心仙合三平	swien	ʍen	·㩊、𡈣、𩕖，皆「𭆲」聲。說見「敻」字下。
𡿨	WIN	𡿨 𤰝	𡿨 𤰝	姑泫	見先合四上	kwenq	kwˤinʔ	
犬	WIN	畎 汱	畎 汱	姑泫	見先合四上	kwenq	kwˤinʔ	
犬	WIN	犬	犬	苦泫	溪先合四上	khwenq	kʰwˤinʔ	
贙	WIN	贙	贙	胡畎	匣先合四上	ghwenq	wˤinʔ	·贙，《說文》：「贙，分別也。从虤對爭貝。讀若迴。」
贙	WIN	贙	贙	黃絢	匣先合四去	ghwenh	wˤinh	
𣶒	WIN	淵 𠝃 囦 鼘 𨓯 䨊	淵 𠝃 囦 鼘 𨓯 䨊	烏玄	影先合四平	qwen	ʔwˤin	
𣶒	WIN	裫	裫	烏縣	影先合四去	qwenh		
𣶒	WIN	奫	奫	於倫	影真合三B平	quin	ʔwrin	
𣶒	WIN	婣	婣	於眞	影真開三A平	qin		
𣶒	WIN	鼘	鼘	於巾	影真開三B平	qyin		
蠲	WIN	蠲	蠲	古玄	見先合四平	kwen	kwˤin	·蠲，《說文》：「蠲，馬蠲也。從虫、目，益聲。了，象形。《明堂月令》曰：腐艸爲蠲。」其說曲折不可信。戰國楚簡｛蠲｝作「⿱蜀皿」，例如：①上博竹書五《鲍叔牙与隰朋之谏》：「器必△(蠲)潔。3」②上博竹書六《天子建州》甲本：「邦君飤(食)△(蠲)。8」乙本簡7同。陳劍先生據以釋甲骨文「蠲」之初文，謂其字形表示人持工具拨火使之明亮，說見：郭理遠《從甲骨文的“矚”“燭”説到古代“燭”的得名原因及其源流》。
穴	WIT	泬 䛎 坹	泬 䛎 坹	呼決	曉屑合四入	hwet	w̥ˤit	
穴	WIT	穴 坹 䋉 袕	穴 坹 䋉 袕	胡決	匣屑合四入	ghwet	wˤit	
穴	WIT	䴳	䴳	戸八	匣黠合二入	ghweet	wrˤit	
穴	WIT	𥈾	𥈾	於決	影屑合四入	qwet	ʔwˤit	·𥈾，《說文》：「𥈾，目深皃。从目、窅。讀若《易》曰『勿䘏』之『䘏』。」似以「穴」爲聲首。
穴	WIT	𦙮	𦙮	居聿	見質合三A入	kwit		
穴	WIT	鴪	鴪	餘律	以質合三入	jwit	wit	
穴	WIT	㧒	㧒	于筆	云質合三B入	uit		
穴	WIT	㧒	㧒	王勿	云物合三入	ut		
穴	WIT	袕	袕	食聿	船質合三入	zjwit		
血	WIT	血 𥅧 䆝 䒸	血 𥅧 䆝 䒸	呼決	曉屑合四入	hwet	w̥ˤit	
血	WIT	殈	殈	呼狊	曉錫合四入	hwek		
血	WIT	洫 侐 䦗 𨵨	洫 侐 䦗 𨵨	況逼	曉職合三入	huik	w̥it	
血	WIT	侐	侐	火季	曉脂合三A去	hwih	w̥ith	
血	WIT	卹 恤 賉 欰	卹 恤 賉 欰	辛聿	心質合三入	swit	ʍit	
矞	WIT	䆷 瞲	䆷 瞲	呼決	曉屑合四入	hwet		
矞	WIT	潏 譎 𧤾 鐍 憰 𧝃	潏 譎 𧤾 鐍 憰 𧝃	古穴	見屑合四入	kwet	kwˤit	
矞	WIT	劀 鱊	劀 鱊	古滑	見黠合二入	kweet		
矞	WIT	劀	劀	古䫄	見鎋合二入	kwaet		
矞	WIT	橘 𦺖 繘 𧽻 䤎 𣎛	橘 𦺖 繘 𧽻 䤎 𣎛	居聿	見質合三A入	kwit	kwit	
矞	WIT	璚	璚	渠營	羣清合三A平	gwiaeng		·璚，《說文》：「璚，瓊或从矞。」
矞	WIT	獝	獝	況必	曉質合三A入	hwit		
矞	WIT	燏 遹 鷸 驈 繘 𩙅 潏 矞 霱 𧑐 鱊 噊 𦒔 𥎐	燏 遹 鷸 驈 繘 𩙅 潏 矞 霱 𧑐 鱊 噊 𦒔 𥎐	餘律	以質合三入	jwit	wit	
矞	WIT	噊 潏 鱊 驈 𧑐	噊 潏 鱊 驈 𧑐	食聿	船質合三入	zjwit		
叀	WIT	憓 潓 惠 蟪 蕙 橞 繐 譓 鏸 𦒎	憓 潓 惠 蟪 蕙 橞 繐 譓 鏸 𦒎	胡桂	匣齊合四去	ghwejh	wˤih	
叀	WIT	𦒎	𦒎	餘制	以祭開三去	jiejh		
叀	WIT	繐	繐	相銳	心祭合三去	swiejh	ʍeth	
叀	WIT	穗	穗	徐醉	邪脂合三去	zwih	wih	
叀	WIT	韢	韢	此芮	清祭合三去	tshwiejh		
卑	PE	豍 㯅 𥏠 箄 䚜	豍 㯅 𥏠 箄 䚜	邊兮	幫齊四平	pej	pˤe	
卑	PE	㪏	㪏	補米	幫齊四上	pejq	pˤeʔ	
卑	PE	㪏	㪏	博計	幫齊四去	pejh	pˤeh	
卑	PE	鞞	鞞	補鼎	幫青四上	pengq	pˤeŋʔ	
卑	PE	綼	綼	北激	幫錫四入	pek	pˤek	
卑	PE	捭	捭	北買	幫佳二上	peeq	prˤeʔ	
卑	PE	𠜱 錍	𠜱 錍	匹迷	滂齊四平	phej	pʰˤe	
卑	PE	䫌	䫌	匹米	滂齊四上	phejq	pʰˤeʔ	
卑	PE	睥	睥	匹詣	滂齊四去	phejh	pʰˤeh	
卑	PE	㵺	㵺	匹卦	滂佳二去	pheeh	pʰrˤeh	
卑	PE	鼙 鞞 椑 崥 㼰	鼙 鞞 椑 崥 㼰	部迷	並齊四平	bej	bˤe	
卑	PE	髀 𦸣	髀 𦸣	傍禮	並齊四上	bejq	bˤeʔ	
卑	PE	椑	椑	扶歷	並錫四入	bek	bˤek	
卑	PE	琕	琕	部田	並先四平	ben		
卑	PE	牌 䱝 𥱼 郫 蠯	牌 䱝 𥱼 郫 蠯	薄佳	並佳二平	bee	brˤe	
卑	PE	猈	猈	薄蟹	並佳二上	beeq	brˤeʔ	
卑	PE	粺 稗 𪐄	粺 稗 𪐄	傍卦	並佳二去	beeh	brˤeh	
卑	PE	蠯 螷	蠯 螷	蒲幸	並耕二上	beengq	brˤeŋʔ	
卑	PE	牌 猈	牌 猈	步皆	並皆二平	beej		
卑	PE	䇑	䇑	傍下	並麻二上	baeq		·䇑，《名義》普支反。《王三》：「跒。苦下反。跁跒，行皃。二。䇑，短人皃。」《王三》將「䇑」錯置於跒小韻。
卑	PE	卑 鵯 椑 箄 裨 鞞 𩔹 庳 渒 錍 𢃍	卑 鵯 椑 箄 裨 鞞 𩔹 庳 渒 錍 𢃍	府移	幫支三A平	pie	pe	
卑	PE	𢔌 俾 鞞 箄 𪐄 髀 崥 𦸣 𠬈 𢳋	𢔌 俾 鞞 箄 𪐄 髀 崥 𦸣 𠬈 𢳋	并弭	幫支三A上	pieq	peʔ	
卑	PE	碑	碑	彼爲	幫支三B平	pye	pre	
卑	PE	㗗	㗗	甫委	幫支三B上	pyeq	preʔ	
卑	PE	髀	髀	卑履	幫脂三A上	piq	piʔ	
卑	PE	𦸣	𦸣	必至	幫脂三A去	pih	pih	
卑	PE	諀	諀	匹婢	滂支三A上	phieq	pʰeʔ	
卑	PE	陴 𩫫 焷 脾 䴽 埤 裨 蜱 𧓎 螷 蠯 㯅 郫	陴 𩫫 焷 脾 䴽 埤 裨 蜱 𧓎 螷 蠯 㯅 郫	符支	並支三A平	bie	be	
卑	PE	婢 庳	婢 庳	便婢	並支三A上	bieq	beʔ	
卑	PE	郫 㯅	郫 㯅	符羈	並支三B平	bye	bre	
卑	PE	椑 萆 𣮐	椑 萆 𣮐	房益	並昔三A入	biaek	bek	
卑	PE	綼	綼	毗必	並質三A入	bit	bit	
并	PEŊ	絣 拼 䑫	絣 拼 䑫	北萌	幫耕二平	peeng	prˤeŋ	
并	PEŊ	迸	迸	北諍	幫耕二去	peengh	prˤeŋh	
并	PEŊ	㔙	㔙	甫盲	幫庚二平	paeng		
并	PEŊ	𧚭	𧚭	布梗	幫庚二上	paengq		
并	PEŊ	𧻓 跰	𧻓 跰	北孟	幫庚二去	paengh		
并	PEŊ	艵 頩 姘	艵 頩 姘	普丁	滂青四平	pheng	pʰˤeŋ	
并	PEŊ	頩	頩	匹迥	滂青四上	phengq	pʰˤeŋʔ	
并	PEŊ	恲	恲	撫庚	滂庚二平	phaeng		
并	PEŊ	姘	姘	普耕	滂耕二平	pheeng	pʰrˤeŋ	
并	PEŊ	皏	皏	普幸	滂耕二上	pheengq	pʰrˤeŋʔ	
并	PEŊ	瓶 缾 蛢 䶄 屏 荓 䈂 軿 蓱 竮 郱 𤳊 洴 箳	瓶 缾 蛢 䶄 屏 荓 䈂 軿 蓱 竮 郱 𤳊 洴 箳	薄經	並青四平	beng	bˤeŋ	
并	PEŊ	鮩 併	鮩 併	蒲迥	並青四上	bengq	bˤeŋʔ	
并	PEŊ	庄 <庰>	庄 庰	薄萌	並耕二平	beeng		·庄，《廣韻》：「庄，平也。亦作⿸广主。」《五音集韻》：「庄，平也。亦作庰。」「庄」蓋爲「庰」之訛省字。
并	PEŊ	骿 軿 駢 胼 跰 賆	骿 軿 駢 胼 跰 賆	部田	並先四平	ben	bˤin	
并	PEŊ	鮩	鮩	蒲猛	並庚二上	baengq		
并	PEŊ	鮩	鮩	毗必(吉)	並庚二上	baengq		·鮩，《名義》蒲古反、《玉篇》步杏切，兩相對比，知《名義》反切下字「古」爲「杏」之訛字。毗必切質韻讀音與「并」聲不密合，疑下字本作「杏」，或有韻書亦訛爲「吉」，《切韻》系韻書據誤收入《質韻》。
并	PEŊ	并 栟 簈 屏	并 栟 簈 屏	府盈	幫清三A平	piaeng	peŋ	
并	PEŊ	餅 屏 鉼 併 䴵	餅 屏 鉼 併 䴵	必郢	幫清三A上	piaengq	peŋʔ	
并	PEŊ	摒 併 并	摒 併 并	畀政	幫清三A去	piaengh	peŋh	
并	PEŊ	偋 庰	偋 庰	防正	並清三A去	biaengh	beŋh	
并	PEŊ	鵧	鵧	房脂	並脂三A平	bi		·鵧，《名義》蒲加(?)反；《玉篇》歩丁切；《新撰字鏡》普經、蒲加(?)二反；《五經文字》步丁反；《裴韻》房脂反；《廣韻》房脂切。
平	PEŊ	怦 閛 𤘾 伻 䍬 㛁 匉 抨 砰	怦 閛 𤘾 伻 䍬 㛁 匉 抨 砰	普耕	滂耕二平	pheeng	pʰrˤeŋ	
平	PEŊ	萍	萍	薄經	並青四平	beng	bˤeŋ	
平	PEŊ	平 評 苹 枰 泙 坪 胓 蚲	平 評 苹 枰 泙 坪 胓 蚲	符兵	並庚三B平	byaeng	breŋ	
平	PEŊ	評 坪 枰	評 坪 枰	皮命	並庚三B去	byaengh	breŋh	
平	PEŊ	平	平	房連	並仙三A平	bien	ben	
䨻	—	䨻	䨻	蒲迸	並耕二去	beengh		
辟	PEK	壁 鼊 繴 廦 𧲜	壁 鼊 繴 廦 𧲜	北激	幫錫四入	pek	pˤek	
辟	PEK	嬖	嬖	博計	幫齊四去	pejh	pˤekh	
辟	PEK	檗 擘 薜 𤖟 糪	檗 擘 薜 𤖟 糪	博厄	幫麥二入	peek	prˤek	
辟	PEK	㠔	㠔	方賣	幫佳二去	peeh		
辟	PEK	霹 劈 澼 憵 癖 僻	霹 劈 澼 憵 癖 僻	普擊	滂錫四入	phek	pʰˤek	
辟	PEK	糪	糪	普麥	滂麥二入	pheek	pʰrˤek	
辟	PEK	甓 鷿 㱸	甓 鷿 㱸	扶歷	並錫四入	bek	bˤek	
辟	PEK	薜 𥴬	薜 𥴬	蒲計	並齊四去	bejh	bˤekh	
辟	PEK	䌟 繴 𦌠	䌟 繴 𦌠	蒲革	並麥二入	beek	brˤek	
辟	PEK	幦	幦	莫狄	明錫四入	mek	mˤek	
辟	PEK	辟 璧 鐴 躄 𣦢 襞 𨐨	辟 璧 鐴 躄 𣦢 襞 𨐨	必益	幫昔三A入	piaek	pek	
辟	PEK	臂	臂	卑義	幫支三A去	pieh	pekh	
辟	PEK	僻 辟 癖 廦	僻 辟 癖 廦	芳辟	滂昔三A入	phiaek	pʰek	
辟	PEK	𠪮	𠪮	之(正)石	滂昔三A入	phiaek	pʰek	·𠪮，《說文》：「𠪮，仄也。从厂、辟聲。」《切韻》系韻書所收章母讀法與「辟」聲不合。疑早期字韻書反切上字本作「匹」（如《玉篇》匹亦切、《廣雅音》匹亦反）、讀滂母音，或誤作「正」，遂據誤收入之石切。
辟	PEK	譬 㵨	譬 㵨	匹賜	滂支三A去	phieh	pʰekh	
辟	PEK	擗 躄 闢 辟 㱸 𩪧	擗 躄 闢 辟 㱸 𩪧	房益	並昔三A入	biaek	bek	
辟	PEK	避	避	毗義	並支三A去	bieh	bekh	
𠓥	PEN	緶	緶	方典	幫先四上	penq	pˤenʔ	
𠓥	PEN	鞭 鯾 箯	鞭 鯾 箯	卑連	幫仙三A平	pien	pen	
𠓥	PEN	便 緶 楩 㛹 箯 𧍲	便 緶 楩 㛹 箯 𧍲	房連	並仙三A平	bien	ben	·便，金文作「𠓥(鞭)」聲，秦漢文字類化爲「更」旁，遂作「便」。
𠓥	PEN	楩	楩	符善	並仙三A上	bienq	benʔ	
𠓥	PEN	便	便	婢面	並仙三A去	bienh	benh	
扁	PEN	甂 蝙 猵 編 萹 牑 蹁	甂 蝙 猵 編 萹 牑 蹁	布玄	幫先四平	pen	pˤen	
扁	PEN	編 匾 𦄒 萹 惼 碥 扁 糄	編 匾 𦄒 萹 惼 碥 扁 糄	方典	幫先四上	penq	pˤenʔ	
扁	PEN	徧 遍	徧 遍	方見	幫先四去	penh	pˤenh	
扁	PEN	斒 鯿	斒 鯿	布還	幫刪二平	paen	prˤen	
扁	PEN	斒	斒	方閑	幫山二平	peen		
扁	PEN	蹁 㼐 楄	蹁 㼐 楄	部田	並先四平	ben	bˤen	
扁	PEN	艑 𪉱 扁 㲢 𤻶 𩩯	艑 𪉱 扁 㲢 𤻶 𩩯	薄泫	並先四上	benq	bˤenʔ	
扁	PEN	癟	癟	蒲結	並屑四入	bet	bˤet	·癟，「癟」內所從源自「扁」之訛變。說見：劉釗《“癟”字源流考》。
扁	PEN	鯿 編 揙	鯿 編 揙	卑連	幫仙三A平	pien	pen	
扁	PEN	褊	褊	方緬	幫仙三A上	pienq	penʔ	
扁	PEN	㻞	㻞	府巾	幫真三B平	pyin		
扁	PEN	篇 偏 翩 媥 㾫 扁 萹	篇 偏 翩 媥 㾫 扁 萹	芳連	滂仙三A平	phien	pʰen	
扁	PEN	騗 偏	騗 偏	匹戰	滂仙三A去	phienh	pʰenh	
扁	PEN	癟	癟	芳滅	滂薛三A入	phiet	pʰet	
扁	PEN	諞 楄	諞 楄	房連	並仙三A平	bien	ben	
扁	PEN	諞 扁	諞 扁	符善	並仙三A上	bienq	benʔ	
扁	PEN	諞	諞	符蹇	並仙三B上	byenq	brenʔ	
扁	PEN	猵	猵	毗忍	並真三A上	binq	binʔ	
扁	PEN	頨	頨	許緣	曉仙合三A平	hwien		·頨，《說文》：「頨，頭妍也。从頁，翩省聲。讀若翩。」此字又王矩切，蓋或以爲「羽」聲而誤讀。
辨	PEN	辬	辬	布還	幫刪二平	paen		
辨	PEN	㸤	㸤	普麵	滂先四去	phenh	pʰˤenh	
辨	PEN	𥌊	𥌊	匹莧	滂山二去	pheenh	pʰrˤenh	
辨	PEN	辮	辮	薄泫	並先四上	benq	bˤenʔ	
辨	PEN	瓣 辨 辦 𥌊	瓣 辨 辦 𥌊	蒲莧	並山二去	beenh	brˤenh	
辨	PEN	㦚	㦚	方緬	幫仙三A上	pienq	penʔ	
辨	PEN	辡	辡	方免	幫仙三B上	pyenq	prenʔ	
辨	PEN	㦚	㦚	符善	並仙三A上	bienq	benʔ	
辨	PEN	辯 辡 辨	辯 辡 辨	符蹇	並仙三B上	byenq	brenʔ	
䛒	—	𧦪 <䛒>	𧦪 䛒	符蹇	並仙三B上	byenq		·𧦪，「䛒」之訛字，从「巧」从「言」，｛辯｝之後起會意字。
片	PEN	片 䏒	片 䏒	普麵	滂先四去	phenh	pʰˤenh	·片，从半「木」。古今文字系統中作半「木」之形者有至少兩組確定來源不同的讀音：①精組錫部TSEK，爲「𣂔(析)」之省形，一般釋寫作「𰀠」，戰國秦漢文字「𥫪(策)」、漢碑「㭊」皆以之爲聲。馬王堆帛書《老子》乙本：「善數者不以檮(籌)𥫪(策)。241」甲本：「善數者不以檮𥮥。」今王弼本作「善數者無籌策」。石鼓文《田車》：「𨖍(吾)㠯(以)𨹷(躋)于邍(原)。」漢代張遷碑：「陽氣厥㭊(析)，感思舊君。」②幫組元部，細審之亦可分爲兩類。其詞與｛辨｝-EN或｛判｝-AN同源。《說文·片部》：「片，判木也。」《論語·顏淵》：「片言可以折獄者，其由也與？」何晏集解引孔安國：「片，猶偏也。」陸德明釋文：「片，如字。鄭云：半也。」《莊子·則陽》「雌雄片合於是庸有。」陸德明釋文：「片，音判，又如字。」《釋文》所謂如字，是以霰韻phenh音爲正，音判phanh者別一讀。切韻聲系中二音同出，「沜」普半切乃以後者爲聲。
片	PEN	沜	沜	普半	滂寒一去	phanh		
臱	PEN	邊 籩 𤄺 𥣰 𨇱 𠑟 䟍	邊 籩 𤄺 𥣰 𨇱 𠑟 䟍	布玄	幫先四平	pen	pˤen	
臱	PEN	𥣰 𥤓	𥣰 𥤓	方典	幫先四上	penq	pˤenʔ	
臱	PEN	矏 𥌂 䰓 㝰	矏 𥌂 䰓 㝰	莫賢	明先四平	men	mˤen	
臱	PEN	矏 𢣔 䫵 櫋 臱	矏 𢣔 䫵 櫋 臱	武延	明仙三A平	mien	men	
臱	PEN	䟍	䟍	於蹇	影仙開三B上	qyenq		·䟍，走也。《名義》微謇反；《新撰字鏡》微謇反；《王三》於蹇反；大徐本《說文》布賢切；《廣韻》布玄、於蹇二切；小徐本《說文》辟涓反。
宀	—	宀	宀	武延	明仙三A平	mien		·宀，《說文·宀部》：「宀，交覆深屋也。象形。凡宀之屬皆从宀。」段玉裁注：「自部𦤝下曰：『宀宀、不見也。』」「宀宀」，又作「臱臱」、「綿綿」、「民民」。《說文·自部》：「𦤝，宀宀不見也。」段玉裁注：「宀宀、密緻皃。毛詩曰『緜緜』；韓詩曰『民民』。」《說文·宀部》：「𡫛，𦤝𦤝，不見也。一曰𦤝𦤝，不見省人。」
㡀	PET	㢼 𩋇 𡘴 䌘 䘷	㢼 𩋇 𡘴 䌘 䘷	方結	幫屑四入	pet	pˤet	
㡀	PET	撆 𢠳 瞥 䭱 嫳 䫾 鐅 暼	撆 𢠳 瞥 䭱 嫳 䫾 鐅 暼	普蔑	滂屑四入	phet	pʰˤet	
㡀	PET	蹩 𩓝 䭱 𢛎 襒	蹩 𩓝 䭱 𢛎 襒	蒲結	並屑四入	bet	bˤet	
㡀	PET	鷩 鼈 虌 鄨 𡐞 憋 䳤	鷩 鼈 虌 鄨 𡐞 憋 䳤	并列	幫薛三A入	piet	pet	
㡀	PET	蔽 鄨 鷩 彆	蔽 鄨 鷩 彆	必袂	幫祭三A去	piejh	peth	
㡀	PET	瞥 潎 憋	瞥 潎 憋	芳滅	滂薛三A入	phiet	pʰet	
㡀	PET	潎	潎	匹蔽	滂祭三A去	phiejh	pʰeth	
㡀	PET	弊 斃 幣 㡀 敝	弊 斃 幣 㡀 敝	毗祭	並祭三A去	biejh	beth	
八	PET	扒	扒	博怪	幫皆二去	peejh		
八	PET	八 𩡩 朳 扒 玐 釟	八 𩡩 朳 扒 玐 釟	博拔	幫黠二入	peet	prˤet	
八	PET	汃 𪗔 𥐙	汃 𪗔 𥐙	普八	滂黠二入	pheet	pʰrˤet	
八	PET	扒	扒	方别	幫薛三B入	pyet		
八	PET	汃	汃	府巾	幫真三B平	pyin		·汃，《說文》：「汃，西極之水也。从水、八聲。《爾雅》曰：『西至汃國，謂四極。』」段玉裁注：「《爾雅》曰：『西至於汃國，謂之四極。』《釋地》曰：『東至於大遠，西至於邠國，南至於濮鉛，北至於祝栗，謂之四極。』《釋文》：『邠，本或作豳。』《說文》作『汃』、同。」
別	PET	㭭	㭭	方結	幫屑四入	pet		
別	PET	捌 䤢 哵	捌 䤢 哵	博拔	幫黠二入	peet	prˤet	
別	PET	捌 㭭	捌 㭭	百鎋	幫鎋二入	paet		
別	PET	䇷 𧧸 莂 別	䇷 𧧸 莂 別	方别	幫薛三B入	pyet	pret	
別	PET	別 𡷘	別 𡷘	皮列	並薛三B入	byet	bret	
丿	—	丿	丿	普蔑	滂屑四入	phet		
𠬪	PEU	𤔣	𤔣	薄報	並豪一去	bawh		
𠬪	PEU	拋	拋	匹交	滂肴二平	phaew	pʰrˤeu	·拋，之「𡯄」實爲聲符「𠬪」之訛形。「𠬪」中的手形逐漸訛變，或訛爲二「力」形，後或寫作「𡯄」。可參：侯乃峰《安大簡〈詩經〉中的幾個字補説》第三則（《簡帛國際學術研討會（〈詩〉類文獻專題）會議論文集》）。
𠬪	PEU	拋	拋	匹皃	滂肴二去	phaewh		
𠬪	PEU	𦯏	𦯏	於角	影覺二入	qoeuk		
𠬪	PEU	𦭼	𦭼	符少	並宵三A上	biewq	beuʔ	
𠬪	PEU	殍 <𣧶> 莩 <𦭼> 𠬪	殍 𣧶 莩 𦭼 𠬪	平表	並宵三B上	byewq	breuʔ	
𠬪	PEU	殍 <𣧶>	殍 𣧶	符鄙	並脂三B上	byiq	bruʔ	
票	PEU	𢿏	𢿏	匹交	滂肴二平	phaew		
票	PEU	標 瘭 幖 熛 㠒 𧽤 蔈	標 瘭 幖 熛 㠒 𧽤 蔈	甫遙	幫宵三A平	piew	peu	
票	PEU	褾 𧢄 標 㟽	褾 𧢄 標 㟽	方小	幫宵三A上	piewq	peuʔ	
票	PEU	𤐫 漂 嫖 旚 鏢 僄 𪅃 飄 慓 彯 摽 𧽤 𨄏 翲 瞟 螵 嘌	𤐫 漂 嫖 旚 鏢 僄 𪅃 飄 慓 彯 摽 𧽤 𨄏 翲 瞟 螵 嘌	撫招	滂宵三A平	phiew	pʰeu	
票	PEU	縹 醥 顠 篻 瞟 膘	縹 醥 顠 篻 瞟 膘	敷沼	滂宵三A上	phiewq	pʰeuʔ	
票	PEU	膘	膘	子小	滂宵三A上	phiewq	pʰeuʔ	·膘，「票」聲字不得音中古精母。葛信益以爲反切上字「子」乃「于」之誤，引《詩·小雅·車攻》釋文「𩩐，一本作𩨴，吕忱于小反，本或作膘」證之（說見：葛信益《〈廣韻〉訛奪舉正（增定稿）》）。王建謂葛說非是，以爲乃所據切語上字「孚」訛作「子」而誤收精母音（說見：王建《韻書“膘”字反切勘誤》）。今從王說。
票	PEU	剽 彯 㬓 漂 僄 翲 䏇 勡 摽 嫖 慓	剽 彯 㬓 漂 僄 翲 䏇 勡 摽 嫖 慓	匹妙	滂宵三A去	phiewh	pʰeuh	
票	PEU	瓢 飄 剽 薸 螵	瓢 飄 剽 薸 螵	符霄	並宵三A平	biew	beu	
票	PEU	摽 𢹰 鰾 慓 顠 𩮳 膘	摽 𢹰 鰾 慓 顠 𩮳 膘	符少	並宵三A上	biewq	beuʔ	
票	PEU	驃	驃	毗召	並宵三A去	biewh	beuh	
票	PEU	篻	篻	彌遙	明宵三A平	miew	meu	
勺²	PEUK	𥭖 肑 趵	𥭖 肑 趵	北角	幫覺二入	poeuk		
勺²	PEUK	豹 䶂	豹 䶂	北敎	幫肴二去	paewh	prˤeukh	
勺²	PEUK	瓝 𥭓	瓝 𥭓	蒲角	並覺二入	boeuk	brˤeuk	
勺²	PEUK	𥭓	𥭓	測(叉)角	並覺二入	boeuk	brˤeuk	·𥭓，軬帶，《方言注》音瓜瓝；《名義》叉卓反；《玉篇》叉卓切；《新撰字鏡》叉卓反；《廣雅音註》步角、叉角二反；《王三》測角反；《廣韻》蒲角、測角二切；疑或有韻書反切上字作「皮」，本讀並母、音瓝，後訛作「叉」，遂誤讀初母。待考。
勺²	PEUK	尥	尥	薄交	並肴二平	baew		
勺²	PEUK	杓	杓	甫遙	幫宵三A平	piew	peu	
勺²	PEUK	杓	杓	撫招	滂宵三A平	phiew	pʰeu	
猋	PEU	飆 猋 𦠎 𣄠 贆	飆 猋 𦠎 𣄠 贆	甫遙	幫宵三A平	piew	peu	
猋	PEU	䔸	䔸	陂矯	幫宵三B上	pyewq		
猋	PEU	𦠎	𦠎	撫招	滂宵三A平	phiew	pʰeu	
驫	—	驫	驫	甫遙	幫宵三A平	piew	peu	
驫	—	驫	驫	甫烋	幫幽三平	pyiw	p(r)iu	
䬕	—	𩖛 <䬕>	𩖛 䬕	皮彪	並幽三平	byiw		·𩖛，蓋「䬕」之訛字。又作「飍」。
羋	ME	羋 䖹	羋 䖹	綿婢	明支三A上	mieq	meʔ	
弭	ME	麛	麛	莫兮	明齊四平	mej	mˤe	
弭	ME	渳 弭 葞 㥝	渳 弭 葞 㥝	綿婢	明支三A上	mieq	meʔ	·弭，《說文》：「弭，弓無緣，可以解轡紛者。从弓，耳聲。𢏱，弭或从兒。」「耳」在之部，與支部「弭」字不諧，非聲。張富海謂其字从「弓」从「耳」會意（說見：張富海《利用諧聲構擬上古音應該注意的幾個問題》），可疑。古文字的「弭」大概本是一個爲古漢語｛弭｝*meʔ造的整體表意字，象末端有裝飾的弓形，後上端裝飾脫落（字形參考《集成》02780），而類化爲「耳」形。
黽	MEŊ MIN	𥋝	𥋝	莫耕	明耕二平	meeng		
黽	MEŊ MIN	鼆 黽	鼆 黽	武幸	明耕二上	meengq	mˤeŋʔ	·黽，可參：麥耘《“黽”字上古音歸部說》、馬坤《論“黽”及相關諸字之古讀及形體演變》等。
黽	MEŊ MIN	鄳 𥋝	鄳 𥋝	武庚	明庚二平	maeng		
黽	MEŊ MIN	𥋝 鱦 鄳	𥋝 鱦 鄳	莫幸(杏)	明庚二上	maengq		
黽	MEŊ MIN	僶 黽 澠	僶 黽 澠	武盡	明真三A上	minq	minʔ	
黽	MEŊ MIN	𦌡	𦌡	眉殞	明真三B上	myinq		
黽	MEŊ MIN	黽	黽	彌兖	明仙三A上	mienq		·黽，黽池，縣名，又作「澠」。
名	MEŊ	銘	銘	莫經	明青四平	meng	mˤeŋ	
名	MEŊ	茗 酩 眳 姳	茗 酩 眳 姳	莫迥	明青四上	mengq	mˤeŋʔ	
名	MEŊ	名 洺	名 洺	武并	明清三A平	miaeng	meŋ	
名	MEŊ	眳	眳	亡井	明清三A上	miaengq	meŋʔ	
名	MEŊ	詺	詺	彌正	明清三A去	miaengh		
冖	MEŊ	冥 榠 鄍 溟 䫤 螟 𧱴 猽 蓂 瞑 嫇 覭 暝	冥 榠 鄍 溟 䫤 螟 𧱴 猽 蓂 瞑 嫇 覭 暝	莫經	明青四平	meng	mˤeŋ	
冖	MEŊ	嫇 溟	嫇 溟	莫迥	明青四上	mengq	mˤeŋʔ	
冖	MEŊ	䒌 暝	䒌 暝	莫定	明青四去	mengh	mˤeŋh	
冖	MEŊ	瞑 䏃	瞑 䏃	莫賢	明先四平	men	mˤin	
冖	MEŊ	㨠	㨠	彌殄	明先四上	menq		
冖	MEŊ	瞑 𩈹 𥻩	瞑 𩈹 𥻩	莫甸	明先四去	menh	mˤinh	
冖	MEŊ	嫇	嫇	莫耕	明耕二平	meeng		
冖	MEŊ	幎 𧜀 鼏 羃 冂 蓂 覭 𪒄 䈿 濗 塓	幎 𧜀 鼏 羃 冂 蓂 覭 𪒄 䈿 濗 塓	莫狄	明錫四入	mek	mˤek	
冖	MEŊ	𤣘	𤣘	郎丁	來青開四平	leng		·𤣘，《廣韻》郎丁切：「𤣘，《通俗文》云：『猪糞曰𤣘。』」《倭名類聚抄》卷六動物類引《通俗文》作：「糞鼠一名𤣘。」林源以爲當以《和名抄》爲正，《廣韻》引倒訛。說見：林源《〈通俗文〉研究》。
冖	MEŊ	冟	冟	施隻	書昔開三入	sjiaek		·冟，《說文》：「冟，飯剛柔不調相著。从皀、冖聲。讀若適。」
冖	MEŊ	慏	慏	亡井	明清三A上	miaengq		
冖	MEŊ	𧖅	𧖅	彌畢	明質三A入	mit	mit	
鳴	MEŊ	鳴	鳴	武兵	明庚三B平	myaeng	mreŋ	
糸	MEK	糸	糸	莫狄	明錫四入	mek		
𠂢	MEK	庍 <𠂢>	庍 𠂢	方卦	幫佳二去	peeh		
𠂢	MEK	䤨	䤨	普擊	滂錫四入	phek		
𠂢	MEK	派 𠂢 𥿯 㭛	派 𠂢 𥿯 㭛	匹卦	滂佳二去	pheeh	pʰrˤekh	
𠂢	MEK	𥛟	𥛟	匹角	滂覺二入	phoeuk		
𠂢	MEK	覓 覛 䮭 㵋 <漞> 漞 𧱻 䌐 𧐎	覓 覛 䮭 㵋 漞 漞 𧱻 䌐 𧐎	莫狄	明錫四入	mek	mˤek	·覓，本作「𧠨」，後訛作「覓」或「覔」之形，段玉裁《說文解字注》「覛」下云：「俗有尋覓字。此篆之譌體。」是也。舊或以西周金文从「爪」从「見」之字爲此「覓」，是未審古今文字之畛域，謬。古文字之「覓」見於班簋、曶鼎、清華簡十《四告》，係別一字，其音讀待考。·㵋，蓋「漞」之訛字，爲「汨」之中古異體。
𠂢	MEK	𧖴 脈 脉 衇 霢 眽 覛 𧡒	𧖴 脈 脉 衇 霢 眽 覛 𧡒	莫獲	明麥二入	meek	mrˤek	
丏	MEN	丏 眄	丏 眄	彌殄	明先四上	menq	mˤenʔ	
丏	MEN	麪 眄 㴐 𡧍	麪 眄 㴐 𡧍	莫甸	明先四去	menh	mˤenh	
丏	MEN	𥾝 𥸴	𥾝 𥸴	莫結	明屑四入	met	mˤet	
丏	MEN	𧉄 𣏜	𧉄 𣏜	武延	明仙三A平	mien	men	
丏	MEN	沔 汅	沔 汅	彌兖	明仙三A上	mienq	menʔ	
面	MEN	麵 𩈹	麵 𩈹	莫甸	明先四去	menh		
面	MEN	蝒 㮌	蝒 㮌	武延	明仙三A平	mien	men	
面	MEN	緬 湎 愐 𩋠 偭 勔 𢃮	緬 湎 愐 𩋠 偭 勔 𢃮	彌兖	明仙三A上	mienq	menʔ	
面	MEN	面 偭	面 偭	彌箭	明仙三A去	mienh	menh	
蔑	MET	蔑 懱 𧂝 㩢 蠛 篾 幭 鱴 衊 䩏 㒝 𤊾 𪇴 𥣫 瀎 𩱷	蔑 懱 𧂝 㩢 蠛 篾 幭 鱴 衊 䩏 㒝 𤊾 𪇴 𥣫 瀎 𩱷	莫結	明屑四入	met	mˤet	
蔑	MET	㩢	㩢	莫計	明齊四去	mejh		
蔑	MET	礣 㩢	礣 㩢	莫鎋	明鎋二入	maet	mrˤet	
蔑	MET	䯦 礣	䯦 礣	莫八	明黠二入	meet		
蔑	MET	𨣱 𥄕 𩱷 𥽘 瀎	𨣱 𥄕 𩱷 𥽘 瀎	莫撥	明末一入	mat		
蔑	MET	韤 韈 襪 㒝	韤 韈 襪 㒝	望發	明月三入	muot	mat	
小³	MEU	䖢 㠺 𪃦	䖢 㠺 𪃦	彌遙	明宵三A平	miew	meu	
小³	MEU	眇 渺 訬 𦳥 杪 秒 吵 篎	眇 渺 訬 𦳥 杪 秒 吵 篎	亡沼	明宵三A上	miewq	meuʔ	·杪，見「小」下。
小³	MEU	妙 玅 篎	妙 玅 篎	彌笑	明宵三A去	miewh	meuh	
智	TE	䚐	䚐	他歷	透錫開四入	thek		
智	TE	䚐	䚐	前(秦)歷	透錫開四入	thek		·䚐，「智」聲字不得音中古精組，疑早期字韻書切語上字本作「泰」（如《新撰字鏡》泰秋反），或訛作「秦」（如《名義》秦秋反），《切韻》系韻書據誤收入前歷切。
智	TE	𤂥	𤂥	瑒伯	澄陌開二入	draek		
智	TE	知 䵹 鼅 蜘 䣽 䝷	知 䵹 鼅 蜘 䣽 䝷	陟移	知支開三平	trie	tre	
智	TE	智 𣉻 潪	智 𣉻 潪	知義	知支開三去	trieh	treh	
智	TE	痴	痴	丑之	徹之開三平	trhy		·痴，又作「癡」。
智	TE	踟	踟	直離	澄支開三平	drie		
智	TE	潪	潪	直炙	澄昔開三入	driaek		
是	TE	鞮 隄 堤 𡰖 鍉 䐎 䚣 㓳	鞮 隄 堤 𡰖 鍉 䐎 䚣 㓳	都奚	端齊開四平	tej	tˤe	
是	TE	堤	堤	都禮	端齊開四上	tejq	tˤeʔ	
是	TE	蝭	蝭	都計	端齊開四去	tejh	tˤeh	
是	TE	醍 緹 𣈡	醍 緹 𣈡	他禮	透齊開四上	thejq	tʰˤeʔ	
是	TE	睼	睼	他甸	透先開四去	thenh	tʰˤenh	
是	TE	𥶛 提 瑅 隄 題 媞 𧡨 醍 褆 禔 緹 騠 䚣 𡰄 <𡰖> 𪂿 𡰖 蝭 趧 鯷 睼	𥶛 提 瑅 隄 題 媞 𧡨 醍 褆 禔 緹 騠 䚣 𡰄 𡰖 𪂿 𡰖 蝭 趧 鯷 睼	杜奚	定齊開四平	dej	dˤe	
是	TE	㼵 媞	㼵 媞	徒禮	定齊開四上	dejq	dˤeʔ	
是	TE	踶 題 𧡨 鯷 𪂿 𥶛	踶 題 𧡨 鯷 𪂿 𥶛	特計	定齊開四去	dejh	dˤeh	
是	TE	禔	禔	章移	章支開三平	tjie	te	
是	TE	𢐂	𢐂	陟吏	知之開三去	tryh		
是	TE	提 𦑡 㖷 匙 䈕 堤 禔 𦳚	提 𦑡 㖷 匙 䈕 堤 禔 𦳚	是支	常支開三平	djie	de	
是	TE	是 媞 諟 徥 褆	是 媞 諟 徥 褆	承紙	常支開三上	djieq	deʔ	
是	TE	𢐂 鯷 䊓	𢐂 鯷 䊓	是義	常支開三去	djieh	deh	
是	TE	寔 湜 遈	寔 湜 遈	常職	常職開三入	djyk	dək	·寔、湜，中古職韻，上古應在職部，與「是」聲不合。也許與「是」的虛化有關，待考。
是	TE	䊓 踶 褆 徥	䊓 踶 褆 徥	池爾	澄支開三上	drieq	dreʔ	
是	TE	翨	翨	施智	書支開三去	sjieh		
氏	TE	衹 氏	衹 氏	章移	章支開三平	tjie	te	·氏，傳世文字系統中所謂「氏」聲系於切韻聲系有兩類：一者章組支韻系，如「氏」「紙」等；一者群母支韻巨支切，有「祇」「軝」等字。舊據以將「氏」聲諸字構擬爲牙喉音K-，謂中古章組諸字乃K-顎化之故，實非。張富海據氏族之｛氏｝於出土材料多作「是」、｛是｝亦有作「氏」者，論「氏」之古音在舌尖塞音T-（說見：張富海《據古文字論“氏”、“視”等字的上古聲母》），應可信。然中古巨支切諸字費解，白-沙構擬*kd-之類複輔音，張文從之，謂聲幹d-被冠音k-同化而讀中古群母，恐難信。舊謂「氏」「氐」一字之分化，或據中古群母諸字疑其非（見：大西克也《從出土資料再論章系字腭化的年代》），莫衷一是。俟考。
氏	TE	紙 帋 扺 坁 汦	紙 帋 扺 坁 汦	諸氏	章支開三上	tjieq	teʔ	
氏	TE	𡚼	𡚼	尺氏	昌支開三上	tjhieq		
氏	TE	忯 眂 𣏚	忯 眂 𣏚	是支	常支開三平	djie		
氏	TE	氏 䟗	氏 䟗	承紙	常支開三上	djieq		
氏	TE	舐	舐	神帋	船支開三上	zjieq		
氏	TE	𦐊	𦐊	施智	書支開三去	sjieh		
氏	KE	祇 衹 疧 忯 軝 𩉬 芪 䲬 蚔 䉻	祇 衹 疧 忯 軝 𩉬 芪 䲬 蚔 䉻	巨支	羣支開三A平	gie	ɡe	
丁	TEŊ	丁 釘 玎 䦺 靪 虰 仃 叮	丁 釘 玎 䦺 靪 虰 仃 叮	當經	端青開四平	teng	tˤeŋ	
丁	TEŊ	頂 𩠑 奵 耵 酊 葶 靪 打	頂 𩠑 奵 耵 酊 葶 靪 打	都挺	端青開四上	tengq	tˤeŋʔ	
丁	TEŊ	矴 釘 訂 飣 𦘭 顁 錠	矴 釘 訂 飣 𦘭 顁 錠	丁定	端青開四去	tengh	tˤeŋh	
丁	TEŊ	打	打	德冷	端庚開二上	taengq		
丁	TEŊ	朾 丁 玎 𧯫 䟓	朾 丁 玎 𧯫 䟓	中莖	知耕開二平	treeng	trˤeŋ	
丁	TEŊ	盯	盯	張梗	知庚開二上	traengq		
丁	TEŊ	綻	綻	丈莧	知山開二去	treenh		
丁	TEŊ	汀 訂 町 艼 𦉬 庁	汀 訂 町 艼 𦉬 庁	他丁	透青開四平	theng	tʰˤeŋ	
丁	TEŊ	圢 町 艼 𤱹 𦉬	圢 町 艼 𤱹 𦉬	他鼎	透青開四上	thengq	tʰˤeŋʔ	
丁	TEŊ	汀 [忊]	汀 忊	他定	透青開四去	thengh		·忊，《廣韻》：「汀，汀瀅。[忊，]不遂志，又音㕔。」據葛信益《〈廣韻〉訛奪舉正（增定稿）》補。
丁	TEŊ	圢 町	圢 町	他典	透先開四上	thenq		·町，町畽，參看趙彤《語流音變和聯綿詞的讀音》。
丁	TEŊ	䟓 竀	䟓 竀	丑庚	徹庚開二平	trhaeng		
丁	TEŊ	停 葶 亭 聤 渟 𩹇 㼗 𧖧 楟	停 葶 亭 聤 渟 𩹇 㼗 𧖧 楟	特丁	定青開四平	deng	dˤeŋ	
丁	TEŊ	町 訂	町 訂	徒鼎	定青開四上	dengq	dˤeŋʔ	
丁	TEŊ	定 掟 錠	定 掟 錠	徒徑	定青開四去	dengh	dˤeŋh	
丁	TEŊ	淀	淀	堂練	定先開四去	denh	dˤenh	
丁	TEŊ	揨 𢾊 𢿦 <𢾊> 朾 虰 䁎 䆑	揨 𢾊 𢿦 𢾊 朾 虰 䁎 䆑	宅耕	澄耕開二平	dreeng	drˤeŋ	·𢿦，蓋「𢾊」之訛字。
丁	TEŊ	盯	盯	直庚	澄庚開二平	draeng		
丁	TEŊ	征 𨒌 𦙫 鉦 怔 正 鴊 䋊 眐 𧘿 佂	征 𨒌 𦙫 鉦 怔 正 鴊 䋊 眐 𧘿 佂	諸盈	章清開三平	tjiaeng	teŋ	
丁	TEŊ	整	整	之郢	章清開三上	tjiaengq	teŋʔ	
丁	TEŊ	政 正 証 鴊	政 正 証 鴊	之盛	章清開三去	tjiaengh	teŋh	
丁	TEŊ	䟓 竀 虰	䟓 竀 虰	丑貞	徹清開三平	trhiaeng	tʰreŋ	
丁	TEŊ	成 𢦩 城 誠 宬 郕 筬 盛 珹 䫆	成 𢦩 城 誠 宬 郕 筬 盛 珹 䫆	是征	常清開三平	djiaeng	deŋ	·䫆，見渠京切之「䫆」。
丁	TEŊ	盛 墭 晟	盛 墭 晟	承正	常清開三去	djiaengh	deŋh	
丁	TEŊ	𪑬	𪑬	丈證	澄蒸開三去	dryngh		
丁	TEŊ	䫆	䫆	渠京	羣庚開三B平	gyaeng		·䫆，頸項。《廣雅》：「䫆，項也。」《廣韻》「䫆」字收渠京、是征二切，渠京切之聲母與「成」聲字形不合、而是征切與之密合。是｛䫆｝本｛頸｝*keŋʔ之同源詞，上古讀*ɡeŋ、*ɡreŋ，前一音的聲母後在主元音e影響下腭化，與「成」同音，時人遂造形聲字「䫆」字記錄之；後者未腭化，中古讀群母，同樣借爲前一音造的「䫆」字記錄，遂有此讀爲群母的「成」聲字。
鼎	TEŊ	𩕢 鼎 薡 濎	𩕢 鼎 薡 濎	都挺	端青開四上	tengq	tˤeŋʔ	
鼎	TEŊ	偵	偵	猪孟	知庚開二去	traengh		
鼎	TEŊ	湞	湞	宅耕	澄耕開二平	dreeng		
鼎	TEŊ	貞 楨 禎 𨜓 湞 𨺟	貞 楨 禎 𨜓 湞 𨺟	陟盈	知清開三平	triaeng	treŋ	
鼎	TEŊ	偵 赬	偵 赬	丑貞	徹清開三平	trhiaeng	tʰreŋ	·赬，又作「𧹙」、「䞓」。
鼎	TEŊ	遉 偵	遉 偵	丑鄭	徹清開三去	trhiaengh	tʰreŋh	
鼎	TEŊ	𨜓	𨜓	直貞	澄清開三平	driaeng		
帝	TEK	適 嫡 甋 鏑 滴 蹢 樀 𥕐 𪄱 𣂉 啇	適 嫡 甋 鏑 滴 蹢 樀 𥕐 𪄱 𣂉 啇	都歷	端錫開四入	tek	tˤek	
帝	TEK	帝 諦 偙 腣 渧	帝 諦 偙 腣 渧	都計	端齊開四去	tejh	tˤekh	
帝	TEK	腣 揥	腣 揥	都奚	端齊開四平	tej		
帝	TEK	摘 謫 讁 䊞	摘 謫 讁 䊞	陟革	知麥開二入	treek	trˤek	
帝	TEK	𪄱 𪐏 嫡 𥧮	𪄱 𪐏 嫡 𥧮	陟格	知陌開二入	traek		
帝	TEK	膪 𢕮	膪 𢕮	竹賣	知佳開二去	treeh		
帝	TEK	𢕮 膪	𢕮 膪	陟駕	知麻開二去	traeh		
帝	TEK	摘	摘	他歷	透錫開四入	thek	tʰˤek	
帝	TEK	揥 䎮	揥 䎮	他計	透齊開四去	thejh	tʰˤekh	
帝	TEK	𥛚	𥛚	丑歷	透錫開四入	thek		
帝	TEK	敵 䵂 樀 㹍	敵 䵂 樀 㹍	徒歷	定錫開四入	dek	dˤek	
帝	TEK	締 禘	締 禘	特計	定齊開四去	dejh		
帝	TEK	啼 蹄 締 䱱 崹 䱱 鶙	啼 蹄 締 䱱 崹 䱱 鶙	杜奚	定齊開四平	dej	dˤe	·啼、蹄，兩字初作「嗁」、「蹏」，古音在以組，東漢以後作「帝」聲。
帝	TEK	適	適	之石	章昔開三入	tjiaek	tek	
帝	TEK	𪐏	𪐏	竹益	知昔開三入	triaek		
帝	TEK	擿 䵂 蹢	擿 䵂 蹢	直炙	澄昔開三入	driaek	drek	
帝	TEK	適 𡣪	適 𡣪	施隻	書昔開三入	sjiaek	stek	
帝	TEK	啻	啻	施智	書支開三去	sjieh	stekh	
隻	TEK	隻 䨥	隻 䨥	之石	章昔開三入	tjiaek	tek	
勺¹	TEUK	𢁕 㣿 扚 䄪	𢁕 㣿 扚 䄪	都了	端蕭開四上	tewq	tˤeuʔ	
勺¹	TEUK	芍 𦯪	芍 𦯪	胡(下)了	端蕭開四上	tewq	tˤeuʔ	·芍、𦯪，鳧茈草，《爾雅》：「芍，鳧茈。」陸德明釋文：「戶了反。」胡了切之聲母可疑，疑上字本作「丁」，訛作「丅」（如《名義》下了反；《玉篇》下了切），遂誤讀匣母。
勺¹	TEUK	瘹 釣	瘹 釣	多嘯	端蕭開四去	tewh		
勺¹	TEUK	的 靮 馰 肑 芍 䶂 玓 𦉹 𥐝 扚 魡 㣿 杓	的 靮 馰 肑 芍 䶂 玓 𦉹 𥐝 扚 魡 㣿 杓	都歷	端錫開四入	tek	tˤeuk	
勺¹	TEUK	尥	尥	力弔	來蕭開四去	lewh		
勺¹	TEUK	灼 彴 㣿 勺 酌 妁 䶂 𧘑	灼 彴 㣿 勺 酌 妁 䶂 𧘑	之若	章藥開三入	tjyak	teuk	·勺，傳世「勺」聲系有三類讀音：①端組宵藥部TEU[,K]、②幫組藥部PEUK、③影母藥部ɁEUK。黃易青謂「勺」一形多用爲｛勺｝*teuk和｛瓢｝*beu（說見：黃易青《論“諧聲”的鑒別及聲符的的歷史音變》），其說甚是，今據以分「勺¹」TEU[,K]、「勺²」PEUK二聲系。今本《論語·雍也》：「一瓢飲」，安大簡二《仲尼曰》作「一勺⿰氵𨟻」，是「勺」或可讀｛瓢｝、或讀｛勺｝而與｛瓢｝同謂，皆不違其理。藤堂明保、龐光華以爲乃訓讀｛杓｝（見：龐光華《上古音及相關問題綜合研究：以複輔音聲母爲中心》），未達一間。古音學家或以複輔音擬合端幫組二讀，似未審。今分爲兩聲。「約」聲音影母，與前述二音有別。鄔可晶謂「約」本讀T-，後讀影母與｛要｝義近有關（說見：鄔可晶《“弱”、“約”有關字詞的考察》），其說可從。古漢語端組幽宵部T[I,E]U當有一義爲“纏繞”的詞族，其詞如｛周｝*tiu、｛綢｝*driu（安大簡《詩》｛綢｝作「𥾯」，作「弔」聲）、｛紹｝*deuʔ。鄔可晶謂「弔」爲“纏束”之｛約(T-)｝的表意字（見：鄔可晶《甲骨文“弔”字補釋》），允爲卓識；古文字「弔」當此族詞所造之表意字。「𠣩」「約」「⿱弔勺」蓋亦本爲其所造的「勺¹」TEUK聲字，後「約」讀｛*ʔ-｝耳。
勺¹	TEUK	芍	芍	張略	知藥開三入	tryak		
勺¹	TEUK	妁 勺 汋 杓 仢 芍	妁 勺 汋 杓 仢 芍	市若	常藥開三入	djyak	deuk	
勺¹	TEUK	礿 䋤	礿 䋤	以灼	以藥開三入	jyak		
勺¹	TEUK	汋	汋	士角	崇覺二入	dzroeuk		
勺¹	TEUK	䶂	䶂	即略	精藥開三入	tsyak		·䶂，胡地鼠名，《名義》之若反；《玉篇》之若切；《新撰字鏡》之若、補救二反；《廣雅音註》音爵；《王三》之藥、都歷二反；《廣韻》北教、之若、即略、都歷四切；《經典釋文》：「䶂，郭音雀，將畧反。《字林》音灼，云：鼩鼠出胡地。郭注本『雀』字或誤爲『瞿』字，沈旋因云郭以爲鼩鼠音求于反，非也。」「䶂」一義兼有章母、精母之異讀，頗爲怪異，待考。
勺¹	TEUK	芍	芍	七雀	清藥開三入	tshyak		·芍，陂名，《漢書》：「沘山，沘水所出，北至壽春入芍陂。」顏師古注：「芍音酌，又音鵲。」未詳。
小²	TEU	麨	麨	尺沼	昌宵開三上	tjhiewq		
小²	TEU	趙	趙	治小	澄宵開三上	driewq	dreuʔ	·趙，其聲首爲「小²」TEU，可參：野原將揮《“少”の上古音再考一義通換讀から見た上古音再構》。
小²	TEU	少 䒚 𨙹	少 䒚 𨙹	書沼	書宵開三上	sjiewq	steuʔ	·少，見「小」下。
小²	TEU	少	少	失照	書宵開三去	sjiewh	steuh	
𠄏	TEU	釕 𠄏	釕 𠄏	都了	端蕭開四上	tewq	tˤeuʔ	
占	TEM	頕	頕	都甘	端談開一平	tam		
占	TEM	𩬑 敁 佔 詀 𦕒 䀡	𩬑 敁 佔 詀 𦕒 䀡	丁兼	端添開四平	tem	tˤem	
占	TEM	點 玷 𦒻 㓠 䍄	點 玷 𦒻 㓠 䍄	多忝	端添開四上	temq	tˤemʔ	
占	TEM	店 坫 沾 痁 𦒻 䀡	店 坫 沾 痁 𦒻 䀡	都念	端添開四去	temh	tˤemh	
占	TEM	笘 跕 䩞	笘 跕 䩞	丁愜	端怗開四入	tep		
占	TEM	詀 䩇 𪉜	詀 䩇 𪉜	竹咸	知咸開二平	treem		
占	TEM	𪉜 站	𪉜 站	陟陷	知咸開二去	treemh		
占	TEM	沾 黇	沾 黇	他兼	透添開四平	them		
占	TEM	煔	煔	他念	透添開四去	themh		
占	TEM	怗 帖 鉆 䩞 貼 跕 呫	怗 帖 鉆 䩞 貼 跕 呫	他協	透怗開四入	thep	tʰˤep	
占	TEM	扂	扂	徒玷	定添開四上	demq		
占	TEM	㼭	㼭	徒念	定添開四去	demh		
占	TEM	㥈	㥈	徒協	定怗開四入	dep		
占	TEM	詀	詀	佇陷	澄咸開二去	dreemh		
占	TEM	鮎 䬯 拈	鮎 䬯 拈	奴兼	泥添開四平	nem		
占	TEM	𥮒	𥮒	昨先	從先開四平	dzen		
占	TEM	檆	檆	所咸	生咸開二平	sreem		
占	TEM	煔 炶	煔 炶	胡甘	匣談開一平	gham		
占	TEM	占	占	職廉	章鹽開三平	tjiem	tem	
占	TEM	颭	颭	占琰	章鹽開三上	tjiemq		
占	TEM	占	占	章豔	章鹽開三去	tjiemh	temh	
占	TEM	砧 枮 坫	砧 枮 坫	知林	知侵開三平	trim		
占	TEM	霑 沾	霑 沾	張廉	知鹽開三平	triem		
占	TEM	㚲 𢛈	㚲 𢛈	處占	昌鹽開三平	tjhiem		
占	TEM	㚲 詀	㚲 詀	叱涉	昌葉開三入	tjhiep		
占	TEM	覘 𡝫	覘 𡝫	丑廉	徹鹽開三平	trhiem	tʰrem	
占	TEM	覘 䀡	覘 䀡	丑豔	徹鹽開三去	trhiemh	tʰremh	
占	TEM	苫 痁 𡝫	苫 痁 𡝫	失廉	書鹽開三平	sjiem		
占	TEM	苫	苫	舒贍	書鹽開三去	sjiemh		
占	TEM	蛅	蛅	汝鹽	日鹽開三平	njiem		
占	TEM	黏 粘 䬯	黏 粘 䬯	女廉	孃鹽開三平	nriem		
占	TEM	枮	枮	息廉	心鹽開三平	siem		
占	TEM	鉆	鉆	巨淹	羣鹽開三B平	gyem		
占	TEM	𥮒	𥮒	昨鹽	從鹽開三平	dziem		
占	TEM	𢓕	𢓕	餘針	以侵開三平	jim		
占	TEM	阽	阽	余廉	以鹽開三平	jiem		
𦔮	TEP	㡇 𧚊	㡇 𧚊	丁兼	端添開四平	tem		
𦔮	TEP	聑 𠲷 𢬴 𧚊 㑙 𨓊	聑 𠲷 𢬴 𧚊 㑙 𨓊	丁愜	端怗開四入	tep	tˤep	
𦔮	TEP	㡇	㡇	他協	透怗開四入	thep		
𦔮	TEP	㼲 𡂩 𦖩	㼲 𡂩 𦖩	盧協	來怗開四入	lep		·㼲，見良涉切之「㼲」，待考。
𦔮	TEP	𦔼	𦔼	蘇協	心怗開四入	sep		·𦔼，《說文》：「𦔼，使也。从攴、𦔮省聲。」
𦔮	TEP	輒 耴 𦯍 𢬴 鮿 㡇 㭯	輒 耴 𦯍 𢬴 鮿 㡇 㭯	陟葉	知葉開三入	triep	trep	
𦔮	TEP	㤴 㳧 𦛖	㤴 㳧 𦛖	叱涉	昌葉開三入	tjhiep		
𦔮	TEP	㤴 𩂻	㤴 𩂻	丑輒	徹葉開三入	trhiep		
𦔮	TEP	𩣘 踂 䳖	𩣘 踂 䳖	尼輒	孃葉開三入	nriep	nrep	
𦔮	TEP	䎎 𣹵 𡷝	䎎 𣹵 𡷝	女法	孃業開三入	nryop		
涉	TEP	涉	涉	丁愜	端怗開四入	tep		
涉	TEP	涉 𣻣 䤮	涉 𣻣 䤮	時攝	常葉開三入	djiep	dep	
爾	NE ME	禰 嬭 𩰞 瀰 𩯨 薾 檷 鑈 𩍦	禰 嬭 𩰞 瀰 𩯨 薾 檷 鑈 𩍦	奴禮	泥齊開四上	nejq	nˤeʔ	
爾	NE ME	苶	苶	奴結	泥屑開四入	net		
爾	NE ME	苶 籋 鑈	苶 籋 鑈	奴協	泥怗開四入	nep		
爾	NE ME	嬭 㚷	嬭 㚷	奴蟹	孃佳開二上	nreeq	nrˤeʔ	
爾	NE ME	𡝡	𡝡	莫兮	明齊四平	mej		
爾	NE ME	䌳 鸍 𪓿	䌳 鸍 𪓿	式支	書支開三平	sjie	n̥e	
爾	NE ME	䌳	䌳	息移	心支開三平	sie		
爾	NE ME	壐 璽	壐 璽	斯氏	心支開三上	sieq	sneʔ	
爾	NE ME	獮 𤣗 𤐨	獮 𤣗 𤐨	息淺	心仙開三上	sienq	snenʔ	
爾	NE ME	𠰒	𠰒	人者	日麻開三上	njiaeq		·𠰒，《廣韻》：「𠰒，譍聲也」即「喏」。
爾	NE ME	苶	苶	如列	日薛開三入	njiet		
爾	NE ME	爾 尒 邇 𨒛	爾 尒 邇 𨒛	兒氏	日支開三上	njieq	neʔ	
爾	NE ME	籋	籋	尼輒	孃葉開三入	nriep		
爾	NE ME	伱	伱	乃里	孃之開三上	nryq		
爾	NE ME	彌 𢏏 鸍 镾 瓕 獼 𥸀 檷 㜷 䥸 𥎖 瀰	彌 𢏏 鸍 镾 瓕 獼 𥸀 檷 㜷 䥸 𥎖 瀰	武移	明支三A平	mie	me	
爾	NE ME	濔 瀰 𩰞	濔 瀰 𩰞	綿婢	明支三A上	mieq	meʔ	
爾	NE ME	𩍲	𩍲	章移	章支開三平	tjie		
爾	NE ME	䌳	䌳	叱支	昌支開三平	tjhie		
寧	NEŊ	寧 寍 鸋 𧕝 嚀 聹	寧 寍 鸋 𧕝 嚀 聹	奴丁	泥青開四平	neng	nˤeŋ	
寧	NEŊ	𩕳 聹 䗿 濘 䔭	𩕳 聹 䗿 濘 䔭	乃挺	泥青開四上	nengq	nˤeŋʔ	
寧	NEŊ	甯 濘 鸋	甯 濘 鸋	乃定	泥青開四去	nengh	nˤeŋh	
寧	NEŊ	濘	濘	奴計	泥齊開四去	nejh	nˤeh	
寧	NEŊ	儜 薴 鬡 𧭈 鑏 䭢 嬣	儜 薴 鬡 𧭈 鑏 䭢 嬣	女耕	孃耕開二平	nreeng	nrˤeŋ	
寧	NEŊ	㲰 獰 𥣗	㲰 獰 𥣗	乃庚	孃庚開二平	nraeng		
寧	NEŊ	檸	檸	拏梗	孃庚開二上	nraengq		
䭆	NEK	䭆	䭆	尼戹	孃麥開二入	nreek	nrˤek	
嬲	NEU	嬲	嬲	奴鳥	泥蕭開四上	newq	nˤeuʔ	
嬲	NEU	呶 怓	呶 怓	女交	孃肴開二平	nraew	nrˤeu	·呶，喧鬧，又作「譊」。《說文》：「呶，讙聲也。从口、奴聲。《詩》曰：『載號載呶。』」今本《毛詩·小雅·賓之初筵》：「載號載呶」；漢石經《詩》作「□□載譊」。「嘮呶」，上古疊韻詞，《說文》：「嘮呶，讙也。」·怓，擾亂，與｛撓｝同源。《說文》：「怓，亂也。从心、奴聲。《詩》曰：『以謹惽怓。』」今本《毛詩·大雅·民勞》同，叶「休逑怓憂休」，宵幽合韻。「呶」「怓」兩字皆「奴」聲而宵部，又《莊子》「挐」與此同例，《莊子·漁父》：「方將杖挐而引其船。」陸德明釋文引司馬彪曰：「挐，橈也，音饒。」然則「奴」爲魚部字，以魚諧宵殊爲怪異。疑皆本非「奴」聲，乃「娚(嬲)」省聲，至遲于西漢早期就有會意字「娚」，从「男」从「女」，會“戲弄”之義，即後之「嬲」字；馬王堆帛書《天下至道談》：「娚(嬲)樂之要。」疑由是省聲作有「𠯆」、「𢖵」字，後人誤將省聲類化作「奴」，猶「𣐹」、「𡧯」本非「叔」聲而類化作「叔」，遂有「呶」、「怓」之形。
鬧	NEU	𠆴 鬧	𠆴 鬧	奴敎	孃肴開二去	nraewh	nrˤeuh	
尿	NEUK	溺 愵	溺 愵	奴歷	泥錫開四入	nek	nˤeuk	
尿	NEUK	尿 㞙	尿 㞙	奴弔	泥蕭開四去	newh	nˤeukh	
尿	NEUK	嫋	嫋	奴鳥	泥蕭開四上	newq		
尿	NEUK	搦 䚥 𧢺 <𧣚>	搦 䚥 𧢺 𧣚	女角	孃覺二入	nroeuk	nrˤeuk	
尿	NEUK	搦	搦	女白	孃陌合二入	nrwaek		
尿	NEUK	弱 蒻 溺 䐞	弱 蒻 溺 䐞	而灼	日藥開三入	njyak	neuk	
㘝	NEP	笝	笝	奴盍	泥盍開一入	nap		
㘝	NEP	𦊔	𦊔	女減	孃咸開二上	nreemq		·𦊔，《廣韻》：「𦊔，捕魚網也。」又作「罱」、「𦌫」。
㘝	NEP	㘝	㘝	女洽	孃洽開二入	nreep	nrˤep	·㘝，《說文》：「㘝，下取物縮藏之。从囗从又。讀若聶。」古文字見此字，對讀傳世文獻「攝」字，可見《說文》「讀若聶」確有所本，上博竹書一《緇衣》：「堋(朋)𬁡(友)卣(攸)㘝=(攝，攝)㠯(以)威義(儀)。23」今本《緇衣》作「攝以威儀」。
㘝	NEP	𧉫	𧉫	竹洽	知洽開二入	treep		
㘝	NEP	𥃐	𥃐	丑㘝	徹洽開二入	trheep		
㘝	NEP	𣲷 㘝	𣲷 㘝	尼立	孃緝開三入	nrip		
㚔	—	㚔 睪	㚔 睪	尼輒	孃葉開三入	nriep		·㚔，《說文》：「㚔，所以驚人也。从大从𢆉。一曰大聲也。凡㚔之屬皆从㚔。一曰讀若瓠。一曰俗語以盜不止爲㚔，㚔讀若籋。」音義來源未詳。可參：林志強《說“㚔”》。
聶	NEP	攝	攝	奴協	泥怗開四入	nep	nˤep	
聶	NEP	𡤙	𡤙	女洽	孃洽開二入	nreep		
聶	NEP	攝 灄 欇 𥍉	攝 灄 欇 𥍉	書涉	書葉開三入	sjiep	n̥ep	
聶	NEP	讘 顳 囁 𦣀	讘 顳 囁 𦣀	而涉	日葉開三入	njiep	nep	
聶	NEP	聶 躡 鑷 𣌍 㸎 𣀳	聶 躡 鑷 𣌍 㸎 𣀳	尼輒	孃葉開三入	nriep	nrep	
聶	NEP	囁 懾 𣠞 襵 䝕	囁 懾 𣠞 襵 䝕	之涉	章葉開三入	tjiep	tep	
聶	NEP	襵	襵	陟葉	知葉開三入	triep		
聶	NEP	𣠞	𣠞	叱涉	昌葉開三入	tjhiep		
聶	NEP	欇	欇	時攝	常葉開三入	djiep	dep	
喦	NEP	喦	喦	而涉	日葉開三入	njiep	nep	
此	TSE	䂑 啙	䂑 啙	祖稽	精齊開四平	tsej		
此	TSE	㧗	㧗	子禮	精齊開四上	tsejq	tsˤeʔ	
此	TSE	泚 玼 皉	泚 玼 皉	千禮	清齊開四上	tshejq	tsʰˤeʔ	
此	TSE	鮆 啙	鮆 啙	徂禮	從齊開四上	dzejq	dzˤeʔ	
此	TSE	眥	眥	在詣	從齊開四去	dzejh	dzˤeh	
此	TSE	柴 祡 𪗶 茈 㧘 㾹	柴 祡 𪗶 茈 㧘 㾹	士佳	崇佳開二平	dzree	dzrˤe	
此	TSE	㾹 眦	㾹 眦	七懈	崇佳開二去	dzreeh	dzrˤeh	
此	TSE	寨 砦	寨 砦	犲夬	崇夬開二去	dzraejh		·寨，此爲「柴」省聲，與蘇則切、「𡫳」聲的「寨」爲同形字。
此	TSE	些	些	蘇箇	心歌開一去	sah		
此	TSE	些	些	蘇計	心齊開四去	sejh		
此	TSE	𡘌	𡘌	許介	曉皆開二去	heejh		·𡘌，《說文》：「𡗼，瞋大也。从大，此聲。」《名義》：「𡘌，猜紫反。直大。」《玉篇》：「𡘌，猜紫切。直大也。《說文》『火介切。瞋大聲也。』」《廣韻》：「𡘌，直大也。《說文》『火介切。瞋大聲也。』〔雌氏切〕」「《說文》曰：『瞋大聲也。』〔許介切〕」《集韻》：「直大也。或書作𡗼。〔淺氏切〕」
此	TSE	貲 頿 鴜 𪕊 鮆 訾 㠿 𨚖 㰣 鈭 姕 𦺱 䖪 觜	貲 頿 鴜 𪕊 鮆 訾 㠿 𨚖 㰣 鈭 姕 𦺱 䖪 觜	即移	精支開三平	tsie	tse	
此	TSE	觜 㭰	觜 㭰	姊宜(規)	精支合三平	tswie		
此	TSE	㭰 𦸺	㭰 𦸺	遵爲	精支合三平	tswie		
此	TSE	觜 㭰	觜 㭰	即委	精支合三上	tswieq		
此	TSE	紫 訿 訾 啙 𣸆 跐 茈 呰 㧗	紫 訿 訾 啙 𣸆 跐 茈 呰 㧗	將此	精支開三上	tsieq	tseʔ	
此	TSE	㰣	㰣	子智	精支開三去	tsieh	tseh	
此	TSE	齜	齜	側移	莊支開三平	tsrye	tsre	
此	TSE	㧗 跐	㧗 跐	側氏	莊支開三上	tsryeq	tsreʔ	
此	TSE	𧙁 𤿙	𧙁 𤿙	爭義	莊支開三去	tsryeh		
此	TSE	雌 胔 姕 鈭 𦍧	雌 胔 姕 鈭 𦍧	此移	清支開三平	tshie	tsʰe	
此	TSE	此 跐 佌 玼 泚 𩢑 𧺼 𡘌	此 跐 佌 玼 泚 𩢑 𧺼 𡘌	雌氏	清支開三上	tshieq	tsʰeʔ	
此	TSE	庛	庛	七賜	清支開三去	tshieh	tsʰeh	
此	TSE	疵 骴 玼 茈 𣐑 胔 飺 鴜	疵 骴 玼 茈 𣐑 胔 飺 鴜	疾移	從支開三平	dzie	dze	
此	TSE	眥 㧘 骴 胔	眥 㧘 骴 胔	疾智	從支開三去	dzieh	dzeh	
此	TSE	些	些	寫邪	心麻開三平	siae		
此	TSE	㧘	㧘	奇寄	羣支開三B去	gyeh		
囟	SE	細 𥿳 𣳦	細 𥿳 𣳦	蘇計	心齊開四去	sejh	sˤeh	·細，微小。《說文》：「𥿳，微也。从糸、囟聲。」上古在支部去聲：①韻段，“難易”之｛易｝*leh與｛細｝協韻。《老子·六十三章》：「天下難事，必作於易；天下大事，必作於細。」②諧聲，同諧聲的「𠈈」異體作「佌」，在支部無疑。《說文·人部》：「𠈈，小皃。从人、囟聲。《詩》曰：『𠈈𠈈彼有屋。』」今本《毛詩·小雅·正月》作「佌佌彼有屋」。③同源詞，與同訓之｛笙｝*srˤeŋ同源。《方言》卷二：「笙，細也。凡細貌謂之笙。」
囟	SE	𠈈	𠈈	雌氏	清支開三上	tshieq	tsʰeʔ	
囟	SE	𠈈	𠈈	斯氏	心支開三上	sieq	seʔ	·𠈈，《說文·人部》：「𠈈，小皃。从人、囟聲。《詩》曰：『𠈈𠈈彼有屋。』」今本《毛詩·小雅·正月》作「佌佌彼有屋」。
囟	SE	囟 顖	囟 顖	息晉	心真開三去	sinh	siŋh	·囟，《說文》：「囟，頭會匘蓋也。象形。凡囟之屬皆从囟。𦞤，或从肉、宰。𠙷，古文囟字。」文字系統中作爲聲符的「囟」至少有兩類：①精組支部，傳世「細」「𠈈」即此聲；②精組之部，楚簡中讀爲｛使｝之「囟」、傳世「思」字即此類，該類「囟」也許與「𢀇」有形體上的關係。「囟」之中古音息晉切，未詳，且與「細」「𠈈」置於一處。
斯	SE	㽄 嘶 撕 𤺊 㯕 𧬊	㽄 嘶 撕 𤺊 㯕 𧬊	先稽	心齊開四平	sej	sˤe	
斯	SE	斯 廝 㒋 凘 𪆁 蟴 㽄 䔮 𥕶 燍 鐁	斯 廝 㒋 凘 𪆁 蟴 㽄 䔮 𥕶 燍 鐁	息移	心支開三平	sie	se	·斯，《說文》：「斯，析也。从斤，其聲。《詩》曰：斧以斯之。」段玉裁注：「『其聲』未聞。『斯』字自三百篇及《唐韵》在支部無誤，而『其』聲在之部，𣃔非聲也。」其說是也。「斯」字構形待考。
斯	SE	澌 𣩠	澌 𣩠	斯義	心支開三去	sieh	seh	
晶	TSEŊ	晶	晶	子盈	精清開三平	tsiaeng	tseŋ	
生	TSEŊ	綪	綪	側莖	莊耕開二平	tsreeng	tsrˤeŋ	
生	TSEŊ	青 鶄 鯖 蜻 靘	青 鶄 鯖 蜻 靘	倉經	清青開四平	tsheng	tsʰˤeŋ	
生	TSEŊ	靘 掅	靘 掅	千定	清青開四去	tshengh	tsʰˤeŋh	
生	TSEŊ	蒨 輤 綪 倩 棈 𧚫 䑶 篟	蒨 輤 綪 倩 棈 𧚫 䑶 篟	倉甸	清先開四去	tshenh	tsʰˤiŋh	
生	TSEŊ	崝	崝	士耕	崇耕開二平	dzreeng	dzrˤeŋ	
生	TSEŊ	星 曐 腥 胜 鮏 鯹 𥠀 醒 鉎 篂 猩 惺	星 曐 腥 胜 鮏 鯹 𥠀 醒 鉎 篂 猩 惺	桑經	心青開四平	seng	sˤeŋ	
生	TSEŊ	醒 箵	醒 箵	蘇挺	心青開四上	sengq	sˤeŋʔ	
生	TSEŊ	腥 醒 睲	腥 醒 睲	蘇佞	心青開四去	sengh	sˤeŋh	
生	TSEŊ	精 菁 鶄 蜻 鼱 婧 睛 旌 箐 𩓨 聙	精 菁 鶄 蜻 鼱 婧 睛 旌 箐 𩓨 聙	子盈	精清開三平	tsiaeng	tseŋ	
生	TSEŊ	精	精	子姓	精清開三去	tsiaengh		
生	TSEŊ	清 圊	清 圊	七情	清清開三平	tshiaeng	tsʰeŋ	
生	TSEŊ	請 睛	請 睛	七靜	清清開三上	tshiaengq	tsʰeŋʔ	
生	TSEŊ	倩 凊	倩 凊	七政	清清開三去	tshiaengh	tsʰeŋh	
生	TSEŊ	㵾	㵾	楚敬	初庚開三去	tsrhyaengh		
生	TSEŊ	情 晴 請 夝 	情 晴 請 夝 	疾盈	從清開三平	dziaeng	dzeŋ	
生	TSEŊ	靜 睜 𩇕 靖 婧	靜 睜 𩇕 靖 婧	疾郢	從清開三上	dziaengq	dzeŋʔ	
生	TSEŊ	㵾 䝼 靚 請 婧	㵾 䝼 靚 請 婧	疾政	從清開三去	dziaengh	dzeŋh	
生	TSEŊ	省 渻 睲 惺 㮐 𢜫	省 渻 睲 惺 㮐 𢜫	息井	心清開三上	siaengq	seŋʔ	
生	TSEŊ	性 姓	性 姓	息正	心清開三去	siaengh	seŋh	
生	TSEŊ	生 笙 牲 猩 狌 鉎 甥 䴤 鼪 珄	生 笙 牲 猩 狌 鉎 甥 䴤 鼪 珄	所庚	生庚開三平	sryaeng	sreŋ	
生	TSEŊ	省 眚 㾪 𡞞 䚇 𨵥 㼳 渻 𨜜	省 眚 㾪 𡞞 䚇 𨵥 㼳 渻 𨜜	所景	生庚開三上	sryaengq	sreŋʔ	
生	TSEŊ	生 鼪 貹	生 鼪 貹	所敬	生庚開三去	sryaengh	sreŋh	
生	TSEŊ	鯖	鯖	諸盈	章清開三平	tjiaeng		·鯖，又作「𩜎」、「𦙫」。
井	TSEŊ	汫	汫	徂醒	從青開四上	dzengq		
井	TSEŊ	井 𨙷	井 𨙷	子郢	精清開三上	tsiaengq	tseŋʔ	
井	TSEŊ	妌 穽 阱	妌 穽 阱	疾郢	從清開三上	dziaengq	dzeŋʔ	
井	TSEŊ	穽	穽	疾政	從清開三去	dziaengh		
爭	TSEŊ	爭 箏 埩 䋫 猙 䱢	爭 箏 埩 䋫 猙 䱢	側莖	莊耕開二平	tsreeng	tsrˤeŋ	
爭	TSEŊ	諍	諍	側迸	莊耕開二去	tsreengh	tsrˤeŋh	
爭	TSEŊ	琤 錚 凈 棦	琤 錚 凈 棦	楚耕	初耕開二平	tsrheeng		
爭	TSEŊ	琤	琤	楚庚	初庚開二平	tsrhaeng		
爭	TSEŊ	崢 𦱊 鬇 埩	崢 𦱊 鬇 埩	士耕	崇耕開二平	dzreeng		
爭	TSEŊ	𩫿 <鬇> 鬇 崢	𩫿 鬇 鬇 崢	助庚	崇庚開二平	dzraeng		·𩫿，「鬇」之訛字，也訛作「𩬒」。
爭	TSEŊ	猙 竫	猙 竫	疾郢	從清開三上	dziaengq	dzeŋʔ	
爭	TSEŊ	淨 𩓞	淨 𩓞	疾政	從清開三去	dziaengh	dzeŋh	
朿	TSEK	績 勣 樍 𪄸	績 勣 樍 𪄸	則歷	精錫開四入	tsek	tsˤek	
朿	TSEK	責 𩔳 簀 幘 嘖 謮 債 𧐐 𦟜 嫧	責 𩔳 簀 幘 嘖 謮 債 𧐐 𦟜 嫧	側革	莊麥開二入	tsreek	tsrˤek	
朿	TSEK	債	債	側賣	莊佳開二去	tsreeh	tsrˤekh	
朿	TSEK	嘖	嘖	側伯	莊陌開二入	tsraek		
朿	TSEK	𪒑	𪒑	倉歷	清錫開四入	tshek		
朿	TSEK	策 嫧 䶦 筴 <策> 憡 皟 㥽 𧶷 拺	策 嫧 䶦 筴 策 憡 皟 㥽 𧶷 拺	楚革	初麥開二入	tsrheek	tsʰrˤek	
朿	TSEK	賾 鰿 㣱 耫 嘖	賾 鰿 㣱 耫 嘖	士革	崇麥開二入	dzreek	dzrˤek	
朿	TSEK	䞰 <𧻕> 䟄	䞰 𧻕 䟄	査獲	崇麥合二入	dzrweek		
朿	TSEK	耫	耫	査鎋	崇鎋開二入	dzraet		
朿	TSEK	𧊸	𧊸	先擊	心錫開四入	sek		
朿	TSEK	栜 𣽤 㾊 擌 拺 𩊯	栜 𣽤 㾊 擌 拺 𩊯	山責	生麥開二入	sreek	srˤek	
朿	TSEK	𨢦	𨢦	所賣	生佳開二去	sreeh		
朿	TSEK	積 迹 跡 𨒪 鰿 𧐐 蹟 襀	積 迹 跡 𨒪 鰿 𧐐 蹟 襀	資昔	精昔開三入	tsiaek	tsek	·迹，金文「朿」聲，後聲符訛爲「亦」。說見：劉釗《古文字構形學》P145。
朿	TSEK	積 𧂐 𦎸	積 𧂐 𦎸	子智	精支開三去	tsieh	tsekh	
朿	TSEK	磧 刺 𧻕 洓 䟄 𧙞 嫧	磧 刺 𧻕 洓 䟄 𧙞 嫧	七迹	清昔開三入	tshiaek	tsʰek	
朿	TSEK	刺 刾 <刺> 㢀 朿 𧧒 莿	刺 刾 刺 㢀 朿 𧧒 莿	七賜	清支開三去	tshieh	tsʰekh	·刾，「刺」之俗字。
朿	TSEK	漬 𦎸 㱴	漬 𦎸 㱴	疾智	從支開三去	dzieh	dzekh	
脊	TSEK	脊 蹐 𩺀	脊 蹐 𩺀	資昔	精昔開三入	tsiaek	tsek	·脊，或說上本「朿」聲（說見：劉釗《〈說文解字〉匡謬(四則)》），非。參見：鄔可晶《說“脊”、“骴”》。
脊	TSEK	塉 瘠	塉 瘠	秦昔	從昔開三入	dziaek	dzek	
冊	TSEK	冊 笧 𣌧 柵	冊 笧 𣌧 柵	楚革	初麥開二入	tsrheek	tsʰrˤek	
冊	TSEK	柵	柵	測戟	初陌開三入	tsrhyaek	tsʰrek	·柵，「冊」聲，與所晏切之「柵」爲同形異構字。
析	SEK	析 㭊 皙 蜥 菥 淅 惁 㱤	析 㭊 皙 蜥 菥 淅 惁 㱤	先擊	心錫開四入	sek	sˤek	
析	SEK	䨛	䨛	山責	生麥開二入	sreek		
析	SEK	菥 蜤	菥 蜤	息移	心支開三平	sie	se	
歬	TSEN	㮍 湔 𢃬	㮍 湔 𢃬	則前	精先開四平	tsen	tsˤen	
歬	TSEN	前 歬 騚 湔	前 歬 騚 湔	昨先	從先開四平	dzen	dzˤen	
歬	TSEN	煎 湔 鬋	煎 湔 鬋	子仙	精仙開三平	tsien	tsen	
歬	TSEN	翦 剪 揃 媊 𦺍 鬋 㨵	翦 剪 揃 媊 𦺍 鬋 㨵	即淺	精仙開三上	tsienq	tsenʔ	
歬	TSEN	箭 𥳭 鬋 葥 湔 煎	箭 𥳭 鬋 葥 湔 煎	子賤	精仙開三去	tsienh	tsenh	
歬	TSEN	媊	媊	即移	精支開三平	tsie	tse	
羼	TSEN	羼	羼	初限	初山開二上	tsrheenq	tsʰrˤenʔ	·羼，《說文》：「羼，羊相厠也。从羴在尸下。尸，屋也。一曰相出前也。」其說可疑。金文中有一从「尸」、「羴」聲之字，讀爲｛侃｝，義爲“喜樂”。嬭加編鐘：「羼(侃)其兮龢(和)。」〔《江漢考古》2019(03):18〕未知與《說文》之「羼」字有無形體上的聯繫。可能此字形初限切之音與「孱」有關，待考。
羼	TSEN	羼	羼	初鴈	初刪開二去	tsrhaenh		
截	TSET	㵶 䰏 𧞛	㵶 䰏 𧞛	子結	精屑開四入	tset		
截	TSET	䰏	䰏	子計	精齊開四去	tsejh		
截	TSET	㵶	㵶	姊末	精末開一入	tsat		
截	TSET	䶪	䶪	初八	初黠開二入	tsrheet		
截	TSET	截 䟌 嶻 䕙 𩟙	截 䟌 嶻 䕙 𩟙	昨結	從屑開四入	dzet	dzˤet	·截，《說文》：「截，斷也。从戈，雀聲。」段玉裁注：「昨結切。十五部。按『雀』聲在二部。於古音不合。葢當於雙聲合韵求之。」「截」非「雀」聲。蘇建洲以爲「少(沙)」聲（說見：蘇建洲《釋與“沙”有關的幾個古文字》），不可信。「截」字相關問題待考，可參看：徐在國《談上博七〈凡物流形〉中的“詧”字》（其文下“一上示三王”程少軒評論尤可參考）、劉洪濤《甲骨金文“截”字補釋》等。
截	TSET	嶻	嶻	才割	從末開一入	dzat		
截	TSET	䰏	䰏	子例	精祭開三去	tsiejh		
截	TSET	𡁶	𡁶	資悉	精質開三入	tsit		
截	TSET	𧕾 䘁 𪇲 䰏	𧕾 䘁 𪇲 䰏	姊列	精薛開三入	tsiet	tset	
截	TSET	㵶	㵶	資昔	精昔開三入	tsiaek		
截	TSET	𧽟	𧽟	慈吕	從魚開三上	dzyoq		·𧽟，「𧾢」之省訛字，《名義》才結反；《玉篇》才結切；《新撰字鏡》在結、西結二反；《王三》慈呂、居質、昨結三反；《廣韻》慈呂、居質、昨結三切。
尐	TSET	𣧖	𣧖	側八	莊黠開二入	tsreet		
尐	TSET	𢪍 𧉍	𢪍 𧉍	資悉	精質開三入	tsit		
尐	TSET	尐 𢪍 𣧖 𠯙	尐 𢪍 𣧖 𠯙	姊列	精薛開三入	tsiet	tset	
乚	TSET	札 蚻 紮 𩿤 扎	札 蚻 紮 𩿤 扎	側八	莊黠開二入	tsreet	tsrˤet	·札，《說文》：「札，牒也。从木，乙聲。」「乙」不諧上古精組TS-，「乙」聲非也。秦漢文字中多有一曲筆爲聲符者，其例如：①漢燕然山銘：「癹匈(凶)虐釓(截)海外。」（參考：史傑鵬《外蒙古杭愛山所發現的東漢〈燕然山銘〉釋文的幾個問題（下）》）②《隸釋》載《荆州刺史度尚碑》：「𠃲(截)彼海外。」是「釓」、「𠃲」（史傑鵬說即「釓」之變）、「札」諸字同聲首，今且立爲「乚」聲，古音精組月部TSET，來源待考。
乚	TSET	㳐	㳐	査鎋	崇鎋開二入	dzraet		
禼	TSET	竊	竊	千結	清屑開四入	tshet	tsʰˤet	
禼	TSET	禼 𥝁	禼 𥝁	私列	心薛開三入	siet	set	·禼，劉釗以爲「禼」「萬」一字之分化（說見：劉釗《說“禼”、“𬛸”二字來源並談楚帛書“萬”、“兒”兩字的讀灋》），不可信。
焦	TSEU	𢄺	𢄺	盧(了)鳥	精蕭開四上	tsewq		·𢄺，拭也。來母讀法與「焦」聲字形不合，疑上字本作「子」（如《名義》子鳥反、《玉篇》子小切、《新撰字鏡》子鳥反），或誤識爲「了」，《切韻》系韻書遂誤收來母音。
焦	TSEU	穛 𥼚 𧂒	穛 𥼚 𧂒	側角	莊覺二入	tsroeuk	tsrˤeuk	
焦	TSEU	癄	癄	側敎	莊肴開二去	tsraewh		
焦	TSEU	撨	撨	蘇彫	心蕭開四平	sew		
焦	TSEU	焦 𤓪 㲬 蕉 膲 鷦 噍 鐎 蟭 䩌 𪚱 僬 燋 䌭	焦 𤓪 㲬 蕉 膲 鷦 噍 鐎 蟭 䩌 𪚱 僬 燋 䌭	即消	精宵開三平	tsiew	tseu	·焦，周忠兵謂「焦」本从「隹」「小」聲，後來「小」訛變作「火」形。說見：周忠兵《釋甲骨文中的“焦”》。
焦	TSEU	𤃭 𢄺	𤃭 𢄺	子小	精宵開三上	tsiewq		
焦	TSEU	醮 𥛲 潐 䩌 僬 趭 𥡤	醮 𥛲 潐 䩌 僬 趭 𥡤	子肖	精宵開三去	tsiewh	tseuh	
焦	TSEU	燋	燋	即略	精藥開三入	tsyak	tseuk	
焦	TSEU	𣟼	𣟼	即由	精尤三平	tsu		
焦	TSEU	𣟼	𣟼	七遙	清宵開三平	tshiew		
焦	TSEU	樵 𦿕 劁 憔 顦 譙 嶕 𡻝 鐎 𨝱 僬 䩌 撨	樵 𦿕 劁 憔 顦 譙 嶕 𡻝 鐎 𨝱 僬 䩌 撨	昨焦	從宵開三平	dziew	dzeu	
焦	TSEU	噍 劁 趭	噍 劁 趭	才笑	從宵開三去	dziewh	dzeuh	
焦	TSEU	趭	趭	弋(以)照	從宵開三去	dziewh		·趭，或訛作「趡」。《切韻》系韻書所收弋笑反、弋照切聲母與「焦」聲不合，疑所據材料切語上字本作「似」（如《名義》似召反），誤識爲「以」而誤收以母讀法。上字作「似」者係南方字韻書，折合切韻音系從母音，適與才笑切同音。
小¹	TSEU TSEUK	㭂	㭂	子了	精蕭開四上	tsewq	tsˤeuʔ	
小¹	TSEU TSEUK	抄 鈔 訬	抄 鈔 訬	楚交	初肴開二平	tsrhaew	tsʰrˤeu	
小¹	TSEU TSEUK	炒 吵	炒 吵	初爪	初肴開二上	tsrhaewq		
小¹	TSEU TSEUK	抄 鈔 耖 仯 觘 𦨖	抄 鈔 耖 仯 觘 𦨖	初敎	初肴開二去	tsrhaewh	tsʰrˤeuh	
小¹	TSEU TSEUK	踃 箾 𦐺 㲖	踃 箾 𦐺 㲖	蘇彫	心蕭開四平	sew	sˤeu	
小¹	TSEU TSEUK	梢 捎 髾 輎 旓 弰 䈰 筲 鞘 蛸 鮹 䘯 綃 颵 莦 娋 𡡏	梢 捎 髾 輎 旓 弰 䈰 筲 鞘 蛸 鮹 䘯 綃 颵 莦 娋 𡡏	所交	生肴開二平	sraew	srˤeu	
小¹	TSEU TSEUK	稍 潲 揱 𣕇 娋 𨛍 𦓴	稍 潲 揱 𣕇 娋 𨛍 𦓴	所敎	生肴開二去	sraewh	srˤeuh	
小¹	TSEU TSEUK	矟 箾 𦂗 揱 𦋞	矟 箾 𦂗 揱 𦋞	所角	生覺二入	sroeuk	srˤeuk	
小¹	TSEU TSEUK	𨙹	𨙹	子小	精宵開三上	tsiewq		
小¹	TSEU TSEUK	雀	雀	即略	精藥開三入	tsyak	tseuk	
小¹	TSEU TSEUK	悄 釥	悄 釥	親小	清宵開三上	tshiewq		
小¹	TSEU TSEUK	陗 峭 㴥 哨 俏 帩 𪑊	陗 峭 㴥 哨 俏 帩 𪑊	七肖	清宵開三去	tshiewh	tsʰeuh	
小¹	TSEU TSEUK	誚	誚	才笑	從宵開三去	dziewh	dzeuh	
小¹	TSEU TSEUK	宵 消 霄 捎 逍 痟 綃 銷 焇 硝 蛸 莦 哨 𦐺 鮹 𤞚 䴛 揱 魈	宵 消 霄 捎 逍 痟 綃 銷 焇 硝 蛸 莦 哨 𦐺 鮹 𤞚 䴛 揱 魈	相邀	心宵開三平	siew	seu	
小¹	TSEU TSEUK	小 𩵖 䒕	小 𩵖 䒕	私兆	心宵開三上	siewq	seuʔ	·小，古文字「小」作三或四小點，蓋以此表示“微小”，後下作曲筆，分化出「少」，前人論之已詳。研究者舊皆以「小」「少」乃一字之分化，於形雖得之，然未審古音之微別。傳世文字系統中，作「小/少」聲者至少有三類讀音：①精組宵部TSEU，「小」「肖」等皆屬此類。②端組宵部TEU，「少」「趙」等屬此類，鄭張潘據「少」與明母「秒」等所謂的諧聲構擬清鼻音，非是；斯塔羅斯金、白-沙2014皆歸上古T類是也。③明組宵部MEU，「杪」「妙」等屬此類。此三者聲母迥異，斷非自然諧聲。古文字作「小/少」者，恐怕很有幾個不同的讀音。古漢語中，｛小｝*seuʔ、｛少｝*steuʔ、｛杪/藐｝*meuʔ（《方言》卷二：「杪，小也。」《廣雅·釋詁二》：「藐，小也。」）都是“微小”的意思，用「小/少」來記錄它們、從而能表示不同聲域之詞是很自然的。鄔可晶謂「眇」、「妙」、「秒」等皆「杪」省聲（見：邊田鋼《上古漢語清鼻音聲母音位化構擬新探》引鄔可晶說），似失於曲折。舊或爲「小」構擬*sm-複輔音，是疏於語文之理，前引邊文已駁之。今以不同上標分治之，置「小¹」TSEU、「小²」TEU、「小³」MEU三系。
小¹	TSEU TSEUK	肖 韒 鞘	肖 韒 鞘	私妙	心宵開三去	siewh	seuh	
小¹	TSEU TSEUK	削	削	息約	心藥開三入	syak	seuk	
爵	TSEUK	穱	穱	側角	莊覺二入	tsroeuk	tsrˤeuk	
爵	TSEUK	灂	灂	士角	崇覺二入	dzroeuk	dzrˤeuk	
爵	TSEUK	爵 𩰥 爝 㩱	爵 𩰥 爝 㩱	即略	精藥開三入	tsyak	tseuk	
爵	TSEUK	釂 皭 爝 䂃	釂 皭 爝 䂃	子肖	精宵開三去	tsiewh	tseukh	
爵	TSEUK	皭 嚼 爝	皭 嚼 爝	在爵	從藥開三入	dzyak	dzeuk	
㦰	TSEM	䑎 䤘	䑎 䤘	初減	初咸開二上	tsrheemq	tsʰrˤemʔ	
㦰	TSEM	懺	懺	楚鑑	初銜開二去	tsrhaemh		
㦰	TSEM	𥷰	𥷰	昨先	從先開四平	dzen		·𥷰，諸韻書皆云同「𥮒」。
㦰	TSEM	𪖎	𪖎	士咸	崇咸開二平	dzreem		
㦰	TSEM	䃸 䆎	䃸 䆎	先念	心添開四去	semh		
㦰	TSEM	攕 櫼 𩃔 𨏪	攕 櫼 𩃔 𨏪	所咸	生咸開二平	sreem	srˤem	
㦰	TSEM	殲 瀸 㡨 𡄑 虃 㦰 鑯 𩃔	殲 瀸 㡨 𡄑 虃 㦰 鑯 𩃔	子廉	精鹽開三平	tsiem	tsem	
㦰	TSEM	𡄑	𡄑	子豔	精鹽開三去	tsiemh		
㦰	TSEM	籤 䑎 𠠃 㡨	籤 䑎 𠠃 㡨	七廉	清鹽開三平	tshiem	tsʰem	
㦰	TSEM	䤘	䤘	七漸	清鹽開三上	tshiemq	tsʰemʔ	
㦰	TSEM	讖	讖	楚譖	初侵開三去	tsrhyimh		
㦰	TSEM	韱 襳 纖 孅	韱 襳 纖 孅	息廉	心鹽開三平	siem	sem	
㦰	TSEM	襳	襳	史炎	生鹽開三平	sryem	srem	
㦰	TSEM	襳	襳	所今	生侵開三平	sryim		
尖	—	尖	尖	子廉	精鹽開三平	tsiem		
燮	SEP	燮 躞 𤫉 𤏻 𧕊	燮 躞 𤫉 𤏻 𧕊	蘇協	心怗開四入	sep	sˤep	
𢼄	KE	啓 棨 綮 晵 闙 启 䏿	啓 棨 綮 晵 闙 启 䏿	康禮	溪齊開四上	khejq	kʰˤeʔ	
𢼄	KE	䏿 䁈	䏿 䁈	苦計	溪齊開四去	khejh	kʰˤeh	
𢼄	KE	晵	晵	去戰	溪仙開三A去	khienh	kʰenh	·晵，《名義》苦見反；《玉篇》康禮切；《王三》康礼、去戰二反；《廣韻》康禮、去戰二切。
企	KE	企	企	丘弭	溪支開三A上	khieq	kʰeʔ	
企	KE	企	企	去智	溪支開三A去	khieh	kʰeh	
奚	KE	雞 鷄	雞 鷄	古奚	見齊開四平	kej	kˤe	
奚	KE	谿 嵠 溪 磎 鸂 螇 𤳤	谿 嵠 溪 磎 鸂 螇 𤳤	苦奚	溪齊開四平	khej	kʰˤe	
奚	KE	奚 豯 徯 㜎 蹊 螇 榽 騱 𡗞 𪓷 傒 鼷 蒵 貕	奚 豯 徯 㜎 蹊 螇 榽 騱 𡗞 𪓷 傒 鼷 蒵 貕	胡雞	匣齊開四平	ghej	ɡˤe	
奚	KE	蒵 𦃟 慀 㨙	蒵 𦃟 慀 㨙	胡計	匣齊開四去	ghejh	ɡˤeh	
奚	KE	膎 鞵 鞋 㨙 䙎 榽	膎 鞵 鞋 㨙 䙎 榽	戸佳	匣佳開二平	ghee	ɡrˤe	
奚	KE	𦫬	𦫬	呼雞	曉齊開四平	hej		
奚	KE	徯 謑 𥰥 𦩶 𥉐	徯 謑 𥰥 𦩶 𥉐	胡禮	曉齊開四上	hejq	hˤeʔ	
奚	KE	謑	謑	火懈	曉佳開二去	heeh		
奚	KE	謑	謑	呼訝	曉麻開二去	haeh		
匸	—	匸	匸	胡禮	曉齊開四上	hejq	hˤeʔ	·匸，《說文》：「匸，衺徯，有所俠藏也。从乚，上有一覆之。凡匸之屬皆从匸。讀與傒同。」其語含聲訓「徯」，又「讀與徯同。」
支	KE	支 汥 㲍 枝 㽻 衼 肢 𨈛 馶 㩼 鳷 䧴 𪂅 𧌔 䡋	支 汥 㲍 枝 㽻 衼 肢 𨈛 馶 㩼 鳷 䧴 𪂅 𧌔 䡋	章移	章支開三平	tjie	ke	
支	KE	䅩	䅩	諸氏	章支開三上	tjieq		
支	KE	忮 伎 䚳 㩼	忮 伎 䚳 㩼	支義	章支開三去	tjieh	keh	
支	KE	妓	妓	居宜	見支開三B平	kye		
支	KE	庋 攲	庋 攲	居綺	見支開三B上	kyeq		
支	KE	馶	馶	居企	見支開三A去	kieh		
支	KE	𩓸 𩓡	𩓸 𩓡	居隋	見支合三A平	kwie		
支	KE	攱 庪 䃽 庋	攱 庪 䃽 庋	過委	見支合三B上	kueq		
支	KE	攱	攱	詭僞	見支合三B去	kueh		
支	KE	跂	跂	丘弭	溪支開三A上	khieq		
支	KE	頍	頍	丘弭	溪支合三A上	khwieq		
支	KE	𢺵 跂 𨑤 蚑 吱	𢺵 跂 𨑤 蚑 吱	去智	溪支開三A去	khieh	kʰeh	
支	KE	㩻	㩻	去奇	溪支開三B平	khye		
支	KE	䞚	䞚	墟彼	溪支開三B上	khyeq		
支	KE	豉 𢻃	豉 𢻃	是義	常支開三去	djieh		
支	KE	岐 歧 𨙸 馶 蚑 䞚 翄 𢻚 汥 跂 伎 𨱜	岐 歧 𨙸 馶 蚑 䞚 翄 𢻚 汥 跂 伎 𨱜	巨支	羣支開三A平	gie	ɡe	
支	KE	技 妓 伎	技 妓 伎	渠綺	羣支開三B上	gyeq	ɡeʔ	
支	KE	鬾 𢺷 㩽	鬾 𢺷 㩽	渠羈	羣支開三B平	gye	ɡre	
支	KE	芰 鬾 䝸 汥	芰 鬾 䝸 汥	奇寄	羣支開三B去	gyeh	ɡreh	
支	KE	屐 𨍺	屐 𨍺	奇逆	羣陌開三B入	gyaek	ɡrek	
支	KE	翅 翄 馶 䧴	翅 翄 馶 䧴	施智	書支開三去	sjieh		
支	KE	䰙	䰙	魚倚	疑支開三B上	ngyeq		
枳	KE	𧧹	𧧹	胡禮	曉齊開四上	hejq	hˤeʔ	·𧧹，又作「徯」，《說文》：「𧧹，待也。从言、伿聲。讀若䭆。」
枳	KE	㰨	㰨	火佳	曉佳開二平	hee		
枳	KE	齞	齞	研峴	疑先開四上	ngenq		
枳	KE	只 巵 梔 胑 疻 㯄	只 巵 梔 胑 疻 㯄	章移	章支開三平	tjie	ke	·巵，《說文》：「巵，圜器也。一名觛。所以節飲食。象人，卪在其下也。《易》曰：君子節飲食。」所謂「象人，卪在其下也」不可信。戰國文字「只」除去「口」的下部似F形，我頗疑「卮」从「卩」、「只」省聲。秦漢文字材料中｛卮｝亦作「𣏌」、「栀」（參考：李家浩《〈易林〉校勘一得──兼談江陵鳳凰山漢簡中的“𣏌”字》），是亦「枳」省聲，唯所省不同耳。
枳	KE	只 軹 枳 咫 𣲵 抧 䳅	只 軹 枳 咫 𣲵 抧 䳅	諸氏	章支開三上	tjieq	keʔ	·枳，裘錫圭先生謂古文字「枳」从「木」，指事符號「口」形著於枝上，爲｛枳/枝｝之初文。「只」是「枳」的省形分化字。說見：鄔可晶《上古漢語中本來是否存在語氣詞“只”的問題的再檢討——以出土文獻所見辭例和字形爲中心》、裘錫圭《齊量制補說》。
枳	KE	枳	枳	居帋	見支開三A上	kieq	keʔ	
枳	KE	伿	伿	支義	章支開三去	tjieh	keh	
枳	KE	疻	疻	旨夷	章脂開三平	tji		
枳	KE	伿	伿	以豉	以支開三去	jieh		
兮	KE	䚷	䚷	烏奚	影齊開四平	qej		
兮	KE	𠯋 䚷	𠯋 䚷	烏弟	影齊開四上	qejq		
兮	KE	枍	枍	於計	影齊開四去	qejh		
兮	KE	𥍰	𥍰	苦擊	溪錫開四入	khek		·𥍰，本作「𥍠」，後或訛爲「𥍧」、又作「𥍰」。
兮	KE	兮	兮	胡雞	匣齊開四平	ghej	ɡˤe	
兮	KE	盻	盻	胡計	匣齊開四去	ghejh	ɡˤeh	
兮	KE	䒊 [𣢍]	䒊 𣢍	呼雞	曉齊開四平	hej		·䒊，《王三》：「䒊，痛聲。𦫬，病色。」《廣韻》：「䒊，痛聲。𦫬，黃病色也。」「䒊」本「𦫬」之異體，所謂“痛聲”之字當作「𣢍」。
兮	KE	𥍠	𥍠	許激	曉錫開四入	hek		
兮	KE	𠆵	𠆵	五稽	疑齊開四平	ngej		
兮	KE	盻	盻	五計	疑齊開四去	ngejh	ŋˤeh	
醯	KE	醯 橀	醯 橀	呼雞	曉齊開四平	hej	hˤe	
敬	KEŊ	蟼	蟼	古牙	見麻開二平	kae		
敬	KEŊ	驚 蟼	驚 蟼	舉卿	見庚開三B平	kyaeng	kreŋ	
敬	KEŊ	警 儆 璥 蟼 檠 憼	警 儆 璥 蟼 檠 憼	居影	見庚開三B上	kyaengq	kreŋʔ	
敬	KEŊ	敬	敬	居慶	見庚開三B去	kyaengh	kreŋh	
敬	KEŊ	憼	憼	居兩	見陽開三上	kyangq		
敬	KEŊ	擎 檠	擎 檠	渠京	羣庚開三B平	gyaeng	ɡreŋ	
敬	KEŊ	檠 儆 曔	檠 儆 曔	渠敬	羣庚開三B去	gyaengh	ɡreŋh	
巠	KEŊ	𩳍	𩳍	烟涬	影青開四上	qengq		
巠	KEŊ	莖	莖	烏莖	影耕開二平	qeeng		
巠	KEŊ	經 涇 頸 巠	經 涇 頸 巠	古靈	見青開四平	keng	kˤeŋ	
巠	KEŊ	剄 烴	剄 烴	古挺	見青開四上	kengq	kˤeŋʔ	
巠	KEŊ	徑 經 逕 𠲮 俓 𩰹 桱	徑 經 逕 𠲮 俓 𩰹 桱	古定	見青開四去	kengh	kˤeŋh	
巠	KEŊ	𥥻	𥥻	苦定	溪青開四去	khengh	kʰˤeŋh	
巠	KEŊ	誙 牼 𡷨 硜 羥	誙 牼 𡷨 硜 羥	口莖	溪耕開二平	kheeng	kʰrˤeŋ	
巠	KEŊ	羥	羥	苦閑	溪山開二平	kheen		
巠	KEŊ	䣆 陘 娙 𤭓 鋞	䣆 陘 娙 𤭓 鋞	戸經	匣青開四平	gheng	ɡˤeŋ	
巠	KEŊ	𩷏 鋞 脛 𢙼	𩷏 鋞 脛 𢙼	胡頂	匣青開四上	ghengq	ɡˤeŋʔ	
巠	KEŊ	脛 踁	脛 踁	胡定	匣青開四去	ghengh	ɡˤeŋh	
巠	KEŊ	莖 䪫 牼	莖 䪫 牼	戸耕	匣耕開二平	gheeng	ɡrˤeŋ	
巠	KEŊ	蛵	蛵	呼刑	曉青開四平	heng	hˤeŋ	
巠	KEŊ	䀴	䀴	五剄	疑青開四上	ngengq		
巠	KEŊ	䀴	䀴	五夾(洽)	疑青開四上	ngengq		·䀴，洽韻讀法與「巠」聲不諧，是所據切語下字本作「冷」，訛作「洽」（如《名義》五洽反），而誤收入《洽韻》。說見：楊寶忠《疑難字三考》P326-327。
巠	KEŊ	俓	俓	五堅	疑先開四平	ngen		
巠	KEŊ	娙 俓	娙 俓	五莖	疑耕開二平	ngeeng	ŋrˤeŋ	
巠	KEŊ	頸	頸	居郢	見清開三A上	kiaengq	keŋʔ	
巠	KEŊ	勁	勁	居正	見清開三A去	kiaengh	keŋh	
巠	KEŊ	輕 𨆪 鑋	輕 𨆪 鑋	去盈	溪清開三A平	khiaeng	kʰeŋ	
巠	KEŊ	輕	輕	墟正	溪清開三A去	khiaengh	kʰeŋh	
巠	KEŊ	頸 𩷏 葝 𦳲	頸 𩷏 葝 𦳲	巨成	羣清開三A平	giaeng	ɡeŋ	
巠	KEŊ	痙 𠗊	痙 𠗊	巨郢	羣清開三A上	giaengq	ɡeŋʔ	
巠	KEŊ	葝	葝	渠京	羣庚開三B平	gyaeng	ɡreŋ	
巠	KEŊ	𩈡	𩈡	許令	曉清開三A去	hiaengh		
巠	KEŊ	䞓	䞓	丑貞	徹清開三平	trhiaeng		·䞓，《說文》：「䞓，赤色也。《詩》曰：『魴魚䞓尾。』𧹙，或从丁。赬，䞓或从貞。」今本《毛詩·周南·汝墳》、《列女傳》引《詩》皆作「魴魚赬尾」。
幸	KEŊ	婞 涬 緈	婞 涬 緈	胡頂	匣青開四上	ghengq	ɡˤeŋʔ	
幸	KEŊ	幸 𡴘 倖 㼬	幸 𡴘 倖 㼬	胡耿	匣耕開二上	gheengq	ɡrˤeŋʔ	
幸	KEŊ	䛭	䛭	許更	曉庚開二去	haengh		
刑	KEŊ	耕	耕	古莖	見耕開二平	keeng	krˤeŋ	
刑	KEŊ	硎	硎	客庚	溪庚開二平	khaeng		
刑	KEŊ	㓝 刑 形 邢 鉶 型 侀 硎 鈃 㼛	㓝 刑 形 邢 鉶 型 侀 硎 鈃 㼛	戸經	匣青開四平	gheng	ɡˤeŋ	·刑、形，舊或以爲「井」聲，非是。其聲符本與“水井”之「井」不同（說見：張富海《說“井”》），可能是“型范”之｛型｝的初文。今據張說與「井」分爲兩聲系。·邢，鄭地名，《說文》作「𨙷」，與「幵」聲之「邢」爲同形字。
刑	KEŊ	荆	荆	舉卿	見庚開三B平	kyaeng	kreŋ	
嬰	ɁEŊ	瀴	瀴	莫(皿)迥	影青開四上	qengq		·瀴，大水皃，莫迥切之聲母與「嬰」聲字形不合，疑或有韻書上字本作「益」（本與烟涬切同音），誤識爲「皿」，遂據誤收明母音。
嬰	ɁEŊ	巊 瀴	巊 瀴	烟涬	影青開四上	qengq		
嬰	ɁEŊ	甖 罌 嚶 櫻 鸚 譻 鸎	甖 罌 嚶 櫻 鸚 譻 鸎	烏莖	影耕開二平	qeeng	ʔrˤeŋ	
嬰	ɁEŊ	瀴	瀴	於孟	影庚開二去	qaengh		
嬰	ɁEŊ	䙬	䙬	鷖迸	影耕開二去	qeengh		
嬰	ɁEŊ	嬰 瓔 纓 攖 𨟙 賏 蘡	嬰 瓔 纓 攖 𨟙 賏 蘡	於盈	影清開三A平	qiaeng	ʔeŋ	
嬰	ɁEŊ	廮 𨟙 癭 𣤵 𦡺	廮 𨟙 癭 𣤵 𦡺	於郢	影清開三A上	qiaengq	ʔeŋʔ	
嬰	ɁEŊ	賏	賏	於敬	影庚開三B去	qyaengh		
𣪠	KEK	擊 墼 轚 𦼷	擊 墼 轚 𦼷	古歷	見錫開四入	kek	kˤek	
𣪠	KEK	繫 檕 蘻 轚 㲅 <𣪠>	繫 檕 蘻 轚 㲅 𣪠	古詣	見齊開四去	kejh	kˤekh	
𣪠	KEK	𧈑	𧈑	古核	見麥開二入	keek		
𣪠	KEK	𣪠 𠿊 𢞒 <𢢞>	𣪠 𠿊 𢞒 𢢞	苦擊	溪錫開四入	khek		·𢞒，「𢢞」之訛字。
𣪠	KEK	罊 蟿 𢢞 𡢖	罊 蟿 𢢞 𡢖	苦計	溪齊開四去	khejh	kʰˤekh	
𣪠	KEK	檕	檕	苦奚	溪齊開四平	khej		
𣪠	KEK	礊 罊	礊 罊	楷革	溪麥開二入	kheek	kʰrˤek	
𣪠	KEK	礊	礊	苦格	溪陌開二入	khaek		
𣪠	KEK	𡢖	𡢖	苦賣	溪佳開二去	kheeh	kʰrˤekh	
𣪠	KEK	𡢖	𡢖	苦蟹	溪佳開二上	kheeq		
𣪠	KEK	繫	繫	胡計	匣齊開四去	ghejh	ɡˤekh	
𣪠	KEK	礊	礊	呼麥	曉麥合二入	hweek		
𣪠	KEK	𤩚	𤩚	郎擊	來錫開四入	lek		·𤩚，《說文》：「𤪢，玉也。从玉，毄聲。讀若鬲。」
𣪠	KEK	𢞒 <𢢞>	𢞒 𢢞	他歷	透錫開四入	thek		
𣪠	KEK	𣤢	𣤢	他計	透齊開四去	thejh		
𣪠	KEK	蟿	蟿	詰利	溪脂開三A去	khih		
係	KEK	係	係	古詣	見齊開四去	kejh	kˤekh	
係	KEK	系	系	胡計	匣齊開四去	ghejh	ɡˤekh	
覡	KEK	覡	覡	胡狄	匣錫開四入	ghek	ɡˤek	·覡，《說文》：「覡，能齋肅事神明也。在男曰覡，在女曰巫。从巫从見。」楚簡或以「視」爲｛覡｝，清華竹簡九《禱辭》簡15「巫覡龜筮」之｛覡｝作「視」。秦漢簡《日書》中數見以「見」爲｛覡｝者，陳劍先生據之說「見」聲（說見：陳劍《說“規”等字並論一些特別的形聲字意符》），錫元旁對轉，然此韻尾一者收喉、一者收舌，于音理不可通。未詳。
繼	KEK	繼 檵	繼 檵	古詣	見齊開四去	kejh	kˤekh	
戹	ɁEK	戹 厄 㧖 軶 阸 豟 呝 蚅 𩚬 𧠞	戹 厄 㧖 軶 阸 豟 呝 蚅 𩚬 𧠞	於革	影麥開二入	qeek	ʔrˤek	·戹，《說文》：「戹，隘也。从戶，乙聲。」其說非是。古文字「戹」象車軛正視與側視結合之形，是｛軛｝*ʔrˤek的表意字，其孔用於穿過韁繩，下爲兩軛肢。可見：何琳儀,程燕《釋戹——兼釋齊家村H190西周甲骨》等。
戹	ɁEK	阸	阸	烏懈	影佳開二去	qeeh	ʔrˤekh	
戹	ɁEK	呝	呝	烏界	影皆開二去	qeejh		
戹	ɁEK	𩚬	𩚬	烏格	影陌開二入	qaek		
益	ɁEK	搤 𪕶 貖	搤 𪕶 貖	於革	影麥開二入	qeek		
益	ɁEK	縊	縊	於計	影齊開四去	qejh		
益	ɁEK	隘 䅬 賹	隘 䅬 賹	烏懈	影佳開二去	qeeh	ʔrˤekh	
益	ɁEK	鷁 艗	鷁 艗	五歷	疑錫開四入	ngek		
益	ɁEK	益 謚 嗌 𨜶 齸 膉 𦶩 𪕶	益 謚 嗌 𨜶 齸 膉 𦶩 𪕶	伊昔	影昔開三A入	qiaek	ʔek	
益	ɁEK	縊 㱲 螠	縊 㱲 螠	於賜	影支開三A去	qieh		
𠍳	ɁEK	𨽴	𨽴	烏懈	影佳開二去	qeeh	ʔrˤekh	
兒	ŊE	鬩 𤄎 𣣉 㦦	鬩 𤄎 𣣉 㦦	許激	曉錫開四入	hek	ŋ̊ˤek	
兒	ŊE	𢅰	𢅰	呼格	曉陌開二入	haek		
兒	ŊE	倪 蜺 霓 郳 齯 婗 輗 棿 猊 麑 貎 鯢 兒 䘽 觬 㪒	倪 蜺 霓 郳 齯 婗 輗 棿 猊 麑 貎 鯢 兒 䘽 觬 㪒	五稽	疑齊開四平	ngej	ŋˤe	
兒	ŊE	堄 㪒 掜 觬 䘽 晲	堄 㪒 掜 觬 䘽 晲	研啓	疑齊開四上	ngejq	ŋˤeʔ	
兒	ŊE	睨 𧡎 堄 霓	睨 𧡎 堄 霓	五計	疑齊開四去	ngejh	ŋˤeh	
兒	ŊE	鶂 𠩫	鶂 𠩫	五歷	疑錫開四入	ngek	ŋˤek	
兒	ŊE	霓 蜺 隉 䘽	霓 蜺 隉 䘽	五結	疑屑開四入	nget	ŋˤet	
兒	ŊE	䍲 掜 誽	䍲 掜 誽	妳佳	孃佳開二平	nree	nrˤe	
兒	ŊE	𠴺 <唲>	𠴺 唲	於佳	影佳開二平	qee		
兒	ŊE	𪓬	𪓬	莫兮	明齊四平	mej		
兒	ŊE	兒 𠒆 唲	兒 𠒆 唲	汝移	日支開三平	njie	ŋe	
幵	KE KEN ŊEN	枅 笄 䗗	枅 笄 䗗	古奚	見齊開四平	kej	kˤe	
幵	KE KEN ŊEN	幵 鳽 豜 𪊑 麉 䶬	幵 鳽 豜 𪊑 麉 䶬	古賢	見先開四平	ken	kˤen	·幵，或說「幵」聲系當分爲兩類：一者支部，來源於｛筓｝之初文；一者元部，來源於古文字「妍」省聲（釋自裘錫圭《史墻盤銘解釋》）。待考。
幵	KE KEN ŊEN	趼 𢆞 𡘸	趼 𢆞 𡘸	古典	見先開四上	kenq	kˤenʔ	
幵	KE KEN ŊEN	𤜵 𧙧	𤜵 𧙧	古莧	見山開二去	keenh		
幵	KE KEN ŊEN	邢 汧 蚈 𪊑 岍 雃	邢 汧 蚈 𪊑 岍 雃	苦堅	溪先開四平	khen	kʰˤen	
幵	KE KEN ŊEN	汧	汧	苦甸	溪先開四去	khenh	kʰˤenh	
幵	KE KEN ŊEN	𪊑	𪊑	苦定	溪青開四去	khengh	kʰˤeŋh	·𪊑，又作「麉」。《王三》古賢、苦賢二切；《廣韻》古賢、苦賢、苦定三切。
幵	KE KEN ŊEN	鳽 㰢	鳽 㰢	口莖	溪耕開二平	kheeng	kʰrˤeŋ	
幵	KE KEN ŊEN	䵤	䵤	胡典	匣先開四上	ghenq	ɡˤenʔ	
幵	KE KEN ŊEN	䀘	䀘	戸圭	匣齊合四平	ghwej		
幵	KE KEN ŊEN	雃	雃	俄寒	疑寒開一平	ngan		
幵	KE KEN ŊEN	𢏗 羿 𦐧	𢏗 羿 𦐧	五計	疑齊開四去	ngejh	ŋˤeh	
幵	KE KEN ŊEN	妍 鳽 研 揅 㿼 趼	妍 鳽 研 揅 㿼 趼	五堅	疑先開四平	ngen	ŋˤen	·鳽，鵁鶄，《爾雅·釋鳥》：「鳽，鵁鶄。」陸德明釋文：「郭五革反；《字林》音肩。」《名義》五田反；《玉篇》五革、五田二切；《新撰字鏡》古賢反；《王三》古賢、五賢二反；《廣韻》古賢、五堅、五革三切。
幵	KE KEN ŊEN	研 𤜵 豜 趼	研 𤜵 豜 趼	吾甸	疑先開四去	ngenh	ŋˤenh	
幵	KE KEN ŊEN	訮	訮	五閑	疑山開二平	ngeen	ŋrˤen	
幵	KE KEN ŊEN	𤜵	𤜵	五晏	疑刪開二去	ngaenh		
幵	KE KEN ŊEN	鳽	鳽	五革	疑麥開二入	ngeek	ŋrˤek	
幵	KE KEN ŊEN	𥳐	𥳐	去演	溪仙開三A上	khienq		
幵	KE KEN ŊEN	𪗛	𪗛	語偃	疑元開三上	ngyonq		
幵	KE KEN ŊEN	䶬	䶬	魚列	疑薛開三B入	ngyet	ŋret	
見	KEN	絸 垷 筧 挸	絸 垷 筧 挸	古典	見先開四上	kenq	kˤenʔ	
見	KEN	見	見	古電	見先開四去	kenh	kˤenh	
見	KEN	俔 蜆 涀	俔 蜆 涀	苦甸	溪先開四去	khenh	kʰˤenh	
見	KEN	峴 哯 晛 垷 蜆 俔 睍	峴 哯 晛 垷 蜆 俔 睍	胡典	匣先開四上	ghenq	ɡˤenʔ	
見	KEN	見 現 涀	見 現 涀	胡甸	匣先開四去	ghenh	ɡˤenh	
見	KEN	莧 粯	莧 粯	侯襉	匣山開二去	gheenh	ɡrˤenh	
見	KEN	蜆	蜆	呼典	曉先開四上	henq		
見	KEN	䩤 䙽	䩤 䙽	虎結	曉屑開四入	het	hˤet	
見	KEN	涀	涀	胡禮	曉齊開四上	hejq		
見	KEN	𥓋 <硯>	𥓋 硯	五堅	疑先開四平	ngen	ŋˤen	·𥓋，「硯」之訛字，中古「兒」俗作「𧠇」，與「見」形近易訛。原本《玉篇》：「𥓋，《字書》亦研字也。」
見	KEN	硯 𨁍	硯 𨁍	吾甸	疑先開四去	ngenh	ŋˤenh	
見	KEN	靦	靦	他典	透先開四上	thenq		·靦，《說文》：「靦，面見[人]也。从面、見，見亦聲。《詩》曰：『有靦面目。』𩈍，或从旦。」
見	KEN	晛	晛	奴甸	泥先開四去	nenh	nˤenh	·晛，《說文》：「晛，日見也。从日、从見，見亦聲。《詩》曰：『見晛曰消。』」《毛詩·小雅·角弓》：「見晛曰消」《釋文》引《韓詩》作「曣見」；《荀子·非相》作「宴然聿消」；《廣雅》作「曣㬗」。
見	KEN	䨘	䨘	蘇佃	心先開四去	senh	ˤenh	·䨘，《說文》：「霰，稷雪也。从雨、𢿱聲。䨘，䨷或从見。」
肩	KEN	肩 𧱚 猏 菺 鵳	肩 𧱚 猏 菺 鵳	古賢	見先開四平	ken	kˤen	
肩	KEN	𧢞 顅	𧢞 顅	苦閑	溪山開二平	kheen	krˤen	
繭	KEN	繭 蠒 𥀹 襺 𢺃 𢹕	繭 蠒 𥀹 襺 𢺃 𢹕	古典	見先開四上	kenq	kˤenʔ	
𠳋	KEN	遣 繾 䭤 𠳋 𨺫 𩝡	遣 繾 䭤 𠳋 𨺫 𩝡	去演	溪仙開三A上	khienq	kʰenʔ	
𠳋	KEN	譴 遣 䪈 繾	譴 遣 䪈 繾	去戰	溪仙開三A去	khienh	kʰenh	
顯	KEN	顯 韅 𣊡	顯 韅 𣊡	呼典	曉先開四上	henq	hˤenʔ	
顯	KEN	𩎌	𩎌	呼甸	曉先開四去	henh		
虤	—	虤	虤	五閑	疑山開二平	ngeen	ŋrˤen	·虤，《說文》：「虤，虎怒也。从二虎。」
燕	ɁEN	燕 驠 𥷀	燕 驠 𥷀	烏前	影先開四平	qen	ʔˤen	
燕	ɁEN	嬿	嬿	於殄	影先開四上	qenq	ʔˤenʔ	
燕	ɁEN	驠 燕 鷰 醼 讌 嬿 嚥 㬫 酀	驠 燕 鷰 醼 讌 嬿 嚥 㬫 酀	於甸	影先開四去	qenh	ʔˤenh	
妟	ɁEN	蝘 躽 𥈔 宴	蝘 躽 𥈔 宴	於殄	影先開四上	qenq	ʔˤenʔ	
妟	ɁEN	宴 𥉛	宴 𥉛	於甸	影先開四去	qenh	ʔˤenh	
妟	ɁEN	揠 𥈔	揠 𥈔	烏黠	影黠開二入	qeet	ʔrˤet	
妟	ɁEN	躽 𥈔 堰	躽 𥈔 堰	於扇	影仙開三A去	qienh	ʔenh	
魝	KET	𧾯 魝	𧾯 魝	古屑	見屑開四入	ket	ket	
魝	KET	薊	薊	古詣	見齊開四去	kejh	keth	
㓞	KET	㝣	㝣	烏結	影屑開四入	qet	ʔˤet	
㓞	KET	㝣	㝣	於計	影齊開四去	qejh	ʔˤeth	
㓞	KET	䝟 猰 窫	䝟 猰 窫	烏黠	影黠開二入	qeet	ʔrˤet	
㓞	KET	絜 潔 䥛 鍥 𣚃 𪃈	絜 潔 䥛 鍥 𣚃 𪃈	古屑	見屑開四入	ket	kˤet	
㓞	KET	𨜒	𨜒	古詣	見齊開四去	kejh	kˤeth	
㓞	KET	楔 𠜵 𪃈	楔 𠜵 𪃈	古黠	見黠開二入	keet	krˤet	
㓞	KET	𩮁 猰	𩮁 猰	古鎋	見鎋開二入	kaet		
㓞	KET	丯	丯	古拜	見皆開二去	keejh		
㓞	KET	猰 䫔 挈 㼤 契 栔 鍥 蛪	猰 䫔 挈 㼤 契 栔 鍥 蛪	苦結	溪屑開四入	khet	kʰˤet	
㓞	KET	𨴒	𨴒	苦穴	溪屑合四入	khwet		
㓞	KET	契 栔 𦩣 䫔	契 栔 𦩣 䫔	苦計	溪齊開四去	khejh	kʰˤeth	
㓞	KET	喫	喫	苦擊	溪錫開四入	khek		
㓞	KET	𩮁 㓞	𩮁 㓞	恪八	溪黠開二入	kheet	kʰrˤet	
㓞	KET	𧩶	𧩶	枯駕	溪麻開二去	khaeh		
㓞	KET	𢴲 絜 𥊯 䐼	𢴲 絜 𥊯 䐼	胡結	匣屑開四入	ghet	ɡˤet	
㓞	KET	䐼 𦝜 禊 瘛 稧	䐼 𦝜 禊 瘛 稧	胡計	匣齊開四去	ghejh	ɡˤeth	
㓞	KET	𢴲 褉	𢴲 褉	虎結	曉屑開四入	het		
㓞	KET	齧 𡿖	齧 𡿖	五結	疑屑開四入	nget	ŋˤet	
㓞	KET	䱮	䱮	五陌	疑陌開二入	ngaek		·䱮，又疑爲「㗉」省聲。
㓞	KET	𡿖	𡿖	五鎋	疑鎋開二入	ngaet		
㓞	KET	楔 揳 偰	楔 揳 偰	先結	心屑開四入	set	sŋˤet	
㓞	KET	𡐤	𡐤	丘謁	溪薛開三B入	khyet		
㓞	KET	契	契	去迄	溪迄開三入	khyt		
㓞	KET	瘛	瘛	昌列	昌薛開三入	tjhiet	kʰˤet	
㓞	KET	瘛 𤸪	瘛 𤸪	尺制	昌祭開三去	tjhiejh	kʰˤeth	
㓞	KET	觢 𦚨	觢 𦚨	時制	常祭開三去	djiejh	ɡˤeth	
㓞	KET	𧼪 𨂰	𧼪 𨂰	丑例	徹祭開三去	trhiejh		
介	KET	扴 圿 骱 砎 忦	扴 圿 骱 砎 忦	古黠	見黠開二入	keet	krˤet	
介	KET	界 介 疥 玠 㝏 㠹 砎 魪 尬 价 䯰 䲸 芥 衸 𠨴 𩡺	界 介 疥 玠 㝏 㠹 砎 魪 尬 价 䯰 䲸 芥 衸 𠨴 𩡺	古拜	見皆開二去	keejh	krˤeth	
介	KET	个	个	古賀	見歌開一去	kah		
介	KET	妎 䦏	妎 䦏	胡計	匣齊開四去	ghejh	ɡˤeth	
介	KET	齘 䦏 衸	齘 䦏 衸	胡介	匣皆開二去	gheejh	ɡrˤeth	
介	KET	骱	骱	胡葛	匣末開一入	ghat		
介	KET	妎	妎	胡蓋	匣泰開一去	ghajh		
介	KET	砎	砎	胡瞎	匣鎋開二入	ghaet		
介	KET	𢗊	𢗊	許介	曉皆開二去	heejh	hrˤeth	
孑	KET	孑 𨥂	孑 𨥂	居列	見薛開三B入	kyet	kret	
埶	ŊET	槷	槷	五結	疑屑開四入	nget	ŋˤet	
埶	ŊET	褹	褹	女介	孃皆開二去	nreejh		
埶	ŊET	設 蔎	設 蔎	識列	書薛開三入	sjiet	ŋ̊et	·設，戰國文字有字作「⿰⿱𡉣言攴」，見上博竹書六《用曰》簡18、清華竹簡九《治政之道》簡26，从「言」、「⿰𡉣攴」聲（「𡉣」爲「埶」之省體，戰國時代常作聲符）。我懷疑秦漢文字「設」即此字之省，省去基本聲符「𡉣」耳。
埶	ŊET	勢	勢	舒制	書祭開三去	sjiejh	ŋ̊eth	
埶	ŊET	𢄢	𢄢	舒芮	書祭合三去	sjwiejh		
埶	ŊET	藝 埶 蓺 囈 槸 褹	藝 埶 蓺 囈 槸 褹	魚祭	疑祭開三A去	ngiejh	ŋeth	
埶	ŊET	熱	熱	如列	日薛開三入	njiet	ŋet	
埶	ŊET	爇	爇	如劣	日薛合三入	njwiet		
埶	ŊET	𨫔 褻 暬	𨫔 褻 暬	私列	心薛開三入	siet	sŋet	
劓	ŊET	嵲 臬 臲 闑	嵲 臬 臲 闑	五結	疑屑開四入	nget	ŋˤet	·臬，乃「㓷」之省形分化字，《說文》以「㓷」爲「臬」聲是顛倒了源流。
劓	ŊET	甈	甈	五計	疑齊開四去	ngejh	ŋˤeth	
劓	ŊET	𦤙	𦤙	五骨	疑黠合二入	ngweet		
劓	ŊET	闑	闑	魚列	疑薛開三B入	ngyet	ŋret	
劓	ŊET	寱	寱	魚祭	疑祭開三A去	ngiejh	ŋeth	
劓	ŊET	㓷	㓷	牛例	疑祭開三B去	ngyejh	ŋreth	·㓷，从「木」、「𰄩」聲。古文字「𰄩」象以刀割鼻之形，是｛劓｝*ŋrith的表意字。
劓	ŊET	劓	劓	魚器	疑脂開三B去	ngyih	ŋrith	
劓	ŊET	甈	甈	去例	溪祭開三B去	khyejh		
圭	WE KE	𣕁	𣕁	烏奚	影齊開四平	qej		
圭	WE KE	烓 𧟼	烓 𧟼	烏攜	影齊合四平	qwej	ʔwˤe	
圭	WE KE	溎	溎	於甸	影先開四去	qenh		·溎，《名義》烏晃切；《玉篇》於見切；《王三》烏見反；《廣韻》於甸切。
圭	WE KE	娃 洼 哇 㰪	娃 洼 哇 㰪	於佳	影佳開二平	qee	ʔrˤe	
圭	WE KE	蛙 鼃	蛙 鼃	烏媧	影佳合二平	qwee	ʔwrˤe	
圭	WE KE	洼 蛙 窪 哇	洼 蛙 窪 哇	烏瓜	影麻合二平	qwae		
圭	WE KE	圭 珪 邽 閨 袿 窐 鮭 𪊧 洼 𡌲 胿 𦓯 㰪 茥	圭 珪 邽 閨 袿 窐 鮭 𪊧 洼 𡌲 胿 𦓯 㰪 茥	古攜	見齊合四平	kwej	kwˤe	
圭	WE KE	桂 筀 罣 䳏	桂 筀 罣 䳏	古惠	見齊合四去	kwejh	kwˤeh	
圭	WE KE	佳 街	佳 街	古膎	見佳開二平	kee	krˤe	
圭	WE KE	㾏	㾏	古隘	見佳開二去	keeh		
圭	WE KE	𡐠	𡐠	乖買	見佳合二上	kweeq	kwrˤeʔ	
圭	WE KE	卦 挂 掛 詿 𡐠 罣	卦 挂 掛 詿 𡐠 罣	古賣	見佳合二去	kweeh	kwrˤeh	
圭	WE KE	街	街	古諧	見皆開二平	keej		
圭	WE KE	奎 刲 𠝥 茥 䯓 鮭 䖯 蝰 㨒 楏 𡐠	奎 刲 𠝥 茥 䯓 鮭 䖯 蝰 㨒 楏 𡐠	苦圭	溪齊合四平	khwej	kʰwˤe	
圭	WE KE	烓	烓	口迥	溪青合四上	khwengq	kʰwˤeŋʔ	
圭	WE KE	絓	絓	苦緺	溪佳合二平	khwee	kwrˤe	
圭	WE KE	胿	胿	胡雞	匣齊開四平	ghej		
圭	WE KE	窐 𩰳 畦 𦋅 𣫴 𡸔 䙵 黊 眭	窐 𩰳 畦 𦋅 𣫴 𡸔 䙵 黊 眭	戸圭	匣齊合四平	ghwej	wˤe	
圭	WE KE	奊	奊	胡結	匣屑開四入	ghet	ɡˤek	
圭	WE KE	鮭	鮭	戸佳	匣佳開二平	ghee		
圭	WE KE	鼃	鼃	戸媧	匣佳合二平	ghwee	wrˤe	
圭	WE KE	詿 罣 絓 黊	詿 罣 絓 黊	胡卦	匣佳合二去	ghweeh	wrˤeh	
圭	WE KE	鞋	鞋	戸皆	匣皆開二平	gheej		
圭	WE KE	黊 蘳 觟	黊 蘳 觟	胡瓦	匣麻合二上	ghwaeq		
圭	WE KE	睳	睳	呼攜	曉齊合四平	hwej		
圭	WE KE	砉	砉	呼狊	曉錫合四入	hwek	w̥ˤek	
圭	WE KE	剨 湱	剨 湱	呼麥	曉麥合二入	hweek	w̥rˤek	
圭	WE KE	砉 湱 硅 𢝇	砉 湱 硅 𢝇	虎伯	曉陌合二入	hwaek		·砉，「𥒐」之訛省字，同「硅」。
圭	WE KE	𣕁	𣕁	五稽	疑齊開四平	ngej		
圭	WE KE	崖 涯 啀 猚 <𪺾> 厓	崖 涯 啀 猚 𪺾 厓	五佳	疑佳開二平	ngee	ŋrˤe	
圭	WE KE	睚	睚	五懈	疑佳開二去	ngeeh		
圭	WE KE	娾	娾	擬皆	疑皆開二平	ngeej		
圭	WE KE	娾 𧡋	娾 𧡋	五駭	疑皆開二上	ngeejq		
圭	WE KE	恚 㜇	恚 㜇	於避	影支合三A去	qwieh	ʔweh	
圭	WE KE	跬 䞨 䠑	跬 䞨 䠑	丘弭	溪支合三A上	khwieq	kʰweʔ	
圭	WE KE	眭 蘳	眭 蘳	許規	曉支合三A平	hwie	w̥e	
圭	WE KE	眭	眭	許維	曉脂合三A平	hwi		
圭	WE KE	涯 崖	涯 崖	魚羈	疑支開三B平	ngye	ŋre	
圭	WE KE	㥨	㥨	時髓	常支合三上	djwieq		·㥨，同「恚」，不悅。《名義》扵箠反；《玉篇》縈利切；《廣韻》時髓切；《集韻》是棰、尹捶二切。
規	WE	槻 規 鬹 𨾚 摫	槻 規 鬹 𨾚 摫	居隋	見支合三A平	kwie	kwe	·規，《說文》：「規，有法度也。从夫从見。」从「夫」「見」會意不可信。清人或謂「見」聲，乃支元旁對轉，然此音理于例罕見，不可輕信。戰國楚簡｛規｝作枝指之形，程浩以爲秦漢文字「規」之「夫」乃其訛變（說見：程浩《談談楚文字中用爲“規”的“夬”字異體——兼說篆隸“規”字的來源》，程文於音於形皆甚疏），似亦不可信。未詳。
規	WE	瞡	瞡	規恚	見支合三A去	kwieh		
規	WE	瞡	瞡	居悸	見脂合三A去	kwih		
規	WE	闚 窺	闚 窺	去隨	溪支合三A平	khwie	kʰwe	
規	WE	嫢	嫢	求癸	羣脂合三A上	gwiq		
規	WE	嫢	嫢	姊宜(規)	精支合三平	tswie		
雟	WE	𨾴	𨾴	古攜	見齊合四平	kwej		
雟	WE	讗	讗	古獲	見麥合二入	kweek		
雟	WE	攜 携 蠵 鑴 驨 𪈥 巂 酅 𢥘 纗 讗 㔒 𡰢 觿	攜 携 蠵 鑴 驨 𪈥 巂 酅 𢥘 纗 讗 㔒 𡰢 觿	戸圭	匣齊合四平	ghwej	wˤe	
雟	WE	儶	儶	胡桂	匣齊合四去	ghwejh		
雟	WE	纗 孈	纗 孈	胡卦	匣佳合二去	ghweeh	wrˤeh	
雟	WE	𡄴	𡄴	胡伯	匣陌合二入	ghwaek		
雟	WE	𤮰	𤮰	烏攜	影齊合四平	qwej		
雟	WE	䪎	䪎	素回	心灰合一平	soj		
雟	WE	觿 鑴	觿 鑴	許規	曉支合三A平	hwie	w̥e	
雟	WE	孈	孈	呼恚	曉支合三A去	hwieh		
雟	WE	䁤 <𥍋>	䁤 𥍋	火癸	曉脂合三A上	hwiq		·䁤，《廣韻》：「䁤，恚視。」周祖謨校勘：「此字故宮本、敦煌本《王韻》作『瞲』，《集韻》作『𥍋』。」此從「𥍋」之字形，疑其訛爲「瞲」後復訛爲「䁤」。
雟	WE	䁤 <𥍋>	䁤 𥍋	香季	曉脂合三A去	hwih		
雟	WE	蠵 欈 𧲚	蠵 欈 𧲚	悅吹	以支合三平	jwie	we	
雟	WE	𤼒	𤼒	羊捶	以支合三上	jwieq		
雟	WE	瓗 纗	瓗 纗	以睡	以支合三去	jwieh	weh	
雟	WE	孈	孈	以水	以脂合三上	jwiq		
雟	WE	孈	孈	移爾	以支開三上	jieq		
雟	WE	嶲 靃	嶲 靃	息委	心支合三上	swieq		·靃，與虚郭切之「靃」爲同形字。
雟	WE	䪎 䭨	䪎 䭨	山垂	生支合三平	srue		
雟	WE	纗	纗	姊宜(規)	精支合三平	tswie		
雟	WE	䭨	䭨	舒芮	書祭合三去	sjwiejh		
耿	WEŊ	耿 𦵸 𥉔	耿 𦵸 𥉔	古幸	見耕開二上	keengq	k(w)rˤeŋʔ	
耿	WEŊ	褧	褧	口迥	溪青合四上	khwengq	kʰwˤeŋʔ	
冋	WEŊ	扃 駉 坰 冋 𪕍 絅 𣕄	扃 駉 坰 冋 𪕍 絅 𣕄	古螢	見青合四平	kweng	kwˤeŋ	
冋	WEŊ	炯 𠖷 𩚱 𧍮	炯 𠖷 𩚱 𧍮	古迥	見青合四上	kwengq	kwˤeŋʔ	
冋	WEŊ	苘 絅	苘 絅	口迥	溪青合四上	khwengq	kʰwˤeŋʔ	
冋	WEŊ	詗	詗	火迥	曉青合四上	hwengq	w̥ˤeŋʔ	
冋	WEŊ	迥 冋 炯 泂 𦳖	迥 冋 炯 泂 𦳖	戸頂	匣青合四上	ghwengq	wˤeŋʔ	
冋	WEŊ	苘	苘	去潁	溪清合三A上	khwiaengq		
冋	WEŊ	詗	詗	休正	曉清合三A去	hwiaengh	w̥eŋh	·詗，原本《玉篇》呼政、耻敬二反；《名義》恥敬反；恥敬反是訓讀｛偵｝。《漢書》「爲中詗長安」顏師古注：「孟康曰：『詗音偵。西方人以反間爲詗。王使其女爲偵於中也。』…詗，有所候伺也。如音是矣。偵者，義與詗同，然音則異。音醜政反。」
頃	WEŊ	熲 㯋	熲 㯋	古迥	見青合四上	kwengq	kwˤeŋʔ	
頃	WEŊ	顈	顈	口迥	溪青合四上	khwengq	kʰwˤeŋʔ	
頃	WEŊ	顈	顈	胡典	匣先開四上	ghenq		·顈，原本《玉篇》：「呼善反。《𡌨蒼》：『𦅐，綴也。』野王案，《礼記》以為檾字，草名，枲属也，音孔𩒠，孔逈二反，在𣑼部。」
頃	WEŊ	潁 穎	潁 穎	餘頃	以清合三上	jwiaengq	weŋʔ	
頃	WEŊ	傾 頃	傾 頃	去營	溪清合三A平	khwiaeng	kʰweŋ	
頃	WEŊ	頃 𩒵 㩩 䔛	頃 𩒵 㩩 䔛	去潁	溪清合三A上	khwiaengq	kʰweŋʔ	
𤇾	WEŊ	濙	濙	烏迥	影青合四上	qwengq		
𤇾	WEŊ	鎣 瑩 𢣙 瀅	鎣 瑩 𢣙 瀅	烏定	影青合四去	qwengh	ʔwˤeŋh	
𤇾	WEŊ	䁝	䁝	烏猛	影庚合二上	qwaengq		
𤇾	WEŊ	罃 鶯 嫈 褮 𠠜	罃 鶯 嫈 褮 𠠜	烏莖	影耕開二平	qeeng		
𤇾	WEŊ	謍	謍	烏宏	影耕合二平	qweeng		
𤇾	WEŊ	嫈	嫈	鷖迸	影耕開二去	qeengh		
𤇾	WEŊ	檾	檾	口迥	溪青合四上	khwengq	kʰwˤeŋʔ	
𤇾	WEŊ	䎕 謍	䎕 謍	虎橫	曉庚合二平	hwaeng		
𤇾	WEŊ	䎕	䎕	呼宏	曉耕合二平	hweeng		
𤇾	WEŊ	熒 褮 螢 滎 䁝	熒 褮 螢 滎 䁝	戸扃	匣青合四平	ghweng	wˤeŋ	
𤇾	WEŊ	嶸 嵤	嶸 嵤	戸萌	匣耕合二平	ghweeng		
𤇾	WEŊ	𤬐	𤬐	戸經	匣青開四平	gheng		
𤇾	WEŊ	覮	覮	普丁	滂青四平	pheng		·覮，迷惑，又作「䁝」，《名義》千并反；《玉篇》于并切；《新撰字鏡》千并反；《廣韻》普丁切。普丁切之聲母與「𤇾」聲字形不合，待考。
𤇾	WEŊ	縈 褮 嫈 䪯 𢄋	縈 褮 嫈 䪯 𢄋	於營	影清合三A平	qwiaeng	ʔweŋ	
𤇾	WEŊ	檾	檾	去潁	溪清合三A上	khwiaengq	kʰweŋʔ	
𤇾	WEŊ	煢 焭 𢶇 𦽓 𦾵 𨍶 㒌	煢 焭 𢶇 𦽓 𦾵 𨍶 㒌	渠營	羣清合三A平	gwiaeng	ɡweŋ	
𤇾	WEŊ	醟	醟	休正	曉清合三A去	hwiaengh		
𤇾	WEŊ	營 鎣 塋 䁝 濴 謍	營 鎣 塋 䁝 濴 謍	余傾	以清合三平	jwiaeng	weŋ	
𤇾	WEŊ	榮 禜 蠑 瑩 嶸	榮 禜 蠑 瑩 嶸	永兵	云庚合三B平	uaeng	wreŋ	
𤇾	WEŊ	禜 醟	禜 醟	爲命	云庚合三B去	uaengh		
𤇾	WEŊ	㽦	㽦	詳遵	邪真合三平	zwin		
𬙮	WEŊ	騂 𤙡 垶 觪	騂 𤙡 垶 觪	息營	心清合三平	swiaeng	ʍeŋ	·騂、垶、觪，此韻諸字古作「𬙮」聲，如《說文》之「觲」、「㙚」。古文字自有「𬙮」聲（可參：裘錫圭《殷墟甲骨文在文字學上的重要性》），从「羊」从「牛」。考中古音，切韻音系清韻銳音幾無合口，唯以母余傾、餘頃、營隻三切及心母此小韻有之（七役切、之役切不論），上古音系使然也，是「𬙮」聲域必在WEŊ（云組耕部）；或據中古音系格局改騂小韻爲開口地位，非是。秦漢文字「𬙮」已不習見，後改作「辛」。又，秦石鼓《車工》：「□₌角弓。」「□」字宋拓本殘泐難識，元代以後拓本已不可見，學者多據北宋先鋒本殘跡釋作「辛」聲之「𤙡」字，然其時「辛」「𬙮」聲不近，「辛」聲字不可讀｛觪｝*ʍeŋ，俟考。
炅	WEŊ	炅	炅	古迥	見青合四上	kwengq	kwˤeŋʔ	·炅，光也，又作「熲」、「炯」。
炅	WEŊ	昋 炅	昋 炅	古惠	見齊合四去	kwejh		·昋，爲「炅」姓之改形字。
炅	WEŊ	煚	煚	俱永	見庚合三B上	kuaengq		
轟	WEŊ	轟	轟	呼宏	曉耕合二平	hweeng	w̥rˤeŋ	·轟，車聲，又作「輷」。《說文》：「轟，羣車聲也。从三車。」段玉裁注：「李善曰：『倉頡篇云：𨊷𨊷、衆車聲也。呼萌切。』今爲䡘字、音田。玄應曰：『轟今作䡘。字書作𨊷、同。呼萌切。』按古字作𨊷；今字作䡘。《玉篇》作輷。皆當在眞臻部也。」原本《玉篇》：「呼萌反。《史記》：『𨋮𨋮殷殷，𠰥有三軍之衆。』《蒼頡萹》：『𨋮𨋮，聲也。』《聲類》亦轟字也。」《廣雅》：「輷輷，聲也。」
轟	WEŊ	轟	轟	呼迸	曉耕合二去	hweengh	w̥rˤeŋh	
畫	WEK	繣 㦎 劃 䐸 㩇 𢄶 𨐶 𥊮	繣 㦎 劃 䐸 㩇 𢄶 𨐶 𥊮	呼麥	曉麥合二入	hweek	w̥rˤek	
畫	WEK	畫 嫿 劃 㗲	畫 嫿 劃 㗲	胡麥	匣麥合二入	ghweek	wrˤek	
畫	WEK	畫 澅 繣	畫 澅 繣	胡卦	匣佳合二去	ghweeh	wrˤekh	
畫	WEK	㩇	㩇	簪(子)摑	匣麥合二入	ghweek		·㩇，簪摑切聲母與「畫」聲字形不合。疑早期字韻書上字作「于」（一如《新撰字鏡》干或反），或又訛作「子」，《切韻》系韻書據誤收簪摑切。
瞁	WEK	郹 狊 鶪 湨 鼳 犑 𠋬	郹 狊 鶪 湨 鼳 犑 𠋬	古闃	見錫合四入	kwek	kwˤek	
瞁	WEK	闃 䠐	闃 䠐	苦鶪	溪錫合四入	khwek	kʰwˤek	
瞁	WEK	瞁 狊	瞁 狊	呼狊	曉錫合四入	hwek	w̥ˤek	·狊，大徐本《說文》：「狊，犬視皃。从犬、目。」小徐本作「從犬，目聲。」徐鍇曰：「會意。」按「目」斷非聲，然會意之說似難解。清華竹簡二《繫年》簡91：「公會者（諸）侯於瞁（湨）梁。」此地名於古書作「湨梁」。待考。
瞁	WEK	瞁	瞁	許役	曉昔合三A入	hwiaek	w̥ek	
役	WEK	椺 <𣒃>	椺 𣒃	胡狄	匣錫開四入	ghek		·椺，「𣒃」之訛字。《說文》：「𣒃，穜樓也。一曰燒麥柃𣒃。从木、役聲。」《廣韻》：「椺，鐘椺。又胡老切。」
役	WEK	𤈧	𤈧	下革	匣麥開二入	gheek		
役	WEK	𥍟 𥆛	𥍟 𥆛	呼狊	曉錫合四入	hwek		
役	WEK	𥆛	𥆛	許役	曉昔合三A入	hwiaek		
役	WEK	役 䓈 疫 𩷍 坄 垼 炈 𪁛 鈠 𩂹 豛 𧈻	役 䓈 疫 𩷍 坄 垼 炈 𪁛 鈠 𩂹 豛 𧈻	營隻	以昔合三入	jwiaek	wek	
役	WEK	䓈	䓈	羊捶	以支合三上	jwieq		
焱	—	焱	焱	呼狊	曉錫合四入	hwek		
𩡧	WEN	䭴	䭴	胡畎	匣先合四上	ghwenq	wˤenʔ	
𩡧	WEN	䭴	䭴	戸關	匣刪合二平	ghwaen	wrˤen	·䭴，大徐本《說文》：「𩡧，馬一歲也。从馬；一，絆其足。讀若弦。一曰若環。」小徐本作「讀若絃。一曰環。」段玉裁注：「戶關切。十四部。按今《玉篇》有爲萌一切，《集韵》、《類篇》收入耕韵，皆『讀若紘』之本也。《集韵》、《類篇》又收入咍韵，未詳。又按『紘』葢譌字，『弦』是也。」
縣	WEN	縣 懸 𥌭	縣 懸 𥌭	胡涓	匣先合四平	ghwen	wˤen	
縣	WEN	𥌭	𥌭	胡畎	匣先合四上	ghwenq		
縣	WEN	縣	縣	黃絢	匣先合四去	ghwenh	wˤenh	
縣	WEN	𥌭	𥌭	許緣	曉仙合三A平	hwien		
縣	WEN	緜 綿 棉 矊	緜 綿 棉 矊	武延	明仙三A平	mien	[m]en	·緜，「縣」之分化字。說見：陳劍《據出土文獻說“懸諸日月而不刊”及相關問題》。
〇²	WEN	噮	噮	烏縣	影先合四去	qwenh		
〇²	WEN	𦌾 懁 獧	𦌾 懁 獧	古縣	見先合四去	kwenh	kwˤenh	
〇²	WEN	癏 擐	癏 擐	古還	見刪合二平	kwaen	kwrˤen	
〇²	WEN	繯	繯	胡畎	匣先合四上	ghwenq	wˤenʔ	
〇²	WEN	寰	寰	黃絢	匣先合四去	ghwenh	wˤenh	
〇²	WEN	還 環 𠟼 鬟 寰 闤 糫 圜 鐶 轘 𦏖 澴 𩙽 𦣴	還 環 𠟼 鬟 寰 闤 糫 圜 鐶 轘 𦏖 澴 𩙽 𦣴	戸關	匣刪合二平	ghwaen	wrˤen	
〇²	WEN	𪍺	𪍺	戸板	匣刪合二上	ghwaenq		
〇²	WEN	擐 轘 繯	擐 轘 繯	胡慣	匣刪合二去	ghwaenh	wrˤenh	
〇²	WEN	彋	彋	戸萌	匣耕合二平	ghweeng	wrˤeŋ	
〇²	WEN	彋	彋	戸盲	匣庚合二平	ghwaeng		
〇²	WEN	𣠯 <𣟴>	𣠯 𣟴	數還	生刪合二平	srwaen		
〇²	WEN	嬛	嬛	於緣	影仙合三A平	qwien		
〇²	WEN	䁵	䁵	方(反)免	章仙開三上	tjienq		·䁵，《說文》：「䁵，兒初生瞥者。从目、瞏聲。」方免切聲母與「瞏」聲字形不合，疑早期字韻書切語上字本作「支」（如《名義》支辨反、《新撰字鏡》支弁反），或訛作「反」，《切韻》系韻書遂誤據收幫母音。
〇²	WEN	睘 嬛	睘 嬛	渠營	羣清合三A平	gwiaeng	ɡweŋ	·睘，參看：趙彤《語流音變和聯綿詞的讀音》。
〇²	WEN	翾 儇 蠉 𧾎 嬛 譞	翾 儇 蠉 𧾎 嬛 譞	許緣	曉仙合三A平	hwien	w̥en	
〇²	WEN	蠉	蠉	香兖	曉仙合三A上	hwienq	w̥enʔ	
〇²	WEN	圜	圜	王權	云仙合三B平	uen	wren	
〇²	WEN	檈	檈	相倫	心真合三平	swin		
〇²	WEN	檈 𣟳 還	檈 𣟳 還	似宣	邪仙合三平	zwien	wen	
旋	WEN	𦛔	𦛔	與專	以仙合三平	jwien		
旋	WEN	旋 䗠 㳬 琁 璇 蜁 䁢 嫙 鏇	旋 䗠 㳬 琁 璇 蜁 䁢 嫙 鏇	似宣	邪仙合三平	zwien	wen	
旋	WEN	㳬 鏇 縼 𢳄 旋 嫙 𦛔	㳬 鏇 縼 𢳄 旋 嫙 𦛔	辝戀	邪仙合三去	zwienh	wenh	
㕡²	WEN WET	叡 睿	叡 睿	以芮	以祭合三去	jwiejh	weth	·叡，从「目」、「㕡」（去掉「口」）聲。說見「㕡」下。
㕡²	WEN WET	䜜	䜜	以睡	以支合三去	jwieh		
㕡²	WEN WET	濬 𧸩	濬 𧸩	私閏	心真合三去	swinh		
㕡²	WEN WET	璿 𤩅 𤫀	璿 𤩅 𤫀	似宣	邪仙合三平	zwien	wen	
㕡²	WEN WET	𧾩	𧾩	辝戀	邪仙合三去	zwienh		
㕡²	WEN WET	𧾩	𧾩	詳遵	邪真合三平	zwin		
肙	WEN	㾓 弲 剈 蜎	㾓 弲 剈 蜎	烏玄	影先合四平	qwen	ʔwˤen	
肙	WEN	䬼 肙	䬼 肙	烏縣	影先合四去	qwenh	ʔwˤenh	·肙，或說「肙」是「𠓗」的截省分化字，不可信。
肙	WEN	焆	焆	於決	影屑合四入	qwet		
肙	WEN	涓 睊 𦮻 䅌 鵑 焆 鞙	涓 睊 𦮻 䅌 鵑 焆 鞙	古玄	見先合四平	kwen	kwˤen	
肙	WEN	埍 罥 羂	埍 罥 羂	姑泫	見先合四上	kwenq	kwˤenʔ	
肙	WEN	睊 瓹 䣺 罥 狷	睊 瓹 䣺 罥 狷	古縣	見先合四去	kwenh	kwˤenh	
肙	WEN	鋗 駽 㘣 梋	鋗 駽 㘣 梋	火玄	曉先合四平	hwen	w̥ˤen	
肙	WEN	駽	駽	許縣	曉先合四去	hwenh		
肙	WEN	琄 埍 鞙 䧎	琄 埍 鞙 䧎	胡畎	匣先合四上	ghwenq	wˤenʔ	
肙	WEN	娟 悁 蜎 𡷡	娟 悁 蜎 𡷡	於緣	影仙合三A平	qwien	ʔwen	
肙	WEN	焆 𠱝	焆 𠱝	於列	影薛開三B入	qyet		
肙	WEN	絹 狷 㯞	絹 狷 㯞	古掾	見仙合三A去	kwienh	kwenh	
肙	WEN	蜎	蜎	狂兖	羣仙合三A上	gwienq		
肙	WEN	弲	弲	許緣	曉仙合三A平	hwien		
肙	WEN	㘣	㘣	似宣	邪仙合三平	zwien		
肙	WEN	捐	捐	與專	以仙合三平	jwien		
𩰎	—	𩰎	𩰎	烏宏	影耕合二平	qweeng		·𩰎，《說文》：「𩰎，試力士錘也。从鬥从戈。或从戰省。讀若縣。」《名義》胡遍反；《玉篇》乎犬切；《廣韻》烏宏切。
𩰎	—	㡲	㡲	戸關	匣刪合二平	ghwaen		·㡲，《說文》：「㡲，屋牝瓦下。一曰維綱也。从广，𩰎省聲。讀若環。」
彗	WET	嘒 嚖 暳	嘒 嚖 暳	呼惠	曉齊合四去	hwejh	w̥ˤeth	
彗	WET	慧 㩨	慧 㩨	胡桂	匣齊合四去	ghwejh	wˤeth	
彗	WET	㨹	㨹	子芮	云祭合三B去	uejh		·㨹，「彗」聲不得音精母，蓋所據字韻書切語上字「于」訛作「子」，《切韻》系據誤收精母音。說見：葛信益《〈廣韻〉訛奪舉正（增定稿）》。
彗	WET	轊 槥 彗 熭	轊 槥 彗 熭	于歲	云祭合三B去	uejh	wreth	
彗	WET	熭	熭	王伐	云月合三入	uot		
彗	WET	櫘 𦄑	櫘 𦄑	相銳	心祭合三去	swiejh	ʍeth	
彗	WET	篲 𥱵 鏏 彗 䵻 槥 轊 𢅫	篲 𥱵 鏏 彗 䵻 槥 轊 𢅫	祥歲	邪祭合三去	zwiejh	weth	
彗	WET	彗 蔧 𩏚	彗 蔧 𩏚	徐醉	邪脂合三去	zwih	with	
軎	WET	軎	軎	于歲	云祭合三B去	uejh	wreth	
軎	WET	軎	軎	祥歲	邪祭合三去	zwiejh	weth	
夬	WET	抉 䆕 妜 䆢	抉 䆕 妜 䆢	於決	影屑合四入	qwet	ʔwˤet	
夬	WET	玦 䀗 訣 駃 𦯊 芵 赽 鴂 鈌 𣬎 決 觖 㭈 疦 蚗 趹 䏐 抉	玦 䀗 訣 駃 𦯊 芵 赽 鴂 鈌 𣬎 決 觖 㭈 疦 蚗 趹 䏐 抉	古穴	見屑合四入	kwet	kwˤet	
夬	WET	炔 𤰮 <𤱾> 𣧎	炔 𤰮 𤱾 𣧎	古惠	見齊合四去	kwejh	kwˤeth	
夬	WET	夬	夬	古賣(邁)	見夬合二去	kwaejh	kwrˤeth	
夬	WET	缺	缺	苦穴	溪屑合四入	khwet	kʰwˤet	
夬	WET	快 駃	快 駃	苦夬	溪夬合二去	khwaejh	kʰwrˤeth	
夬	WET	䦑 疦 決	䦑 疦 決	呼決	曉屑合四入	hwet	w̥ˤet	
夬	WET	妜	妜	於悅	影薛合三A入	qwiet	ʔwet	
夬	WET	缺 蒛	缺 蒛	傾雪	溪薛合三A入	khwiet	kʰwet	
夬	WET	觖	觖	窺瑞	溪支合三A去	khwieh		
夬	WET	袂	袂	彌獘	明祭三A去	miejh		·袂，衣袖，又作「褹」、「𧝃」。《說文》：「袂，袖也。从衣、夬聲。」《釋名》：「袂，掣也。」《方言》：「複襦，江湘之閒謂之𧞀，或謂之筩褹。」郭璞注：「褹卽袂字耳。」又：「無袂之衣謂之䙃。」郭璞注：「袂，衣袖也，音藝。」《莊子·漁父》：「被髮揄袂。」陸德明釋文：「袂，面世反。李音芮。」《儀禮·少牢饋食禮》：「詩懷之，實於左袂。」陸德明釋文：「袂，音決。」《廣雅》：「裪𧝃，袖也。」曹憲音注：「（音）決」。
夬	WET	𦐋 吷	𦐋 吷	許劣	曉薛合三B入	huet	w̥ret	
𥄎	—	𥄎	𥄎	許劣	曉薛合三B入	huet		·𥄎，《說文》：「𥄎，舉目使人也。从攴从目。凡𥄎之屬皆从𥄎。讀若𩖶。」鄔可晶謂「𥄎」當是「𭆲」之簡體分化字（說見：鄔可晶《試釋清華簡〈攝命〉的“敻”字》），是也。然《說文》不以「敻」爲「𥄎」聲，是許音「𥄎」非云組真部；「𥄎」訓「舉目使人也」，蓋以从「𥄎」之「敻」讀｛眴｝論。《說文》讀若𩖶，中古況逼、望發切諸音未詳，七役切尤謬。
𥄎	—	𥄎 𠷾	𥄎 𠷾	況逼	曉職合三入	huik		
𥄎	—	𥄎	𥄎	望發	明月三入	muot		
毳	KEU	橇	橇	起嚻	溪宵開三B平	khyew	kʰreu	
梟	KEU	梟 𥄉 蟂	梟 𥄉 蟂	古堯	見蕭開四平	kew	kˤeu	·𥄉，本「縣」之省形，形體來源於倒首與木之形。由於與「梟」形近，誤附有其音讀，友人王遠鵬說。
梟	KEU	鄡 郻 𡩇	鄡 郻 𡩇	苦幺	溪蕭開四平	khew	kʰˤeu	
梟	KEU	嘄	嘄	五弔	疑蕭開四去	ngewh		
堯	KEU ŊEU NEU	撓	撓	呼毛	曉豪開一平	haw		
堯	KEU ŊEU NEU	膮 嘵 憢	膮 嘵 憢	許幺	曉蕭開四平	hew	ŋ̊ˤeu	
堯	KEU ŊEU NEU	䥵 曉 皢 膮	䥵 曉 皢 膮	馨皛	曉蕭開四上	hewq		
堯	KEU ŊEU NEU	嬈	嬈	火弔	曉蕭開四去	hewh		
堯	KEU ŊEU NEU	穘 顤	穘 顤	許交	曉肴開二平	haew		
堯	KEU ŊEU NEU	堯 嶢 僥 垚 顤	堯 嶢 僥 垚 顤	五聊	疑蕭開四平	ngew	ŋˤeu	
堯	KEU ŊEU NEU	顤 獟 澆	顤 獟 澆	五弔	疑蕭開四去	ngewh	ŋˤeuh	
堯	KEU ŊEU NEU	𢿣	𢿣	五交	疑肴開二平	ngaew		
堯	KEU ŊEU NEU	磽	磽	五敎	疑肴開二去	ngaewh		
堯	KEU ŊEU NEU	嬈	嬈	奴鳥	泥蕭開四上	newq	nˤeuʔ	
堯	KEU ŊEU NEU	鐃 譊 䴃 𡽧	鐃 譊 䴃 𡽧	女交	孃肴開二平	nraew	nrˤeu	
堯	KEU ŊEU NEU	撓	撓	奴巧	孃肴開二上	nraewq	nrˤeuʔ	
堯	KEU ŊEU NEU	橈	橈	奴敎	孃肴開二去	nraewh		
堯	KEU ŊEU NEU	䁱	䁱	烏侯	影侯一平	qou		·䁱，又作「眗」、「瞘」。侯韻讀法與「堯」聲字形不合，《集韻》於絞、口教、於教三切合之。
堯	KEU ŊEU NEU	驍 澆	驍 澆	古堯	見蕭開四平	kew	kˤeu	
堯	KEU ŊEU NEU	䥵	䥵	古了	見蕭開四上	kewq		
堯	KEU ŊEU NEU	𨎬	𨎬	古弔	見蕭開四去	kewh		
堯	KEU ŊEU NEU	䁱	䁱	恪侯	溪侯一平	khou		
堯	KEU ŊEU NEU	𢿣	𢿣	苦擊	溪錫開四入	khek		·𢿣，《說文》：「𢿲，䚫田也。从攴、堯聲。」段玉裁注：「《說文》本無𢿲字。後人増之。其訓葢本作𢶡也。」該詞與｛𢶡｝同源。
堯	KEU ŊEU NEU	𢿣	𢿣	苦幺	溪蕭開四平	khew		
堯	KEU ŊEU NEU	磽	磽	苦皎	溪蕭開四上	khewq		
堯	KEU ŊEU NEU	磽 墝	磽 墝	口交	溪肴開二平	khaew		
堯	KEU ŊEU NEU	燒	燒	式招	書宵開三平	sjiew	ŋ̊eu	
堯	KEU ŊEU NEU	燒	燒	失照	書宵開三去	sjiewh		
堯	KEU ŊEU NEU	饒 橈 襓 蟯 蕘	饒 橈 襓 蟯 蕘	如招	日宵開三平	njiew	ŋeu	
堯	KEU ŊEU NEU	繞 遶 嬈	繞 遶 嬈	而沼	日宵開三上	njiewq	ŋeuʔ	
堯	KEU ŊEU NEU	饒 繞	饒 繞	人要	日宵開三去	njiewh	ŋeuh	
堯	KEU ŊEU NEU	翹 𧄍	翹 𧄍	渠遙	羣宵開三A平	giew		
堯	KEU ŊEU NEU	翹	翹	巨要	羣宵開三A去	giewh		
堯	KEU ŊEU NEU	趬 蹺	趬 蹺	去遙	溪宵開三A平	khiew		
堯	KEU ŊEU NEU	蟯	蟯	於霄	影宵開三A平	qiew		
杳	ɁEU	杳	杳	烏皎	影蕭開四上	qewq	ʔˤeuʔ	
要	ɁEU	葽	葽	於堯	影蕭開四平	qew	ʔˤeu	
要	ɁEU	偠 騕 葽 㫏 婹	偠 騕 葽 㫏 婹	烏皎	影蕭開四上	qewq	ʔˤeuʔ	
要	ɁEU	要 腰 葽 喓 𧍔 䙅 䳩	要 腰 葽 喓 𧍔 䙅 䳩	於霄	影宵開三A平	qiew	ʔeu	·要，《說文》：「要，身中也。象人要自𦥑之形。从𦥑，交省聲。」其說不可從。可參：郭永秉《談古文字中的“要”字和從“要”之字》。
要	ɁEU	闄	闄	於小	影宵開三A上	qiewq		
要	ɁEU	要 葽	要 葽	於笑	影宵開三A去	qiewh	ʔeuh	
約	ɁEUK	箹 葯	箹 葯	於角	影覺二入	qoeuk		
約	ɁEUK	約 葯	約 葯	於略	影藥開三入	qyak	ʔ(r)euk	·約，見「勺」下。·葯，鄔可晶謂此字本也讀*T-，隨｛約｝讀爲影母而變讀*ʔ-。其說未必。
約	ɁEUK	約	約	於笑	影宵開三A去	qiewh	ʔeu(k)h	
皃	ɁEU KEU KEUK	𥃩	𥃩	於堯	影蕭開四平	qew		·𥃩，《廣韻》：「𥃩，望逺也。」《說文》：「㫐，望遠合也。从日、匕。匕，合也。讀若窈窕之窈。」
皃	ɁEU KEU KEUK	窅 㫐 䆞 𡧮	窅 㫐 䆞 𡧮	烏皎	影蕭開四上	qewq	ʔˤeuʔ	·窅，蓋「𥃩(㫐)」省聲。
皃	ɁEU KEU KEUK	䆞	䆞	烏叫	影蕭開四去	qewh		
皃	ɁEU KEU KEUK	窅 梎 𠣑 <𥃩>	窅 梎 𠣑 𥃩	於交	影肴開二平	qaew		·窅，蓋「𥃩(㫐)」省聲。𠣑，蓋「𥃩(㫐)」之訛字，《集韻》作「𥄀」，或又訛作「𥃯」。
皃	ɁEU KEU KEUK	𥃯 <𥃩>	𥃯 𥃩	於絞	影肴開二上	qaewq		·𥃯，「𥃩(㫐)」之訛字，《集韻》作「𥄀」，或又訛作「𠣑」。
皃	ɁEU KEU KEUK	𤈥 <𤈑>	𤈥 𤈑	他歷	透錫開四入	thek		·𤈥，《說文》：「𤈥，望火皃。从火、皀聲。讀若馰顙之馰。」
皃	ɁEU KEU KEUK	憿 邀 徼	憿 邀 徼	古堯	見蕭開四平	kew	kˤeu	
皃	ɁEU KEU KEUK	璬 𢅎 皦 繳 儌	璬 𢅎 皦 繳 儌	古了	見蕭開四上	kewq	kˤeuʔ	
皃	ɁEU KEU KEUK	徼 𢅎 譥 激 噭 獥 㰾 鸄	徼 𢅎 譥 激 噭 獥 㰾 鸄	古弔	見蕭開四去	kewh	kˤeu(k)h	
皃	ɁEU KEU KEUK	激 獥 㰾 𡫀 鸄	激 獥 㰾 𡫀 鸄	古歷	見錫開四入	kek	kˤeuk	
皃	ɁEU KEU KEUK	墽	墽	苦幺	溪蕭開四平	khew	kʰˤeu	
皃	ɁEU KEU KEUK	竅 𢶡	竅 𢶡	苦弔	溪蕭開四去	khewh	kʰˤeuʔ	
皃	ɁEU KEU KEUK	礉	礉	口交	溪肴開二平	khaew		
皃	ɁEU KEU KEUK	礉	礉	苦敎	溪肴開二去	khaewh		
皃	ɁEU KEU KEUK	燩 𢶡	燩 𢶡	苦擊	溪錫開四入	khek	kʰˤeuk	
皃	ɁEU KEU KEUK	燩	燩	苦角	溪覺二入	khoeuk	kʰrˤeuk	
皃	ɁEU KEU KEUK	檄 薂 鸄 獥 䚫	檄 薂 鸄 獥 䚫	胡狄	匣錫開四入	ghek	ɡˤeuk	
皃	ɁEU KEU KEUK	覈 繳	覈 繳	下革	匣麥開二入	gheek	ɡrˤeuk	
皃	ɁEU KEU KEUK	𥢹 覈	𥢹 覈	胡結	匣屑開四入	ghet		
皃	ɁEU KEU KEUK	邀	邀	於霄	影宵開三A平	qiew	ʔeu	
皃	ɁEU KEU KEUK	繳	繳	之若	章藥開三入	tjyak	[t]euk	·繳，上古K[I,E]U幾無顎化者，章母讀法似與「敫」聲不合。
皃	ɁEU KEU KEUK	㞁	㞁	弋照	以宵開三去	jiewh		
皃	ɁEU KEU KEUK	敫	敫	以灼	以藥開三入	jyak	leuk	·敫，《說文》：「敫，光景流也。从白从放。讀若龠。」其說不可從。何琳儀謂「皃」聲（說見：何琳儀《戰國古文字典》P330）。考「皃」字形上古似有兩讀：①影見組K-，「敫」聲諸字及分化字「㫐」是其證；②明組M-，「皃」即其證。兩部分是否同源尚待考，姑且置於一處。
皃	MEU	邈 藐 㦝 皃 𢷕	邈 藐 㦝 皃 𢷕	莫角	明覺二入	moeuk	mrˤeuk	
皃	MEU	皃 䫉 貌 䡚 𢂹 𢅉	皃 䫉 貌 䡚 𢂹 𢅉	莫敎	明肴二去	maewh	mrˤeukh	
皃	MEU	藐	藐	亡沼	明宵三A上	miewq	meuʔ	
夾	KEP	㥷 <瘱>	㥷 瘱	於計	影齊開四去	qejh	ʔˤeph	
夾	KEP	頰 𩠣 鋏 筴 梜 莢 蛺 唊 𥞵	頰 𩠣 鋏 筴 梜 莢 蛺 唊 𥞵	古協	見怗開四入	kep	kˤep	
夾	KEP	夾 郟 筴 裌 㿓 鵊 䩡	夾 郟 筴 裌 㿓 鵊 䩡	古洽	見洽開二入	keep	krˤep	
夾	KEP	梜 𠩘	梜 𠩘	古狎	見狎開二入	kaep		
夾	KEP	愜 㥦 悏 㾜 匧 篋 㤲 㛍	愜 㥦 悏 㾜 匧 篋 㤲 㛍	苦協	溪怗開四入	khep	kʰˤep	
夾	KEP	𢂿	𢂿	苦洽	溪洽開二入	kheep		
夾	KEP	綊 挾 俠 𠗉	綊 挾 俠 𠗉	胡頰	匣怗開四入	ghep	ɡˤep	
夾	KEP	狹 陜 陿 峽 硤 𢈙 𪘘 𤲍	狹 陜 陿 峽 硤 𢈙 𪘘 𤲍	侯夾	匣洽開二入	gheep	ɡrˤep	
夾	KEP	𠗉	𠗉	胡甲	匣狎開二入	ghaep		
夾	KEP	㛍	㛍	呼牒	曉怗開四入	hep	hˤep	
夾	KEP	㰰 敮 <⿰ 匧 攴>	㰰 敮 ⿰ 匧 攴	呼洽	曉洽開二入	heep		·敮，「⿰匧攴」之訛字。說見：余迺永《新校互註宋本〈廣韻〉（定稿本）》P981。
夾	KEP	䵌	䵌	許兼	曉添開四平	hem		
夾	KEP	浹 𠗉 㼪	浹 𠗉 㼪	子協	精怗開四入	tsep		
夾	KEP	翜 䬊 𧻵	翜 䬊 𧻵	所甲	生狎開二入	sraep		
夾	KEP	瘞	瘞	於罽	影祭開三B去	qyejh	ʔreph	
夾	KEP	脥	脥	謙琰	溪鹽開三A上	khiemq		
夾	KEP	𤷾	𤷾	去涉	溪葉開三A入	khiep		
夾	KEP	㛍	㛍	虚檢	曉鹽開三B上	hyemq		
夾	KEP	㰼	㰼	山輒	生葉開三入	sryep		
夾	KEP	翜	翜	色立	生緝開三入	sryip	hrip	
夾	KEP	䀹	䀹	即葉	精葉開三入	tsiep		
夾	KEP	䧪	䧪	叱涉	昌葉開三入	tjhiep		
猒	ɁEM	壓	壓	烏甲	影狎開二入	qaep	ʔrˤep	
猒	ɁEM	懕 猒 饜 嬮	懕 猒 饜 嬮	一鹽	影鹽開三A平	qiem	ʔem	
猒	ɁEM	黶 𥜒 檿 厭 魘 厴 擪	黶 𥜒 檿 厭 魘 厴 擪	於琰	影鹽開三A上	qiemq	ʔemʔ	
猒	ɁEM	厭 饜 嬮	厭 饜 嬮	於豔	影鹽開三A去	qiemh	ʔemh	
猒	ɁEM	魘 擪 靨 嬮 厭 𣚕	魘 擪 靨 嬮 厭 𣚕	於葉	影葉開三A入	qiep	ʔep	
牢	RU	牢 窂 㟉 䜮 𨦭 哰	牢 窂 㟉 䜮 𨦭 哰	魯刀	來豪開一平	law	rˤu	
牢	RU	䜮	䜮	落蕭	來蕭開四平	lew		
老	RU KLU	酵	酵	古孝	見肴開二去	kaewh		
老	RU KLU	考 攷 栲 洘 丂	考 攷 栲 洘 丂	苦浩	溪豪開一上	khawq	kʰɫˤuʔ	
老	RU KLU	㤍	㤍	口交	溪肴開二平	khaew		
老	RU KLU	巧 䲾	巧 䲾	苦絞	溪肴開二上	khaewq	kʰrˤuʔ	
老	RU KLU	巧	巧	苦敎	溪肴開二去	khaewh	kʰrˤuh	
老	RU KLU	窙 哮 庨 涍 㹲	窙 哮 庨 涍 㹲	許交	曉肴開二平	haew		
老	RU KLU	孝 哮 涍 𡦳	孝 哮 涍 𡦳	呼敎	曉肴開二去	haewh	hrˤuh	
老	RU KLU	𩳔	𩳔	五敎	疑肴開二去	ngaewh		
老	RU KLU	老 栳 恅	老 栳 恅	盧晧	來豪開一上	lawq	rˤuʔ	
老	RU KLU	𠺛	𠺛	徒到	定豪開一去	dawh		
老	RU KLU	朽 㱙 㽲	朽 㱙 㽲	許久	曉尤三上	huq	h(r)uʔ	
卯	RU MRU	㗦 𣘪	㗦 𣘪	魯刀	來豪開一平	law		
卯	RU MRU	聊 𥲊	聊 𥲊	落蕭	來蕭開四平	lew		
卯	RU MRU	窌	窌	力嘲	來肴開二平	laew		
卯	RU MRU	𨣘 䀄	𨣘 䀄	莫紅	明東一平	moung		·䀄，蓋「𥁚」之訛誤字，又作「饛」。《毛詩·小雅·大東》「有饛簋飧」原本《玉篇·食部》引《韓詩》作「𥁚」。
卯	RU MRU	卯 戼 泖 昴 茆	卯 戼 泖 昴 茆	莫飽	明肴二上	maewq	mrˤuʔ	
卯	RU MRU	𩛁	𩛁	博巧	幫肴二上	paewq		
卯	RU MRU	奅 窌	奅 窌	匹皃	滂肴二去	phaewh		
卯	RU MRU	劉 留 蒥 鶹 騮 駠 飀 瘤 榴 瑠 𪕋 𤠑 䉧 𥰣 瀏 䬟 䱖 鰡 嵧 𣠚 鎦 𦃓 𢷶 懰 餾 𪆱 遛	劉 留 蒥 鶹 騮 駠 飀 瘤 榴 瑠 𪕋 𤠑 䉧 𥰣 瀏 䬟 䱖 鰡 嵧 𣠚 鎦 𦃓 𢷶 懰 餾 𪆱 遛	力求	來尤三平	lu	ru	
卯	RU MRU	柳 罶 𦊑 懰 珋 𩖴 嬼 䉧 𪕋 瀏 𨋖 茆	柳 罶 𦊑 懰 珋 𩖴 嬼 䉧 𪕋 瀏 𨋖 茆	力久	來尤三上	luq	ruʔ	
卯	RU MRU	溜 霤 嬼 餾 瘤 窌 留 廇 𥛅 塯 㽌	溜 霤 嬼 餾 瘤 窌 留 廇 𥛅 塯 㽌	力救	來尤三去	luh	ruh	
卯	RU MRU	㨨	㨨	丑鳩	徹尤三平	trhu		
卯	RU MRU	籀	籀	直祐	澄尤三去	druh	lruh	
卯	RU MRU	貿 鄮	貿 鄮	莫候	明侯一去	mouh	mruh	
卯	RU MRU	丣	丣	與久	以尤三上	juq	luʔ	
六	RUK KRU	六 陸 稑 鵱 𩣱 鯥 𦸐 𧌉 淕 䡜 坴 𡴆 踛 𥚊	六 陸 稑 鵱 𩣱 鯥 𦸐 𧌉 淕 䡜 坴 𡴆 踛 𥚊	力竹	來屋三入	luk	ruk	
六	RUK KRU	睦	睦	莫六	明屋三入	muk	mruk	
六	RUK KRU	逵	逵	渠追	羣脂合三B平	gui	ɡru	
六	RUK KRU	𢌻	𢌻	余六	以屋三入	juk		
降	RUŊ KRUŊ	絳 降 𡲣 洚	絳 降 𡲣 洚	古巷	見江二去	koeungh	krˤuŋh	
降	RUŊ KRUŊ	栙 䜶 降 洚 夅 跭	栙 䜶 降 洚 夅 跭	下江	匣江二平	ghoeung	ɡrˤuŋ	
降	RUŊ KRUŊ	洚 䂫	洚 䂫	戸公	匣東一平	ghoung		
降	RUŊ KRUŊ	洚	洚	戸冬	匣冬一平	ghong		
降	RUŊ KRUŊ	䃧 䥢 <𪔢> 𣫣	䃧 䥢 𪔢 𣫣	力冬	來冬一平	long		·䥢，正作「𪔢」，下部「金」爲「㚅」之訛形。·𣫣，鼓聲，又作「鏧」、「䥢」、「𪔢」、「𪔳」。
降	RUŊ KRUŊ	隆 癃 𪔳 窿 霳 㚅	隆 癃 𪔳 窿 霳 㚅	力中	來東三平	lung	ruŋ	
降	RUŊ KRUŊ	𠏤	𠏤	俱往	見陽合三上	kuangq		
畾	RUI ROI	雷 𩂩 儡 㔣 瓃 櫑 罍 鑘 𦌵 鐳 畾 轠	雷 𩂩 儡 㔣 瓃 櫑 罍 鑘 𦌵 鐳 畾 轠	魯回	來灰合一平	loj	rˤui	
畾	RUI ROI	磥 癗 𡾋 礧 鑘 㵽 𡼊 蕾 儡 𦢏 櫑	磥 癗 𡾋 礧 鑘 㵽 𡼊 蕾 儡 𦢏 櫑	落猥	來灰合一上	lojq	rˤuiʔ	
畾	RUI ROI	儽 攂 㔣 𥣬 礧	儽 攂 㔣 𥣬 礧	盧對	來灰合一去	lojh	rˤuih	
畾	RUI ROI	䐯	䐯	力懷	來皆合二平	lweej		
畾	RUI ROI	摞 騾 𦿌 <蔂> 螺 𥡜	摞 騾 𦿌 蔂 螺 𥡜	落戈	來歌合一平	lwa	rˤoi	·𦿌，「蔂」之訛字。見落蕭切之「𦿌」。
畾	RUI ROI	瘰	瘰	郎果	來歌合一上	lwaq		
畾	RUI ROI	摞	摞	魯過	來歌合一去	lwah		
畾	RUI ROI	㶟 纍 虆 欙 𤜖 𡿔 㠥 𡤯 瓃 𥍔 鸓 儽 纝	㶟 纍 虆 欙 𤜖 𡿔 㠥 𡤯 瓃 𥍔 鸓 儽 纝	力追	來脂合三平	lwi	rui	
畾	RUI ROI	𦿌 <蔂>	𦿌 蔂	落蕭(焦)	來脂合三平	lwi		·𦿌，草器，葛信益指出此字係「蔂」之訛字（說見：葛信益《〈廣韻〉訛奪舉正（增定稿）》），是也。楊寶忠以爲《切韻》所據材料反切下字「隹」訛作「焦」而誤收落蕭切（說見：楊寶忠《疑難字三考》P530），是也。
畾	RUI ROI	壘 櫐 蘽 㶟 𡻭 轠 鸓 藟 讄 𤢹	壘 櫐 蘽 㶟 𡻭 轠 鸓 藟 讄 𤢹	力軌	來脂合三上	lwiq	ruiʔ	
畾	RUI ROI	瓃 垒 纍	瓃 垒 纍	力遂	來脂合三去	lwih		
畾	RUI ROI	絫 累 樏 䉂 厽 垒	絫 累 樏 䉂 厽 垒	力委	來支合三上	lwieq	roiʔ	
畾	RUI ROI	累	累	良僞	來支合三去	lwieh	roih	
耒	RUI	䣂 頛	䣂 頛	落猥	來灰合一上	lojq		
耒	RUI	耒 䒹 䣂 銇	耒 䒹 䣂 銇	盧對	來灰合一去	lojh	rˤuih	
耒	RUI	誄 耒	誄 耒	力軌	來脂合三上	lwiq	ruiʔ	
磊	—	磊	磊	落猥	來灰合一上	lojq		
磊	—	㰁	㰁	來可	來歌開一上	laq		
磊	—	藞	藞	盧下	來麻開二上	laeq		
侖	RUN	論 崘 掄 菕	論 崘 掄 菕	盧昆	來魂合一平	lon	rˤun	
侖	RUN	惀 睔 碖	惀 睔 碖	盧本	來魂合一上	lonq	rˤunʔ	
侖	RUN	論 溣 碖	論 溣 碖	盧困	來魂合一去	lonh	rˤunh	
侖	RUN	蜦	蜦	郎計	來齊開四去	lejh		·蜦，《說文》：「蜦，蛇屬，黑色，潛于神淵，能興風雨。从虫侖聲。讀若戾艸。蜧，蜦或从戾。」
侖	RUN	睔	睔	古困	見魂合一去	konh		
侖	RUN	綸	綸	古頑	見山合二平	kween	krˤun	
侖	RUN	睔	睔	胡本	匣魂合一上	ghonq		
侖	RUN	淪 倫 論 䑳 輪 陯 鯩 蜦 棆 綸 惀 侖 踚 掄 䈁	淪 倫 論 䑳 輪 陯 鯩 蜦 棆 綸 惀 侖 踚 掄 䈁	力迍	來真合三平	lwin	run	
侖	RUN	耣	耣	力準	來真合三上	lwinq		
侖	RUN	錀	錀	府(撫)文	滂文三平	phun		
頪	RUT	纇 蘱 𡔇	纇 蘱 𡔇	盧對	來灰合一去	lojh	rˤuth	
頪	RUT	頪	頪	郎外	來泰合一去	lwajh		
頪	RUT	類 蘱 禷	類 蘱 禷	力遂	來脂合三去	lwih	ruth	
寽	RUT ROT	酹	酹	盧對	來灰合一去	lojh	rˤuth	
寽	RUT ROT	捋 𠜖 蛶 㸹 㭩	捋 𠜖 蛶 㸹 㭩	郎活	來末合一入	lwat	rˤot	
寽	RUT ROT	酹 㲕	酹 㲕	郎外	來泰合一去	lwajh	rˤoth	
寽	RUT ROT	寽 𥭐	寽 𥭐	吕卹	來質合三入	lwit	rut	
寽	RUT ROT	𢚃 埒 䟹 鋝 脟 㸹 蛶 㲕 浖 哷 㭩	𢚃 埒 䟹 鋝 脟 㸹 蛶 㲕 浖 哷 㭩	力輟	來薛合三入	lwiet	rot	
寽	RUT ROT	脟	脟	力兖	來仙合三上	lwienq		
寽	RUT ROT	㿱 <𢯳> 𧋍	㿱 𢯳 𧋍	寺絕	邪薛合三入	zwiet	slot	
率	RUT	𪖶 𪅄	𪖶 𪅄	蘇骨	心沒合一入	sot		
率	RUT	繂 膟 䔞	繂 膟 䔞	吕卹	來質合三入	lwit		
率	RUT	率 蟀 䢦 𠞩 𧜠 𠌭 𧗿	率 蟀 䢦 𠞩 𧜠 𠌭 𧗿	所律	生質合三入	sruit	r̥ut	
率	RUT	率	率	所類	生脂合三去	sruih	r̥uth	
率	RUT	𠻜	𠻜	所劣	生薛合三入	sruet		
率	RUT	𠻜	𠻜	山芮	生祭合三去	sruejh		
帥	RUT	𦝭	𦝭	力遂	來脂合三去	lwih		
帥	RUT	帥 𧍓	帥 𧍓	所律	生質合三入	sruit	r̥uth	
帥	RUT	帥	帥	所類	生脂合三去	sruih		
囚	LU	鮂	鮂	即由	精尤三平	tsu		
囚	LU	囚 泅 苬 鮂	囚 泅 苬 鮂	似尤	邪尤三平	zu	slu	
汓	LU	汓	汓	似尤	邪尤三平	zu	slu	·汓，《說文》：「汓，浮行水上也。从水从子。古或以汓爲沒。泅，汓或从囚聲。」
首	LU	道 衟 𡬹 䆃	道 衟 𡬹 䆃	徒晧	定豪開一上	dawq	lˤuʔ	
首	LU	導 䆃	導 䆃	徒到	定豪開一去	dawh	lˤuh	
首	LU	首 𩠐 𦣻 䭭	首 𩠐 𦣻 䭭	書九	書尤三上	sjuq	l̥uʔ	
首	LU	首	首	舒救	書尤三去	sjuh	l̥uh	
手	LU	手	手	書九	書尤三上	sjuq	l̥uʔ	·手，或說「手」「首」上古當不同音，不可信。西周金文偶有兩以「手」爲｛首｝、以「首」爲｛手｝例：①卯簋蓋：「卯拜手頁(稽)手(首)。」〔西周中期，《集成》043272〕遹簋：「遹拜首(手)𩒨(稽)首。」〔西周中期，《集成》04207〕漢人所見古文中亦有以「手」爲｛首｝者，如：《儀禮·大射儀》「後首內弦」鄭玄注：「古文後首爲後手。」《士喪禮》「載魚左首」鄭玄注：「古文首爲手。」是「手」「首」音近可通，上古聲母皆在以組*L-；據中古音上推確當同音。
牖	LU	牖	牖	與久	以尤三上	juq	luʔ	·牖，劉釗謂秦漢文字从爿、从日、用聲，後「日」類化爲「戶」。說見：劉釗《談考古資料在〈說文〉研究中的重要性》。
舀	LU	韜 縚 謟 滔 𩥓 慆 幍 槄 搯 瑫 䈱 𠚡	韜 縚 謟 滔 𩥓 慆 幍 槄 搯 瑫 䈱 𠚡	土刀	透豪開一平	thaw	l̥ˤu	
舀	LU	槄	槄	他浩	透豪開一上	thawq	l̥ˤuʔ	
舀	LU	稻	稻	徒晧	定豪開一上	dawq	lˤuʔ	
舀	LU	蹈	蹈	徒到	定豪開一去	dawh	lˤuh	
舀	LU	舀	舀	以周	以尤三平	ju	lu	
舀	LU	舀	舀	羊朱	以虞合三平	juo		
舀	LU	舀	舀	以沼	以宵開三上	jiewq		
𥝩	LU	透	透	他候	透侯一去	thouh		
𥝩	LU	透	透	式竹	書屋三入	sjuk		
𥝩	LU	誘 莠 蜏 琇	誘 莠 蜏 琇	與久	以尤三上	juq	luʔ	
𥝩	LU	褎 蜏	褎 蜏	余救	以尤三去	juh	luh	
𥝩	LU	𢭆	𢭆	丑鳩	徹尤三平	trhu	l̥ru	
𥝩	LU	秀 蜏 琇	秀 蜏 琇	息救	心尤三去	suh	ɬuh	
羑	LU	㕗 羑 㝌 𦏇	㕗 羑 㝌 𦏇	與久	以尤三上	juq	luʔ	·羑，馬敘倫《六書疏證》以「羑」爲「羞」之訛。
卣	LU LO	𠧪	𠧪	徒聊	定蕭開四平	dew		
卣	LU LO	𠧴 卣 𤪎 𧡹 𦵵	𠧴 卣 𤪎 𧡹 𦵵	以周	以尤三平	ju	lu	
卣	LU LO	卣 𣣸 𤪎	卣 𣣸 𤪎	與久	以尤三上	juq	luʔ	
卣	LU LO	𤪎	𤪎	弋照	以宵開三去	jiewh		
卣	LU LO	窳 㼌	窳 㼌	以主	以虞合三上	juoq	loʔ	·㼌，陳劍先生以爲「卣」的復體分化字，今據其說置於「卣」聲系。見「瓜」字下。
匋	LU	蜪	蜪	土刀	透豪開一平	thaw		
匋	LU	陶 䛬 綯 掏 騊 萄 匋 啕 蜪 裪	陶 䛬 綯 掏 騊 萄 匋 啕 蜪 裪	徒刀	定豪開一平	daw	lˤu	
匋	LU	陶	陶	餘昭	以宵開三平	jiew		
斿	LU	蝣 斿 游 遊 𨒰	蝣 斿 游 遊 𨒰	以周	以尤三平	ju	lu	
酉	LU	猷 猶 蕕 輶 楢 𦳷 偤 㾞 庮	猷 猶 蕕 輶 楢 𦳷 偤 㾞 庮	以周	以尤三平	ju	lu	
酉	LU	酉 槱 𥙫 庮 梄 輶 𨣆	酉 槱 𥙫 庮 梄 輶 𨣆	與久	以尤三上	juq	luʔ	
酉	LU	槱 猶 輶	槱 猶 輶	余救	以尤三去	juh	luh	
酉	LU	猶	猶	居祐	見尤三去	kuh	kɫuh	
酉	LU	醜 𧃝 魗	醜 𧃝 魗	昌九	昌尤三上	tjhuq	kʰluʔ	
酉	LU	𪍑 楢	𪍑 楢	尺沼	昌宵開三上	tjhiewq		
酉	TSU	遒 蝤 逎 𩭓 揂	遒 蝤 逎 𩭓 揂	即由	精尤三平	tsu	tsu	
酉	TSU	酒	酒	子酉	精尤三上	tsuq	tsuʔ	
酉	TSU	媨	媨	即救	精尤三去	tsuh	tsuh	
酉	TSU	鞧 緧 𪓰 趥	鞧 緧 𪓰 趥	七由	清尤三平	tshu	tsʰu	
酉	TSU	趥	趥	子仲	清東三去	tshungh		
酉	TSU	酋 㥢 遒 崷 鰌 蝤 煪 𧤕 𦵩	酋 㥢 遒 崷 鰌 蝤 煪 𧤕 𦵩	自秋	從尤三平	dzu	dzu	
酉	TSU	莤	莤	所六	生屋三入	sruk		
夲	—	夲 𠦂	夲 𠦂	土刀	透豪開一平	thaw		·夲，《說文》「夲，進趣也。从大从十。大十，猶兼十人也。凡𠦍之屬皆从𠦍。讀若滔。」
覞	—	覞	覞	弋照	以宵開三去	jiewh		
套	—	𡘷	𡘷	他浩	透豪開一上	thawq		·𡘷，从「長」从「大」，《廣韻》：「𡘷，長也。」《集韻》：「套，長大也。」
臭	KLU	糗	糗	去久	溪尤三上	khuq	kʰ(ɫ)uʔ	
臭	KLU	䠗	䠗	丘謬	溪幽開三去	khiwh		
臭	KLU	臭 殠	臭 殠	尺救	昌尤三去	tjhuh	kʰluh	
臭	KLU	𧽒 䠗	𧽒 䠗	香仲	曉東三去	hungh	h(l)uŋh	
臭	KLU	殠	殠	許久	曉尤三上	huq	h(l)uʔ	
臭	KLU	齅	齅	許救	曉尤三去	huh		
彡	LUŊ	彤 浵	彤 浵	徒冬	定冬一平	dong	lˤuŋ	
彡	LUŊ	𧴭	𧴭	失冉	書鹽開三上	sjiemq		·𧴭，蕃姓，又作「𢒉」。《廣韻》：「𧴭，蕃姓。亦作𧵏。」《通志》：「彡且氏，彡音陝，且音子且反。今合二字爲𢒉，音陝。唐上元中有左金吾大將軍關西節度𢒉復，弟震賁。」
彡	LUŊ	肜	肜	以戎	以東三平	jung	luŋ	
蟲	LUŊ	䳋 𢥞 爞 痋 䂈 鉵 赨	䳋 𢥞 爞 痋 䂈 鉵 赨	徒冬	定冬一平	dong	lˤuŋ	
蟲	LUŊ	融 瀜	融 瀜	以戎	以東三平	jung	luŋ	
蟲	LUŊ	蟲 爞	蟲 爞	直弓	澄東三平	drung	lruŋ	
蟲	LUŊ	蟲	蟲	直衆	澄東三去	drungh		
畜	LUK	蓄 稸 畜 𤲸 㜅 鄐 慉	蓄 稸 畜 𤲸 㜅 鄐 慉	許竹	曉屋三入	huk	hruk	
畜	LUK	蓄 稸 滀 傗 鄐	蓄 稸 滀 傗 鄐	丑六	徹屋三入	trhuk	l̥ruk	
畜	LUK	畜	畜	丑救	徹尤三去	trhuh	l̥rukh	
昱	LUK	煜 昱 喅	煜 昱 喅	余六	以屋三入	juk	luk	
毓	RU LUK	𥹷 流 㳅 瑬 旒 䖻 裗 𪎣 硫	𥹷 流 㳅 瑬 旒 䖻 裗 𪎣 硫	力求	來尤三平	lu	ru	
毓	RU LUK	育 毓 𩱱 䋭 棛 錥 焴 淯 蜟 堉 逳 𦱀 蘛	育 毓 𩱱 䋭 棛 錥 焴 淯 蜟 堉 逳 𦱀 蘛	余六	以屋三入	juk	luk	
毓	RU LUK	𤀷	𤀷	以醉	以脂合三去	jwih		
毓	RU LUK	𧃠 <蘛>	𧃠 蘛	羊朱	以虞合三平	juo		·𧃠，前人多謂「蘛」之訛字，本「育」聲。說見：葛信益《〈廣韻〉訛奪舉正（增定稿）》、余迺永《新校互註宋本〈廣韻〉（定稿本）》P595、蔡夢麒《〈廣韻〉校釋》P127等。
鬻	LUK	鬻 粥 𤳕	鬻 粥 𤳕	余六	以屋三入	juk	luk	
鬻	LUK	粥	粥	之六	章屋三入	tjuk		
遺	LUI	藬	藬	他回	透灰合一平	thoj		
遺	LUI	僓	僓	吐猥	透灰合一上	thojq		
遺	LUI	穨 頹 㿉 隤 墤 尵 蘈 蹪 𤗴	穨 頹 㿉 隤 墤 尵 蘈 蹪 𤗴	杜回	定灰合一平	doj	lˤui	
遺	LUI	瀢	瀢	徒猥	定灰合一上	dojq		
遺	LUI	尵	尵	柱懷	澄皆合二平	drweej	lrˤui	
遺	LUI	𣄧 遺 壝 𥌰 𧔥	𣄧 遺 壝 𥌰 𧔥	以追	以脂合三平	jwi	lui	
遺	LUI	壝 瀢	壝 瀢	以水	以脂合三上	jwiq		
遺	LUI	遺 瞶 𧔥	遺 瞶 𧔥	以醉	以脂合三去	jwih	luih	
川	KLUN	𡿦	𡿦	苦昆	溪魂合一平	khon	kʰˤun	·𡿦，「川」之分化字，同「坤」。漢代假借「川」表示“乾坤”之｛坤｝，後分化出「𡿦」以記錄此音義。
川	KLUN	川	川	昌緣	昌仙合三平	tjhwien	kʰlun	
川	KLUN	釧	釧	尺絹	昌仙合三去	tjhwienh		
川	KLUN	䡅	䡅	丑倫	徹真合三平	trhwin	l̥run	
川	KLUN	㸪 紃	㸪 紃	食倫	船真合三平	zjwin		
川	KLUN	順	順	食閏	船真合三去	zjwinh	mlunh	
川	KLUN	訓	訓	許運	曉文合三去	hunh	hlunh	
川	KLUN	巡 馴 㸪 紃	巡 馴 㸪 紃	詳遵	邪真合三平	zwin	slun	
飧	LUN	飧 蕵	飧 蕵	思渾	心魂合一平	son	ɬˤun	
盾	LUN	盾 遁 㡒	盾 遁 㡒	徒損	定魂合一上	donq	lˤunʔ	·盾，趙平安謂古文字作「允」聲，說見：趙平安《說“盾”》。待考。
盾	LUN	遁	遁	徒困	定魂合一去	donh	lˤunh	
盾	LUN	腯 鍎	腯 鍎	陀骨	定沒合一入	dot	lˤut	
盾	LUN	楯 輴 鶞	楯 輴 鶞	丑倫	徹真合三平	trhwin	l̥run	
盾	LUN	䛻	䛻	與久	以尤三上	juq		
盾	LUN	㡒	㡒	直倫	澄真合三平	drwin		
盾	LUN	循 揗 䋸 楯	循 揗 䋸 楯	詳遵	邪真合三平	zwin	slun	
盾	LUN	盾 循 楯	盾 循 楯	食尹	船真合三上	zjwinq	mlunʔ	
盾	LUN	揗	揗	食閏	船真合三去	zjwinh	mlunh	
盾	LUN	㡒	㡒	陟綸	知真合三平	trwin		
允	LUN	舜 䑞 蕣 瞬	舜 䑞 蕣 瞬	舒閏	書真合三去	sjwinh	l̥unh	·舜，從古文字材料看，應爲「允」聲。
允	LUN	允 狁 馻 玧 𡴞 𧉃	允 狁 馻 玧 𡴞 𧉃	余準	以真合三上	jwinq	lunʔ	
允	LUN	吮	吮	食尹	船真合三上	zjwinq		
允	LUN	僢	僢	尺尹	昌真合三上	tjhwinq		
允	LUN	吮	吮	徂兖	從仙合三上	dzwienq		
豚	LUN LON	彖 褖 湪	彖 褖 湪	通貫	透寒合一去	thwanh	l̥ˤonh	·彖，陳劍先生曾釋金文中的一獸形爲「彖」（說見：陳劍《金文“彖”字考釋》），然「墬」以之爲聲，可見此斷非圓唇韻部之「彖」，陳說非是；後謝明文申以說古文字「冢」以之爲聲（說見：謝明文《說冢》），亦不可信。疑「彖」爲「豚」之省形分化字，秦簡「豚」作「腞」（可參：段凱《“彖”字補說》、翁明鵬《說秦簡中“豚”的一種訛體》等），省「肉」而有「彖」字。
豚	LUN LON	豚	豚	徒渾	定魂合一平	don	lˤun	·豚，从「豕」从「肉」，乃｛腯｝*lˤut之表意初文，古人把“豬肥”稱爲｛腯｝。《說文》：「腯，牛羊曰肥，豕曰腯。」傳世文獻中常用的“小豕”之｛豚｝爲別一詞。
豚	LUN LON	遯	遯	徒損	定魂合一上	donq	lˤunʔ	
豚	LUN LON	遯 鶨 𩔂	遯 鶨 𩔂	徒困	定魂合一去	donh	lˤunh	
豚	LUN LON	䛹	䛹	倉甸	清先開四去	tshenh		·䛹，原本《玉篇》呼戰反；《名義》呼戰反；《新撰字鏡》乎戰反；《廣韻》倉甸切；《集韻》翾縣切。
豚	LUN LON	𤼠	𤼠	郎果	來歌合一上	lwaq		
豚	LUN LON	猭 剶	猭 剶	丑緣	徹仙合三平	trhwien		
豚	LUN LON	猭 鶨	猭 鶨	丑戀	徹仙合三去	trhwienh		
豚	LUN LON	櫞 蝝 緣 䱲	櫞 蝝 緣 䱲	與專	以仙合三平	jwien	lon	
豚	LUN LON	掾 緣 𢐄	掾 緣 𢐄	以絹	以仙合三去	jwienh	lonh	
豚	LUN LON	椽	椽	直攣	澄仙合三平	drwien		
豚	LUN LON	篆 瑑 䧘 堟	篆 瑑 䧘 堟	持兖	澄仙合三上	drwienq	lronʔ	
豚	LUN LON	䂕	䂕	呼吠	曉廢合三去	huojh		
豚	LUN LON	喙 𤸁 𣨶 餯	喙 𤸁 𣨶 餯	許穢	曉廢合三去	huojh	hloth	
豚	LUN LON	剶	剶	子泉	精仙合三平	tswien		·剶，《名義》先令反；《玉篇》丑全切；《廣雅音註》勑傳反；《王三》子泉、丑專二反；《廣韻》子泉、丑緣二切。子泉切聲母與「彖」聲字形不合，待考。
鯀	KLUN	𩩌 鯀	𩩌 鯀	古本	見魂合一上	konq	kɫˤunʔ	·鯀，甲金文从「糸」釣「魚」，糸連於魚口，是“釣繳”之｛綸｝之初文。說見：裘錫圭《史墻盤銘解釋》。
鯀	KLUN	䧰	䧰	胡本	匣魂合一上	ghonq		
术	LUT	㾁	㾁	呼骨	曉沒合一入	hot		
术	LUT	怵 𧺶 䟣 𤝞	怵 𧺶 䟣 𤝞	丑律	徹質合三入	trhwit	l̥rut	
术	LUT	朮 𦬸 炢	朮 𦬸 炢	直律	澄質合三入	drwit		
术	LUT	𥄵	𥄵	許聿	曉質合三A入	hwit		
术	LUT	𩖶	𩖶	許劣	曉薛合三B入	huet		
术	LUT	訹 𣸃	訹 𣸃	辛聿	心質合三入	swit	ɬut	
术	LUT	術 述 秫 朮 沭	術 述 秫 朮 沭	食聿	船質合三入	zjwit	mlut	
术	LUT	蒁	蒁	于筆	云質合三B入	uit		·蒁，《名義》来宻反；《玉篇》來密切；《王三》于筆反；《廣韻》于筆切。
突	LUT	宊	宊	他骨	透沒合一入	thot		
突	LUT	𣅝 <突>	𣅝 突	土骨	透沒合一入	thot		·𣅝，蓋「宊(突)」之訛字。《廣韻》：「𣅝，入水又出皃。土骨切一。」又：「宊，出皃。」
突	LUT	突 揬 鼵 葖 鶟 堗 𦩤 𦔅 𣔻	突 揬 鼵 葖 鶟 堗 𦩤 𦔅 𣔻	陀骨	定沒合一入	dot	lˤut	
凸	—	凸	凸	陀骨	定沒合一入	dot		·凸，突出貌，此爲「突」之異體，與徒結切之「凸」記錄了一對同義詞，當別爲兩字。
凸	—	凸	凸	徒結	定屑開四入	det		·凸，突出，《玄應音義》：「凸，徒結反，凸起也。《蒼頡篇》作『䆟𥥌』，不平也。經文作『昳』。非體也。」該詞與｛胅｝等詞同源。《說文》：「胅，骨差也。」段玉裁注：「謂骨節差忒不相值，故胅出也。蘇林《漢書注》云：『窅胅，窅謂入；胅謂出』、《爾雅注》云：『胅起高二尺許』、《山海經》『結匈國』注云：『臆前胅出如人結㗋』、《玄應書》『顀頭胅頟』皆是。」徒結切之「凸」是「昳」、「𥥌」之異體，與陀骨切之「凸」記錄了一對同義詞，當別爲兩字。
㒸	LUT	隊 䃍 䯟 𩐌	隊 䃍 䯟 𩐌	徒對	定灰合一去	dojh	lˤuth	
㒸	LUT	𩔀	𩔀	五怪（迍怪）	知皆合二去	trweejh		
㒸	LUT	墜	墜	直類	澄脂合三去	drwih	lruth	
㒸	LUT	邃 譢 𢢝	邃 譢 𢢝	雖遂	心脂合三去	swih	ɬuth	
㒸	LUT	遂 隧 襚 旞 璲 檖 𣔾 𤓫 𤎩 燧 澻 䡵 鐆 鐩 穟 𦼯 𦂁 㒸 䉌	遂 隧 襚 旞 璲 檖 𣔾 𤓫 𤎩 燧 澻 䡵 鐆 鐩 穟 𦼯 𦂁 㒸 䉌	徐醉	邪脂合三去	zwih	sluth	
聿	KLUN LUT PRUT	涒	涒	他昆	透魂合一平	thon		
聿	KLUN LUT PRUT	㴫	㴫	古困	見魂合一去	konh		
聿	KLUN LUT PRUT	𨊼 𩉥	𨊼 𩉥	胡畎	匣先合四上	ghwenq		
聿	KLUN LUT PRUT	𤸷	𤸷	五還	疑刪合二平	ngwaen		
聿	KLUN LUT PRUT	硉	硉	勒沒	來沒合一入	lot		
聿	KLUN LUT PRUT	君 桾 䇹 莙 宭 鮶	君 桾 䇹 莙 宭 鮶	舉云	見文合三平	kun	kɫun	
聿	KLUN LUT PRUT	捃	捃	居運	見文合三去	kunh		
聿	KLUN LUT PRUT	麏 頵 莙	麏 頵 莙	居筠	見真合三B平	kuin	krun	
聿	KLUN LUT PRUT	羣 帬 裠 宭 𤸷	羣 帬 裠 宭 𤸷	渠云	羣文合三平	gun	ɡ(ɫ)un	
聿	KLUN LUT PRUT	郡	郡	渠運	羣文合三去	gunh		
聿	KLUN LUT PRUT	窘 僒 莙	窘 僒 莙	渠殞	羣真合三B上	guinq	ɡrunʔ	
聿	KLUN LUT PRUT	輑 峮	輑 峮	去倫	溪真合三B平	khuin		
聿	KLUN LUT PRUT	焄	焄	許云	曉文合三平	hun		
聿	KLUN LUT PRUT	笋	笋	思尹	心真合三上	swinq		
聿	KLUN LUT PRUT	芛	芛	餘律	以質合三入	jwit		
聿	KLUN LUT PRUT	芛	芛	羊捶	以支合三上	jwieq		
聿	KLUN LUT PRUT	尹 䪳	尹 䪳	余準	以真合三上	jwinq	lunʔ	·尹，裘錫圭謂「尹」「聿」一字之分化，說見：裘錫圭《說字小記》之《說“尹”》。今從裘說置「尹」「聿」於一聲系。
聿	KLUN LUT PRUT	聿 䢖 䋖 銉	聿 䢖 䋖 銉	餘律	以質合三入	jwit	lut	
聿	KLUN LUT PRUT	律 葎 𠷈	律 葎 𠷈	吕卹	來質合三入	lwit	rut	
聿	KLUN LUT PRUT	筆 潷 𢴩 㻶 𨅗	筆 潷 𢴩 㻶 𨅗	鄙密	幫質三B入	pyit	prut	
聿	KLUN LUT PRUT	頵	頵	於倫	影真合三B平	quin		
𠫓	—	𠫓 𡿮	𠫓 𡿮	他骨	透沒合一入	thot		·𠫓，《說文》：「𠫓，不順忽出也。从到子。《易》曰：『突如其來如。』不孝子突出，不容於内也。」古文字目前所見「𠫓」字或部件有兩種來源：一爲「毓」之倒子；二爲「棄」之倒子。傳世「𠫓」字何以有｛突｝之音待考。
𠫓	—	𡿮	𡿮	陀骨	定沒合一入	dot		
出	KLUT KUT	啒 淈 䓛 㒴	啒 淈 䓛 㒴	古忽	見沒合一入	kot	[k]ˤut	
出	KLUT KUT	窟 泏 堀 𡑣 𡼿 胐	窟 泏 堀 𡑣 𡼿 胐	苦骨	溪沒合一入	khot	[kʰ]ˤut	
出	KLUT KUT	淈	淈	下沒	匣沒開一入	gheot		
出	KLUT KUT	啒	啒	呼骨	曉沒合一入	hot		
出	KLUT KUT	㽾	㽾	五忽	疑沒合一入	ngot		
出	KLUT KUT	聉	聉	五骨	疑黠合二入	ngweet		
出	KLUT KUT	咄 柮 𩢎 𩨳	咄 柮 𩢎 𩨳	當沒	端沒合一入	tot		
出	KLUT KUT	咄	咄	丁括	端末合一入	twat		
出	KLUT KUT	聉	聉	丁滑	知黠合二入	trweet		
出	KLUT KUT	聉	聉	吐猥	透灰合一上	thojq		
出	KLUT KUT	鈯	鈯	陀骨	定沒合一入	dot		
出	KLUT KUT	貀	貀	女滑	孃黠合二入	nrweet		·貀，《說文》：「貀，獸，無前足。从豸、出聲。《漢律》：『能捕豺貀，購百錢。』」又：「柮，斷也。从木、出聲。讀若《爾雅》『貀無前足』之『貀』。」
出	KLUT KUT	𤬷 袦	𤬷 袦	女刮	孃鎋合二入	nrwaet		
出	KLUT KUT	茁	茁	鄒滑	莊黠合二入	tsrweet		
出	KLUT KUT	昢	昢	普沒	滂沒一入	phot		
出	KLUT KUT	𦁐 屈 鶌 趉 𠜾 䠇	𦁐 屈 鶌 趉 𠜾 䠇	九勿	見物合三入	kut	[k]ut	
出	KLUT KUT	𠜾	𠜾	居衛	見祭合三B去	kuejh		
出	KLUT KUT	屈 詘 𧌑	屈 詘 𧌑	區勿	溪物合三入	khut	[kʰ]ut	
出	KLUT KUT	𦁐	𦁐	去月	溪月合三入	khuot		
出	KLUT KUT	倔 䠇 崛 𡲬 䘿 𡲗 堀 掘	倔 䠇 崛 𡲬 䘿 𡲗 堀 掘	衢物	羣物合三入	gut	[ɡ]ut	
出	KLUT KUT	掘 䞷	掘 䞷	其月	羣月合三入	guot		
出	KLUT KUT	欪	欪	許吉	曉質開三A入	hit		·欪，《名義》火八反；《玉篇》丑律切；《王三》許吉、丑律二反；《廣韻》許吉、丑律二切。
出	KLUT KUT	崛	崛	魚勿	疑物合三入	ngut		
出	KLUT KUT	聉	聉	魚乙	疑質開三B入	ngyit		
出	KLUT KUT	拙 炪 䂐 𠭴 䪼 䖦	拙 炪 䂐 𠭴 䪼 䖦	職悅	章薛合三入	tjwiet	[kl]ot	
出	KLUT KUT	茁	茁	側劣	莊薛合三入	tsruet		
出	KLUT KUT	茁	茁	徵筆	知質合三入	trwit		
出	KLUT KUT	㤕 窋 絀 䂐 㑁 泏	㤕 窋 絀 䂐 㑁 泏	竹律	知質合三入	trwit		
出	KLUT KUT	出	出	赤律	昌質合三入	tjhwit	kʰlut	
出	KLUT KUT	𥞃	𥞃	尺僞	昌支合三去	tjhwieh		
出	KLUT KUT	出	出	尺類	昌脂合三去	tjhwih		
出	KLUT KUT	黜 炪 㤕 欪	黜 炪 㤕 欪	丑律	徹質合三入	trhwit		
㔷	RO	陋	陋	盧候	來侯一去	louh	rˤoh	·陋，「㔷」聲。古文字有「㔷」字，《說文》：「㔷，側逃也。从匸，丙聲。一曰箕屬。」徐鉉曰：「丙非聲。義當从內。會意。疑傳寫之誤。」其說皆不可信。薛培武謂「㔷」所从之「匚」與「區」同（說見：薛培武《甲骨文中舊釋為“散”之字及相關諸字新釋》），待考。
㔷	RO	𦭯	𦭯	力主	來虞合三上	luoq		
婁	RO	數	數	所角	生覺二入	sroeuk		
婁	RO	樓 婁 䣚 𨻻 𧁾 蔞 𠞭 䝏 𦎹 僂 艛 耬 髏 膢 𤬏 廔 摟 嘍 瞜 螻 簍 鞻 慺 鷜 䱾 褸 遱 謱	樓 婁 䣚 𨻻 𧁾 蔞 𠞭 䝏 𦎹 僂 艛 耬 髏 膢 𤬏 廔 摟 嘍 瞜 螻 簍 鞻 慺 鷜 䱾 褸 遱 謱	落侯	來侯一平	lou	rˤo	
婁	RO	塿 嘍 簍 甊 𪍣 嶁 㪹 謱 漊 䅹	塿 嘍 簍 甊 𪍣 嶁 㪹 謱 漊 䅹	郎斗	來侯一上	louq	rˤoʔ	
婁	RO	鏤 瘻 𧷡 𣤋 𠞭 僂	鏤 瘻 𧷡 𣤋 𠞭 僂	盧候	來侯一去	louh	rˤoh	
婁	RO	擻 藪 籔	擻 藪 籔	蘇后	心侯一上	souq		
婁	RO	數 籔	數 籔	所矩	生虞合三上	sruoq	r̥oʔ	
婁	RO	數	數	色句	生虞合三去	sruoh	r̥o	
婁	RO	慺 蔞 氀 瞜 䱾 嶁 䝏 㺏 摟 鷜 鏤 䣚 婁 瘻 𤗬 膢	慺 蔞 氀 瞜 䱾 嶁 䝏 㺏 摟 鷜 鏤 䣚 婁 瘻 𤗬 膢	力朱	來虞合三平	luo	ro	
婁	RO	縷 𨻻 僂 褸 簍 嶁 謱 慺 漊 𪈜 㜢 蔞	縷 𨻻 僂 褸 簍 嶁 謱 慺 漊 𪈜 㜢 蔞	力主	來虞合三上	luoq	roʔ	
婁	RO	屢 𡀿	屢 𡀿	良遇	來虞合三去	luoh		
婁	RO	屨	屨	九遇	見虞合三去	kuoh	kroh	
婁	RO	窶 貗	窶 貗	其矩	羣虞合三上	guoq		
屚	RO	漏 屚 𦸢 𨫒 𧫞	漏 屚 𦸢 𨫒 𧫞	盧候	來侯一去	louh	rˤoh	·屚，《說文》：「屚，屋穿水下也。从雨在尸下。尸者，屋也。」
龍	ROŊ PROŊ	籠 豅 㰍 朧 𡃡 龓 䪊 瀧 聾 𨏠 礱 䆍 𪚗 嚨 蘢 櫳 𤮨 巃 襱 瓏 曨 鸗 𩟭 蠪	籠 豅 㰍 朧 𡃡 龓 䪊 瀧 聾 𨏠 礱 䆍 𪚗 嚨 蘢 櫳 𤮨 巃 襱 瓏 曨 鸗 𩟭 蠪	盧紅	來東一平	loung	rˤoŋ	
龍	ROŊ PROŊ	曨 襱 巃 竉 籠 攏 𢤱 儱 龓	曨 襱 巃 竉 籠 攏 𢤱 儱 龓	力董	來東一上	loungq	rˤoŋʔ	
龍	ROŊ PROŊ	礱	礱	盧貢	來東一去	loungh	rˤoŋh	
龍	ROŊ PROŊ	瀧 䮾	瀧 䮾	吕江	來江二平	loeung		
龍	ROŊ PROŊ	䮾	䮾	薄紅	並東一平	boung		
龍	ROŊ PROŊ	龐	龐	薄江	並江二平	boeung	brˤoŋ	
龍	ROŊ PROŊ	瀧	瀧	所江	生江二平	sroeung		
龍	ROŊ PROŊ	龍 𪚝 躘 鸗 驡 𪚠 籠 𦪽 蘢	龍 𪚝 躘 鸗 驡 𪚠 籠 𦪽 蘢	力鍾	來鍾三平	luong	roŋ	
龍	ROŊ PROŊ	隴 壠	隴 壠	力踵	來鍾三上	luongq	roŋʔ	
龍	ROŊ PROŊ	贚 躘 儱	贚 躘 儱	良用	來鍾三去	luongh	roŋh	
龍	ROŊ PROŊ	襱	襱	直隴	澄鍾三上	druongq		
龍	ROŊ PROŊ	寵	寵	丑隴	徹鍾三上	trhuongq	l̥roŋʔ	
彔	ROK	祿 淥 睩 䚄 龣 琭 箓 㯟 碌 盝 𥂖 簶 𧌍 娽 𦌟 𤽺 彔 趢 䎑 𨌠 㪖	祿 淥 睩 䚄 龣 琭 箓 㯟 碌 盝 𥂖 簶 𧌍 娽 𦌟 𤽺 彔 趢 䎑 𨌠 㪖	盧谷	來屋一入	louk	rˤok	
彔	ROK	龣	龣	古岳	見覺二入	koeuk		
彔	ROK	䃗	䃗	測角	初覺二入	tsrhoeuk		·䃗，「䃗礫」，盤石，又作「𥓑」。《玉篇》「䃗」音剥，「𥓑」測角切；《王三》測角反；《廣韻》測角切。
彔	ROK	錄 淥 䚄 綠 醁 騄 娽 菉 逯 䱚 籙 碌 䟿 𧨹 趢 㫽 㪖	錄 淥 䚄 綠 醁 騄 娽 菉 逯 䱚 籙 碌 䟿 𧨹 趢 㫽 㪖	力玉	來燭三入	luok	rok	
鹿	ROK	鹿 漉 轆 㼾 𦪇 簏 螰 䍡 麓 騼 𥉶 摝 𥛞 廘 鏕 𩅄 蔍 鄜	鹿 漉 轆 㼾 𦪇 簏 螰 䍡 麓 騼 𥉶 摝 𥛞 廘 鏕 𩅄 蔍 鄜	盧谷	來屋一入	louk	rˤok	
鹿	ROK	𩔴 𩪉	𩔴 𩪉	許玉	曉燭三入	huok		
弄	ROŊ	弄 𢙱 梇 哢 㢅 㳥	弄 𢙱 梇 哢 㢅 㳥	盧貢	來東一去	loungh	rˤoŋh	
蠃	ROI	𩼊 驘 鸁 𣜄 蠃 𥢵 𧄿 𨰠	𩼊 驘 鸁 𣜄 蠃 𥢵 𧄿 𨰠	落戈	來歌合一平	lwa	rˤoi	
蠃	ROI	𧝹 臝 蠃	𧝹 臝 蠃	郎果	來歌合一上	lwaq	rˤoiʔ	
蠃	ROI	䇔 𢺑 䌴 㱻 𡰠	䇔 𢺑 䌴 㱻 𡰠	魯過	來歌合一去	lwah	rˤoih	
蠃	ROI	㱻	㱻	郎外	來泰合一去	lwajh		
蠃	ROI	羸 𡰠	羸 𡰠	力爲	來支合三平	lwie	roi	
蠃	ROI	𡰠	𡰠	力頑	來支合三平	lwie	roi	·𡰠，據友人趙英達說，《切韻》系韻書所據材料反切下字「規」訛作「頑」而誤收《山韻》。
蓏	ROI	蓏	蓏	郎果	來歌合一上	lwaq	rˤoiʔ	·蓏，大徐本《說文》：「蓏，在木曰果，在地曰蓏。从艸从㼌。」小徐本作「從艸，㼌聲。」段玉裁注：「郞果切。十七部。鍇本作『㼌聲』，誤。『㼌』、『窳』聲，葢在五部。此會意形聲之必當辨者也。」
果	KLOI	婐	婐	烏果	影歌合一上	qwaq	ʔˤoiʔ	
果	KLOI	果 菓 猓 輠 裹 蜾 惈 䴹 粿	果 菓 猓 輠 裹 蜾 惈 䴹 粿	古火	見歌合一上	kwaq	[kɫ]ˤoiʔ	
果	KLOI	裹	裹	古卧	見歌合一去	kwah	[kɫ]ˤoih	
果	KLOI	婐	婐	古華	見麻合二平	kwae	krˤoi	
果	KLOI	祼 㷄	祼 㷄	古玩	見寒合一去	kwanh	[kɫ]ˤonh	
果	KLOI	窠 稞 課 髁	窠 稞 課 髁	苦禾	溪歌合一平	khwa	[kʰɫ]ˤoi	
果	KLOI	顆 堁 敤	顆 堁 敤	苦果	溪歌合一上	khwaq	[kʰɫ]ˤoiʔ	
果	KLOI	課 堁 敤 髁 𡱼 㾧	課 堁 敤 髁 𡱼 㾧	苦卧	溪歌合一去	khwah	[kʰɫ]ˤoih	
果	KLOI	髁	髁	苦瓦	溪麻合二上	khwaeq	kʰrˤoiʔ	
果	KLOI	棵	棵	苦管	溪寒合一上	khwanq		
果	KLOI	堁	堁	苦對	溪灰合一去	khojh	kʰˤuih	
果	KLOI	夥 輠	夥 輠	胡果	匣歌合一上	ghwaq	ɡˤoiʔ	
果	KLOI	踝 稞 𦖍 𩸄 [𠿜] 輠 䴹	踝 稞 𦖍 𩸄 𠿜 輠 䴹	胡瓦	匣麻合二上	ghwaeq	ɡrˤoiʔ	·𠿜，據葛信益《〈廣韻〉訛奪舉正（增定稿）》補。
果	KLOI	棵	棵	胡管	匣寒合一上	ghwanq		
果	KLOI	輠	輠	胡罪	匣灰合一上	ghojq		
果	KLOI	夥	夥	懷𦫳	匣佳合二上	ghweeq		
果	KLOI	㷄	㷄	呼罪	曉灰合一上	hojq	[h]ˤuiʔ	
果	KLOI	䊬	䊬	丑寡	徹麻合二上	trhwaeq		
果	KLOI	裸 躶	裸 躶	郎果	來歌合一上	lwaq	[k.r]ˤoiʔ	
吹	KLOI	吹 炊 䶴	吹 炊 䶴	昌垂	昌支合三平	tjhwie	[kʰl]oi	·吹，大徐本《說文》：「吹，噓也。从口从欠。」小徐本作「從口、欠。」叔䟒父卣（《集成》05428）「姊小彝妹吹」之「吹」讀爲｛墮｝；郳公鎛｛祼｝作「果」「吹」雙聲（說參：董珊：《郳公𥀊父二器簡釋》），是「吹」當歸上古KLOI。
吹	KLOI	吹 䶴	吹 䶴	尺僞	昌支合三去	tjhwieh	[kʰl]oih	
吹	KLOI	焁	焁	香支	曉支開三A平	hie		
吹	KLOI	焁	焁	許羈	曉支開三B平	hye		
䜌	RON PRON	鑾 鸞 巒 欒 羉 𧄶 䜌 㱍 臠 灤 灓 𤼙 圝 曫	鑾 鸞 巒 欒 羉 𧄶 䜌 㱍 臠 灤 灓 𤼙 圝 曫	落官	來寒合一平	lwan	rˤon	
䜌	RON PRON	灓	灓	郎段	來寒合一去	lwanh		
䜌	RON PRON	𪈿	𪈿	莫奔	明魂一平	mon		
䜌	RON PRON	蠻 𪈮	蠻 𪈮	莫還	明刪二平	maen	mrˤon	
䜌	RON PRON	矕	矕	武板	明刪二上	maenq		
䜌	RON PRON	㝈	㝈	生患	生刪合二去	srwaenh		
䜌	RON PRON	彎 灣 䘎	彎 灣 䘎	烏關	影刪合二平	qwaen	ʔrˤon	
䜌	RON PRON	變	變	彼眷	幫仙三B去	pyenh	pr[o]nh	
䜌	RON PRON	㪻	㪻	居願	見元合三去	kuonh		
䜌	RON PRON	攣 𤼙 䜌	攣 𤼙 䜌	吕員	來仙合三平	lwien	ron	
䜌	RON PRON	臠 孌	臠 孌	力兖	來仙合三上	lwienq	ronʔ	
䜌	RON PRON	戀 灓 䜌 孌	戀 灓 䜌 孌	力卷	來仙合三去	lwienh	ronh	
䜌	RON PRON	𦣛	𦣛	縷𩨭	來歌合三平	lua		·㪻，《名義》九万反；《玉篇》九萬切；《王三》芳万反；《廣韻》芳万、居願二切；《集韻》俱願、孚萬、方願三切。
䜌	RON PRON	㪻	㪻	芳万	滂元三去	phuonh		
䜌	RON PRON	㝈	㝈	所眷	生仙合三去	sruenh		·㝈，又作「孿」，《說文》：「孿，一乳兩子也。从子、䜌聲。」《方言注》蘇官反；《名義》力縣反；《玉篇》嗇患切，又力員切；《新撰字鏡》所患反；《廣雅音註》山患反；《王三》山患、所眷二反；《廣韻》生患、所眷二切。
卵	RON KRON	關 関 𢇇	關 関 𢇇	古還	見刪合二平	kwaen	krˤon	
卵	RON KRON	丱	丱	古患	見刪合二去	kwaenh	krˤonh	
卵	RON KRON	𢠶	𢠶	胡慣	匣刪合二去	ghwaenh		
卵	RON KRON	𦃕	𦃕	虚本	曉魂合一上	honq		
卵	RON KRON	㤻	㤻	盧本	來魂合一上	lonq		
卵	RON KRON	卵	卵	盧管	來寒合一上	lwanq	rˤonʔ	
卵	RON KRON	卵	卵	郎果	來歌合一上	lwaq		
𤔔	RON	亂 𢿢 𤔔	亂 𢿢 𤔔	郎段	來寒合一去	lwanh	rˤonh	
𤔔	RON	覼 <覶>	覼 覶	落戈	來歌合一平	lwa	rˤoi	·覼，「覶」之訛字，俗書「𤔔」「爾」形近混訛。《說文》：「覶，好視也。从見、𤔔聲。」段玉裁注：「覶縷，委曲也。古書亦作覼縷。」
𤔔	RON	𠏢	𠏢	魯過	來歌合一去	lwah		
𤔔	RON	薍	薍	五患	疑刪合二去	ngwaenh		
𤔔	RON	𡡗	𡡗	力兖	來仙合三上	lwienq		
串	KRON	贃	贃	烏患	影刪合二去	qwaenh		
串	KRON	串	串	古患	見刪合二去	kwaenh	krˤonh	
串	KRON	漶	漶	胡玩	匣寒合一去	ghwanh	ɡˤonh	
串	KRON	䍺	䍺	戸關	匣刪合二平	ghwaen	ɡrˤon	
串	KRON	患 䍺 槵	患 䍺 槵	胡慣	匣刪合二去	ghwaenh	ɡrˤonh	
劣	ROT	劣	劣	力輟	來薛合三入	lwiet	rot	
戍	LO	戍 㲓	戍 㲓	傷遇	書虞合三去	sjuoh	l̥oh	
臾	LO	臾 楰 腴 諛 㥚 萸 㳛 𤜹 (𣢧) 𤧙 𦺮 𥯮 𥔢	臾 楰 腴 諛 㥚 萸 㳛 𤜹 𣢧 𤧙 𦺮 𥯮 𥔢	羊朱	以虞合三平	juo	lo	·𤜹，《玉篇》又作「𣢧」、「𣢒」，可能是「𣢧」省聲、抑或其訛字。
臾	LO	庾 㥚 𦺮 楰 斞	庾 㥚 𦺮 楰 斞	以主	以虞合三上	juoq	loʔ	
臾	LO	㳛	㳛	以周	以尤三平	ju		
臾	LO	𩀑	𩀑	余蜀	以燭三入	juok		
俞	LO	偷 鍮 媮	偷 鍮 媮	託侯	透侯一平	thou	l̥ˤo	
俞	LO	㓱 𪎨 牏 䤅 㢏 揄 窬 緰 歈	㓱 𪎨 牏 䤅 㢏 揄 窬 緰 歈	度侯	定侯一平	dou	lˤo	
俞	LO	䕆 揄	䕆 揄	徒口	定侯一上	douq	lˤoʔ	
俞	LO	窬 𤀨	窬 𤀨	徒候	定侯一去	douh	lˤoh	
俞	LO	輸 鄃 隃	輸 鄃 隃	式朱	書虞合三平	sjuo	l̥o	
俞	LO	腧 輸 𧼯 䩱 隃 䠼	腧 輸 𧼯 䩱 隃 䠼	傷遇	書虞合三去	sjuoh	l̥oh	
俞	LO	逾 踰 窬 隃 鄃 覦 𨵦 俞 歈 愉 𢋅 揄 褕 瑜 崳 羭 蝓 榆 堬 牏 渝 媮 瘉 蕍 䩱 䜽 萮 㼶 騟 𢔢	逾 踰 窬 隃 鄃 覦 𨵦 俞 歈 愉 𢋅 揄 褕 瑜 崳 羭 蝓 榆 堬 牏 渝 媮 瘉 蕍 䩱 䜽 萮 㼶 騟 𢔢	羊朱	以虞合三平	juo	lo	
俞	LO	愈 瘉 貐	愈 瘉 貐	以主	以虞合三上	juoq	loʔ	
俞	LO	覦 諭 喻 籲 𠕦	覦 諭 喻 籲 𠕦	羊戍	以虞合三去	juoh	loh	
俞	LO	牏	牏	持遇	澄虞合三去	druoh	lroh	
俞	LO	𢋅 揄	𢋅 揄	以周	以尤三平	ju	lu	
俞	LO	褕	褕	餘昭	以宵開三平	jiew		
俞	LO	俞	俞	丑救	徹尤三去	trhuh	l̥ruh	
俞	LO	緰 隃	緰 隃	相俞	心虞合三平	suo	ɬo	
俞	LO	毹 㡏	毹 㡏	山芻	生虞合三平	sruo		
俞	LO	㡏	㡏	色句	生虞合三去	sruoh		
同	LOŊ	通 蓪 侗 恫 痌 俑 𧳆 𨀜	通 蓪 侗 恫 痌 俑 𧳆 𨀜	他紅	透東一平	thoung	l̥ˤoŋ	
同	LOŊ	侗 桶 捅	侗 桶 捅	他孔	透東一上	thoungq		
同	LOŊ	痛	痛	他貢	透東一去	thoungh		
同	LOŊ	同 銅 桐 峒 硐 𦨴 𧱁 筒 㼧 𤭁 洞 侗 烔 挏 酮 鮦 𦍻 眮 衕 𢈉 䆚 哃 𢏕 絧 𨚯 𪔝 <𪔜>	同 銅 桐 峒 硐 𦨴 𧱁 筒 㼧 𤭁 洞 侗 烔 挏 酮 鮦 𦍻 眮 衕 𢈉 䆚 哃 𢏕 絧 𨚯 𪔝 𪔜	徒紅	定東一平	doung	lˤoŋ	·同，古文字「同」似筒形器（後加从「口」作「同」），爲｛筒｝的表意字；其有把手者作「用」（說見裘錫圭《甲骨文中的幾種樂器名稱——釋“庸”“豐”“鞀”》等）；鄔可晶指出「甬」很可能是從在「用」的豎畫上加弧筆或「▽」形的異體分化出來的（說見：鄔可晶《戰國時代寫法特殊的“曷”的字形分析，並說“𰕎”及其相關問題》）。「同」「用」「甬」諸字聲首皆來自“桶”之類的詞，故置於一處。·𪔝，蓋「𪔜」之訛字。
同	LOŊ	酮 姛 眮 詷 桶 挏 硐	酮 姛 眮 詷 桶 挏 硐	徒揔	定東一上	doungq		
同	LOŊ	洞 恫 眮 絧 㓊 峒 詷 胴 筒 駧 衕 迵 㢥	洞 恫 眮 絧 㓊 峒 詷 胴 筒 駧 衕 迵 㢥	徒弄	定東一去	doungh	lˤoŋh	
同	LOŊ	㪌	㪌	先孔	心東一上	soungq		
同	LOŊ	𧙥	𧙥	盧紅	來東一平	loung		
同	LOŊ	傭 𦟛 𪒒	傭 𦟛 𪒒	丑凶	徹鍾三平	trhuong		
同	LOŊ	滽 庸 𧴄 㺎 𤛑 墉 鏞 銿 鄘 傭 𪅟 𤮇 鱅 䗤 㟾 槦 㣑 𢧳	滽 庸 𧴄 㺎 𤛑 墉 鏞 銿 鄘 傭 𪅟 𤮇 鱅 䗤 㟾 槦 㣑 𢧳	餘封	以鍾三平	juong	loŋ	
同	LOŊ	勇 恿 涌 甬 踊 慂 𧻹 悀 埇 蛹 俑 𧗴	勇 恿 涌 甬 踊 慂 𧻹 悀 埇 蛹 俑 𧗴	余隴	以鍾三上	juongq	loŋʔ	
同	LOŊ	用	用	余頌	以鍾三去	juongh	loŋh	
同	LOŊ	鮦	鮦	直隴	澄鍾三上	druongq		
同	LOŊ	鮦	鮦	除柳	澄尤三上	druq		
同	LOŊ	誦	誦	似用	邪鍾三去	zuongh	sloŋ	
同	LOŊ	鱅 慵 𩌨	鱅 慵 𩌨	蜀庸	常鍾三平	djuong		
同	LOŊ	𣭲 氄	𣭲 氄	而隴	日鍾三上	njuongq		·𣭲、氄，蓋一字。《尚書·堯典》、《史記·五帝本紀》：「鳥獸氄毛。」《說文·毛部》引《虞書》作「鳥獸𣯍髦」；《說文·㼱部》引《虞書》曰：「鳥獸𧜈毛」。
𩫖²	LOŊ	𦤘	𦤘	餘封	以鍾三平	juong		·𦤘，《說文》：「𦤘，用也。从亯从自。自知臭香所食也。讀若庸。」其字形分析不確，此字聲首當即「𩫖(墉)」。說見「𩫖」下。
仝	—	𢘐	𢘐	德紅	端東一平	toung		
仝	—	仝	仝	徒紅	定東一平	doung		·仝，《廣韻》：「仝，古文〔同〕。出《道書》。」
公	LOŊ KLOŊ	翁 螉 䱵 蓊 䈵 䩺 㮬 𩔚	翁 螉 䱵 蓊 䈵 䩺 㮬 𩔚	烏紅	影東一平	qoung	ʔ(ɫ)ˤoŋ	
公	LOŊ KLOŊ	蓊 滃 暡 勜 䈵 䐥 塕 𤌏	蓊 滃 暡 勜 䈵 䐥 塕 𤌏	烏孔	影東一上	qoungq	ʔ(ɫ)ˤoŋʔ	
公	LOŊ KLOŊ	瓮	瓮	烏貢	影東一去	qoungh		
公	LOŊ KLOŊ	慃	慃	烏項	影江二上	qoeungq		
公	LOŊ KLOŊ	公 蚣	公 蚣	古紅	見東一平	koung	kɫˤoŋ	
公	LOŊ KLOŊ	鬆 䯳	鬆 䯳	私宗	心冬一平	song		
公	LOŊ KLOŊ	鬆 凇	鬆 凇	蘇弄	心東一去	soungh		
公	LOŊ KLOŊ	容 溶 鎔 㼸 蓉 傛 褣 搈 瑢 䈶 嵱 頌 㝐 䡆 𨲟 𪃾	容 溶 鎔 㼸 蓉 傛 褣 搈 瑢 䈶 嵱 頌 㝐 䡆 𨲟 𪃾	餘封	以鍾三平	juong	loŋ	
公	LOŊ KLOŊ	塎 溶 傛	塎 溶 傛	余隴	以鍾三上	juongq		
公	LOŊ KLOŊ	菘 硹	菘 硹	息弓	心東三平	sung		
公	LOŊ KLOŊ	蜙 淞 凇 鬆 倯 𢔋	蜙 淞 凇 鬆 倯 𢔋	息恭	心鍾三平	suong	[ɬ]oŋ	
公	LOŊ KLOŊ	松 㮤 凇 訟	松 㮤 凇 訟	祥容	邪鍾三平	zuong	sloŋ	
公	LOŊ KLOŊ	頌 訟	頌 訟	似用	邪鍾三去	zuongh		
公	LOŊ KLOŊ	蚣 忪 䇗 彸 衳 伀 妐 㕬 炂 𦬘 𨳗	蚣 忪 䇗 彸 衳 伀 妐 㕬 炂 𦬘 𨳗	職容	章鍾三平	tjuong	kloŋ	
公	LOŊ KLOŊ	𢃓	𢃓	職勇	章鍾三上	tjuongq		
公	LOŊ KLOŊ	鬆 𨑪	鬆 𨑪	七恭	清鍾三平	tshuong		
禿	LOK	禿 𣬜 䛢 𢬳 鵚	禿 𣬜 䛢 𢬳 鵚	他谷	透屋一入	thouk	l̥ˤok	
禿	LOK	䛢	䛢	土禾	透歌合一平	thwa		·䛢，原本《玉篇》：「䛢，他鹿反。《字書》：『𧨱，䛢也。』」《王三》二反：「謫䛢，又吐谷反。謫字，他擊反。〔吐和反〕」「䛢，詆䛢。〔他谷反〕」《廣韻》二切：「䛢詆。〔土禾切〕」「詆䛢，狡猾。〔他谷切〕」吐和反\土禾切之韻母與「禿」聲字形不合，《王三》注釋語與《廣韻》有異，待考。
粟	LOK	粟 𥻆 憟 𣯼 㔄	粟 𥻆 憟 𣯼 㔄	相玉	心燭三入	suok	ɬok	·栗，或說「角」聲，非。
𡍬	LOK	黷 讟 殰 讀 櫝 牘 儥 贕 䢱 皾 瓄 瀆 𨽍 豄 韇 嬻 犢 匵	黷 讟 殰 讀 櫝 牘 儥 贕 䢱 皾 瓄 瀆 𨽍 豄 韇 嬻 犢 匵	徒谷	定屋一入	douk	lˤok	
𡍬	LOK	竇	竇	徒候	定侯一去	douh		
𡍬	LOK	𨏔	𨏔	盧谷	來屋一入	louk		
𡍬	LOK	覿	覿	徒歷	定錫開四入	dek		
𡍬	LOK	𧷗 儥	𧷗 儥	余六	以屋三入	juk	lok	
𡍬	LOK	續 藚	續 藚	似足	邪燭三入	zuok	slok	
𡍬	LOK	贖	贖	神蜀	船燭三入	zjuok		
𡍬	LOK	襩	襩	市玉	常燭三入	djuok		
𤉐	LOK	𤉐	𤉐	士角	崇覺二入	dzroeuk		
𤉐	LOK	𩌮	𩌮	似足	邪燭三入	zuok	slok	
𤉐	LOK	𩌮	𩌮	神蜀	船燭三入	zjuok	mlok	
谷	LOK KLOK	谷	谷	盧谷	來屋一入	louk		
谷	LOK KLOK	谷 𤞞 䀰 唂	谷 𤞞 䀰 唂	古禄	見屋一入	kouk	kɫˤok	
谷	LOK KLOK	焀	焀	胡谷	匣屋一入	ghouk		
谷	LOK KLOK	欲 浴 鵒 鋊 輍 慾 𤞞 谷	欲 浴 鵒 鋊 輍 慾 𤞞 谷	余蜀	以燭三入	juok	lok	
谷	LOK KLOK	裕 䘱	裕 䘱	羊戍	以虞合三去	juoh	lokh	
谷	LOK KLOK	螸	螸	羊朱	以虞合三平	juo		
谷	LOK KLOK	俗	俗	似足	邪燭三入	zuok	slok	
隓	LOI	䜏	䜏	土禾	透歌合一平	thwa	l̥ˤoi	
隓	LOI	嫷 隋 䲊 墮 橢 𨼰	嫷 隋 䲊 墮 橢 𨼰	他果	透歌合一上	thwaq	l̥ˤoiʔ	
隓	LOI	毻 嫷 𧝍	毻 嫷 𧝍	湯卧	透歌合一去	thwah	l̥ˤoih	
隓	LOI	毻	毻	他外	透泰合一去	thwajh		
隓	LOI	堶	堶	徒和	定歌合一平	dwa	lˤoi	
隓	LOI	墮 𥳔 䤻 憜 惰 嫷 鬌 䲊 嶞	墮 𥳔 䤻 憜 惰 嫷 鬌 䲊 嶞	徒果	定歌合一上	dwaq	lˤoiʔ	
隓	LOI	惰 媠 𧝍 𧱫	惰 媠 𧝍 𧱫	徒臥	定歌合一去	dwah	lˤoih	
隓	LOI	𨯝	𨯝	徒猥	定灰合一上	dojq		
隓	LOI	鬌 鍺 <䤻>	鬌 鍺 䤻	丁果	端歌合一上	twaq		·鍺，鄭張尚芳《上古音系》：「《集韻》刪『鍺』，增从『隋』字。疑『者』聲來自書訛。」《集韻》有彌合形聲之嫌，未詳。且從其說。
隓	LOI	䔺 𩁌 䝐	䔺 𩁌 䝐	悅吹	以支合三平	jwie	loi	
隓	LOI	䔺 撱 䝐	䔺 撱 䝐	羊捶	以支合三上	jwieq	loiʔ	
隓	LOI	䲊 撱	䲊 撱	以水	以脂合三上	jwiq		
隓	LOI	鬌	鬌	直垂	澄支合三平	drwie		
隓	LOI	隓 墮 隳 䜐	隓 墮 隳 䜐	許規	曉支合三A平	hwie	hloi	
隓	LOI	髓 䭉 𣿂	髓 䭉 𣿂	息委	心支合三上	swieq	ɬoiʔ	
隓	LOI	瀡	瀡	思累	心支合三去	swieh		
隓	LOI	隨 隋 𥶻	隨 隋 𥶻	旬爲	邪支合三平	zwie	sloi	
隓	LOI	𤢍	𤢍	隨婢	邪支合三上	zwieq		
戈	KLOI LON	戈 𩾷	戈 𩾷	古禾	見歌合一平	kwa	kɫˤoi	
戈	KLOI LON	划	划	古火	見歌合一上	kwaq		
戈	KLOI LON	划 㳀	划 㳀	古卧	見歌合一去	kwah		
戈	KLOI LON	划	划	戸花	匣麻合二平	ghwae		
戈	KLOI LON	𢦚	𢦚	胡瓦	匣麻合二上	ghwaeq		
戈	KLOI LON	鳶 𦿂	鳶 𦿂	與專	以仙合三平	jwien	lon	·鳶，本从「鳥」、「戈」聲，後訛作「鳶」。北大漢簡《蒼頡篇》簡27見「𩿙䧿」二字，是以「鳶鵲」連言（此亦見於《急就篇》），可證「戈」聲無疑。
㕣	LON	袞 蔉	袞 蔉	古本	見魂合一上	konq	kɫˤunʔ	·袞，《說文》：「衮，天子享先王，卷龍繡於下幅，一龍蟠阿上鄉。」《釋名·釋首飾》：「袞，卷也，畫卷龍於衣也。」《說文》所謂「公」聲非也，從西周金文字形看，此字當爲「㕣」聲。
㕣	LON	沿 㳂 鉛 鈆	沿 㳂 鉛 鈆	與專	以仙合三平	jwien	lon	
㕣	LON	兗 渷 沇 𢯻 抁 𦳆 馻 㕣 𦁙 𩘍	兗 渷 沇 𢯻 抁 𦳆 馻 㕣 𦁙 𩘍	以轉	以仙合三上	jwienq	lonʔ	
㕣	LON	𩘍	𩘍	以絹	以仙合三去	jwienh		
㕣	LON	㔯	㔯	似宣	邪仙合三平	zwien		
㕣	LON	船 舩	船 舩	食川	船仙合三平	zjwien	mlon	
㕣	LON	𦳆	𦳆	渠篆	羣仙合三B上	guenq		
㕣	LON	𡇰	𡇰	旨兖	章仙合三上	tjwienq		
穿	KLON	穿	穿	昌緣	昌仙合三平	tjhwien	kʰlon	·穿，｛貫｝｛穿｝爲一組上古漢語同源詞。戰國楚簡中｛穿｝寫作「⿰耳串」，从「耳」、「串」聲。安大竹簡一《詩經》：「可(何)㠯(以)△(穿)我𦤿(屋)？29」今本《毛詩·召南·行露》作「何以穿我屋」。余疑秦漢文字「穿」字蓋「⿰耳串」省聲，在演變中省去聲素「串」，又將「耳」訛作「牙」（秦漢文字「耳」「牙」形近易混訛，猶「邪」分化出「耶」），遂作「穿」字。待考。
穿	KLON	穿	穿	尺絹	昌仙合三去	tjhwienh	kʰlonh	
毌	KLON	貫 毌	貫 毌	古丸	見寒合一平	kwan	kɫˤon	
毌	KLON	貫 樌 鏆 遦 毌	貫 樌 鏆 遦 毌	古玩	見寒合一去	kwanh	[kɫ]ˤonh	
毌	KLON	瑻	瑻	古渾	見魂合一平	kon		
毌	KLON	謴	謴	古困	見魂合一去	konh		
毌	KLON	慣 摜	慣 摜	古患	見刪合二去	kwaenh	krˤonh	
兌	LOT	侻 挩 脫 莌 梲	侻 挩 脫 莌 梲	他括	透末合一入	thwat	l̥ˤot	
兌	LOT	娧 蛻 駾 裞	娧 蛻 駾 裞	他外	透泰合一去	thwajh	l̥ˤoth	
兌	LOT	梲	梲	他骨	透沒合一入	thot		
兌	LOT	蛻 毤	蛻 毤	湯卧	透歌合一去	thwah		
兌	LOT	敓 脫 挩 莌 痥 鮵	敓 脫 挩 莌 痥 鮵	徒活	定末合一入	dwat	lˤot	
兌	LOT	兌 𩊭 綐 銳 㟋	兌 𩊭 綐 銳 㟋	杜外	定泰合一去	dwajh	lˤoth	
兌	LOT	䬽	䬽	郎外	來泰合一去	lwajh		
兌	LOT	說	說	失爇	書薛合三入	sjwiet	l̥ot	
兌	LOT	稅 說 裞 蛻 帨 涗 䬽	稅 說 裞 蛻 帨 涗 䬽	舒芮	書祭合三去	sjwiejh	l̥oth	
兌	LOT	悅 說 閱 蛻 娧 𧀲 䓲	悅 說 閱 蛻 娧 𧀲 䓲	弋雪	以薛合三入	jwiet	lot	
兌	LOT	銳 䓲	銳 䓲	以芮	以祭合三去	jwiejh	loth	
兌	LOT	䫄 𤁫	䫄 𤁫	丑刮	徹鎋合二入	trhwaet		
兌	LOT	𤿫	𤿫	丑悅	徹薛合三入	trhwiet		
兌	LOT	帨	帨	此芮	清祭合三去	tshwiejh		
兌	LOT	梲	梲	職悅	章薛合三入	tjwiet		
奪	LOT	奪 𡙜	奪 𡙜	徒活	定末合一入	dwat	lˤot	
來	RƏ MRƏK KRƏK	來 萊 郲 騋 崍 𤦃 𧳟 猍 淶 鯠 䅘 𣮉 䋱 庲 㾢 棶 逨 𪎂 麳 𤲓 𪑚 徠	來 萊 郲 騋 崍 𤦃 𧳟 猍 淶 鯠 䅘 𣮉 䋱 庲 㾢 棶 逨 𪎂 麳 𤲓 𪑚 徠	洛哀	來咍開一平	leoj	rˤə	
來	RƏ MRƏK KRƏK	唻	唻	來改	來咍開一上	leojq		
來	RƏ MRƏK KRƏK	賚 萊 睞 徠 勑 㾢 誺 䚅 逨	賚 萊 睞 徠 勑 㾢 誺 䚅 逨	落代	來咍開一去	leojh	rˤəh	
來	RƏ MRƏK KRƏK	唻	唻	賴諧	來皆開二平	leej		
來	RƏ MRƏK KRƏK	麥	麥	莫獲	明麥二入	meek	mrˤək	
來	RƏ MRƏK KRƏK	𪘨	𪘨	卓皆	知皆開二平	treej		
來	RƏ MRƏK KRƏK	誺	誺	丑知	徹支開三平	trhie		
來	RƏ MRƏK KRƏK	誺	誺	丑利	徹脂開三去	trhih		
來	RƏ MRƏK KRƏK	誺	誺	丑吏	徹之開三去	trhyh		
來	RƏ MRƏK KRƏK	襋 棘 㻷 蕀	襋 棘 㻷 蕀	紀力	見職開三入	kyk	krək	·棘，本二「來」聲（可參：蘇建洲《從古文字材料談“棗”、“棘”的文字構形及其相關問題》），作「㯤」，後訛作「棘」。舊多將「棘」「棗」混談，不可。或說戰國文字材料中讀爲｛棘｝的「來」聲諸字，皆從「棘」之訛省，非。「棗」爲古老的整體表意字，與「棘」構造不同。
來	RƏ MRƏK KRƏK	㱇 嗇 𩍙 穡 薔 轖 繬 濇 䉢 嬙 𧒗 懎 𩕡 𠢳	㱇 嗇 𩍙 穡 薔 轖 繬 濇 䉢 嬙 𧒗 懎 𩕡 𠢳	所力	生職開三入	sryk	r̥ək	
來	RƏ MRƏK KRƏK	濇	濇	色立	生緝開三入	sryip		
來	RƏ MRƏK KRƏK	倈 𣮉	倈 𣮉	里之	來之開三平	ly	rə	
𠩺	RƏ	斄 犛	斄 犛	洛哀	來咍開一平	leoj	rˤə	
𠩺	RƏ	犛	犛	莫交	明肴二平	maew		
𠩺	RƏ	釐 氂 嫠 剺 犛 𣁟 孷 𢟤 斄 𠩬 𠭰	釐 氂 嫠 剺 犛 𣁟 孷 𢟤 斄 𠩬 𠭰	里之	來之開三平	ly	rə	
𠩺	RƏ	李	李	良士	來之開三上	lyq	rəʔ	
𠩺	RƏ	𢟤	𢟤	力置	來之開三去	lyh		
𠩺	RƏ	漦	漦	俟甾	俟之開三平	zry		
𠩺	RƏ	𠩺	𠩺	許其	曉之開三平	hy		·𠩺，《說文》：「𠩺，坼也。从攴从厂。厂之性坼，果孰有味亦坼。故謂之𠩺，从未聲。」段玉裁注：「各本故謂之𠩺、从未聲。衍四字。此說從未之意。非說形聲。未與𠩺不為聲也。」「未」非聲，然段說亦曲折不可信。古文字「𠩺」字自有聲首（可參：張崇禮《釋“⿰力攴”》、陳劍《試說甲骨文的“殺”字》），後或變形音化从「來」聲。
里	RƏ MRƏ	埋 薶 霾 㦟	埋 薶 霾 㦟	莫皆	明皆二平	meej	mrˤə	
里	RƏ MRƏ	悝	悝	苦回	溪灰合一平	khoj		
里	RƏ MRƏ	𧻲	𧻲	戸來	匣咍開一平	gheoj		
里	RƏ MRƏ	榸	榸	卓皆	知皆開二平	treej		
里	RƏ MRƏ	釐 貍 狸 梩 艃 𩭇 㾖	釐 貍 狸 梩 艃 𩭇 㾖	里之	來之開三平	ly	rə	
里	RƏ MRƏ	里 裏 鯉 悝 㾖 理 娌 俚 𨛋	里 裏 鯉 悝 㾖 理 娌 俚 𨛋	良士	來之開三上	lyq	rəʔ	
里	RƏ MRƏ	荲 㽚	荲 㽚	恥力	徹職開三入	trhyk		·㽚，當與「里」有諧聲關係。
啚	PRƏ	鄙 啚	鄙 啚	方美	幫脂三B上	pyiq	prəʔ	
力	RƏK	勒 肋 扐 仂 艻 朸 𤨕 玏 泐 㔹 阞 竻	勒 肋 扐 仂 艻 朸 𤨕 玏 泐 㔹 阞 竻	盧則	來德開一入	leok	rˤək	
力	RƏK	力 朸 屴 仂 鳨 𠢠 𣲒 𡯄 𧲡	力 朸 屴 仂 鳨 𠢠 𣲒 𡯄 𧲡	林直	來職開三入	lyk	rək	
夌	RƏŊ	棱 稜 輘 倰 祾	棱 稜 輘 倰 祾	魯登	來登開一平	leong	rˤəŋ	
夌	RƏŊ	踜 㱥	踜 㱥	魯鄧	來登開一去	leongh		
夌	RƏŊ	陵 淩 夌 綾 凌 𠗲 蔆 菱 䔖 㥄 鯪 崚 㱥 𡕮 𩜁 掕 祾 𣣋	陵 淩 夌 綾 凌 𠗲 蔆 菱 䔖 㥄 鯪 崚 㱥 𡕮 𩜁 掕 祾 𣣋	力膺	來蒸開三平	lyng	rəŋ	
夌	RƏŊ	庱 睖	庱 睖	丑升	徹蒸開三平	trhyng		
夌	RƏŊ	庱	庱	丑拯	徹蒸開三上	trhyngq		
夌	RƏŊ	𩜁	𩜁	黑甑	曉蒸開三去	hyngh		
夌	RƏŊ	𡕮	𡕮	紀力	見職開三入	kyk		
楞	—	楞	楞	魯登	來登開一平	leong		
仌	PRƏŊ	冫 冰	冫 冰	筆陵	幫蒸三平	pying	prəŋ	
仌	PRƏŊ	砯	砯	披冰	滂蒸三平	phying		
仌	PRƏŊ	馮 憑 㵗	馮 憑 㵗	扶冰	並蒸三平	bying	brəŋ	
仌	PRƏŊ	馮 𨝭	馮 𨝭	房戎	並東三平	bung	bləŋ	
凭	—	凭	凭	扶冰	並蒸三平	bying	brəŋ	
凭	—	凭	凭	皮證	並蒸三去	byingh	brəŋh	
門	MƏN RƏN	門 捫	門 捫	莫奔	明魂一平	mon	m(l)ˤən	
門	MƏN RƏN	悶	悶	莫困	明魂一去	monh	mˤənh	
門	MƏN RƏN	蔄	蔄	亡莧	明山二去	meenh		
門	MƏN RƏN	聞 闅 閩	聞 闅 閩	無分	明文三平	mun	mən	
門	MƏN RƏN	問 聞	問 聞	亡運	明文三去	munh	mənh	
門	MƏN RƏN	閩 闅	閩 闅	武巾	明真三B平	myin	mrən	
門	MƏN RƏN	闅	闅	彌鄰	明真三A平	min		
門	MƏN RƏN	𨳌	𨳌	直刃	澄真開三去	drinh		
門	MƏN RƏN	閵 藺 轥 䉮 𧖔 𤌎 躙	閵 藺 轥 䉮 𧖔 𤌎 躙	良刃	來真開三去	linh	rənh	
文	MƏN RƏN	燘	燘	呼罪	曉灰合一上	hojq		
文	MƏN RƏN	玟	玟	莫杯	明灰一平	moj		
文	MƏN RƏN	潣 燘	潣 燘	武罪	明灰一上	mojq		
文	MƏN RƏN	文 彣 紋 雯 馼 蚊 䘇 䰚 鳼 汶 鼤	文 彣 紋 雯 馼 蚊 䘇 䰚 鳼 汶 鼤	無分	明文三平	mun	m(l)ən	
文	MƏN RƏN	抆	抆	武粉	明文三上	munq	mənʔ	
文	MƏN RƏN	汶 紊 抆 鼤	汶 紊 抆 鼤	亡運	明文三去	munh	mənh	
文	MƏN RƏN	旻 旼 汶 忞 盿	旻 旼 汶 忞 盿	武巾	明真三B平	myin	mrən	
文	MƏN RƏN	憫 閔 潣 簢	憫 閔 潣 簢	眉殞	明真三B上	myinq	mrənʔ	
文	MƏN RƏN	吝 悋 麐 𧶆	吝 悋 麐 𧶆	良刃	來真開三去	linh	rənh	
粦	RƏN	鏻 獜	鏻 獜	郎丁	來青開四平	leng		
粦	RƏN	憐 𪍴	憐 𪍴	落賢	來先開四平	len		
粦	RƏN	𣁣 潾	𣁣 潾	力閑	來山開二平	leen		·𣁣，同「斕」。
粦	RƏN	㷠 燐 鄰 轔 嶙 粼 磷 疄 麟 麐 鱗 璘 翷 𧲂 瞵 獜 驎 壣 𩻜 鏻 繗 潾	㷠 燐 鄰 轔 嶙 粼 磷 疄 麟 麐 鱗 璘 翷 𧲂 瞵 獜 驎 壣 𩻜 鏻 繗 潾	力珍	來真開三平	lin	rən	
粦	RƏN	嶙 僯 𩕔 橉 撛	嶙 僯 𩕔 橉 撛	良忍	來真開三上	linq		
粦	RƏN	遴 磷 𥳞 粦 燐 轔 䗲 𩕔 𠄈 𦺸 瞵 橉 鏻 甐 疄 撛 粼	遴 磷 𥳞 粦 燐 轔 䗲 𩕔 𠄈 𦺸 瞵 橉 鏻 甐 疄 撛 粼	良刃	來真開三去	linh	rənh	
粦	RƏN	膦	膦	力展	來仙開三上	lienq		
戾	RƏT	戾 㑦 綟 唳 蜧 䓞 捩 悷	戾 㑦 綟 唳 蜧 䓞 捩 悷	郎計	來齊開四去	lejh	rˤəth	
戾	RƏT	戾 捩 綟 唳	戾 捩 綟 唳	練結	來屑開四入	let		
戾	RƏT	錑	錑	盧對	來灰合一去	lojh		
戾	RƏT	𠀽 𨁸 𥓎 㪐	𠀽 𨁸 𥓎 㪐	勒沒	來沒合一入	lot		·𠀽，《廣韻·沒韻》勒沒切：「𠀽，筩射。」《龍龕·犬部》：「𤜲、𭸋，二俗。⿰𪩲犬，正，勒𣳚反。丨(⿰𪩲犬)，篇射也。三。」《集韻·沒韻》勒没切：「𢻵、𢂤，勒没切。筩䠶之矢謂之𢻵，或作𢂤。」此字無書證，其字形聲義皆難考，《龍龕》收入《犬部》、以从「𠂔」者爲正，然「𠂔」與勒沒切不諧，顯非聲。勒沒切與「戾」聲頗合，其形似亦有關，姑置「戾」聲系。
戾	RƏT	淚	淚	力遂	來脂合三去	lwih		
盭	RƏT	盭	盭	郎計	來齊開四去	lejh	rˤəth	·盭，《說文》：「盭，弻戾也。从弦省，从盩。讀若戾。」其說非是。「盭」當由「盩」得聲，古音在以組幽部（見「盩」下），不當入中古郎計切。後世讀音也許是因“扭戾”義而後起，亦或別有字源，待考。
盭	RƏT	盭	盭	練結	來屑開四入	let		
臨	RƏM	覽 爁 擥 攬 欖	覽 爁 擥 攬 欖	盧敢	來談開一上	lamq	rˤamʔ	
臨	RƏM	纜	纜	盧感	來覃開一上	lomq		
臨	RƏM	㽉 㯺	㽉 㯺	胡懺	匣銜開二去	ghaemh	ɡrˤamh	
臨	RƏM	臨 瀶	臨 瀶	力尋	來侵開三平	lim	rəm	·臨，象一站立人形向下視水之景，「品」乃後加注的聲符。說見：謝明文《說“臨”》。
臨	RƏM	臨 𠐼	臨 𠐼	良鴆	來侵開三去	limh	rəmh	
㐭	RƏM PRƏM	燣	燣	盧含	來覃開一平	lom		
㐭	RƏM PRƏM	壈 燣 𨎹 顲	壈 燣 𨎹 顲	盧感	來覃開一上	lomq		
㐭	RƏM PRƏM	顲 𤃨	顲 𤃨	郎紺	來覃開一去	lomh		
㐭	RƏM PRƏM	廩 㐭 懍 凜 顲 𤎭 癛	廩 㐭 懍 凜 顲 𤎭 癛	力稔	來侵開三上	limq	rəmʔ	·𤎭，《說文》：「𤎭，㑴火也。从炎、㐭聲。讀若桑葚之葚。」
㐭	RƏM PRƏM	稟	稟	筆錦	幫侵三B上	pyimq	prəmʔ	
㐭	RƏM PRƏM	𨟏	𨟏	餘針	以侵開三平	jim		
㐭	RƏM PRƏM	凜	凜	巨金	羣侵開三B平	gyim		
林	RƏM KRƏM	婪 惏 啉	婪 惏 啉	盧含	來覃開一平	lom	rˤəm	
林	RƏM KRƏM	浨 醂 𠓭 漤	浨 醂 𠓭 漤	盧感	來覃開一上	lomq		
林	RƏM KRƏM	林 琳 淋 痳 箖 霖	林 琳 淋 痳 箖 霖	力尋	來侵開三平	lim	rəm	
林	RƏM KRƏM	菻	菻	力稔	來侵開三上	limq		
林	RƏM KRƏM	綝 郴	綝 郴	丑林	徹侵開三平	trhim		
林	RƏM KRƏM	襟 禁 㦗	襟 禁 㦗	居吟	見侵開三B平	kyim	krəm	
林	RƏM KRƏM	禁 僸 㯲	禁 僸 㯲	居蔭	見侵開三B去	kyimh	krəmh	
林	RƏM KRƏM	㩒 澿	㩒 澿	巨金	羣侵開三B平	gyim		
林	RƏM KRƏM	噤 䫴 凚	噤 䫴 凚	渠飲	羣侵開三B上	gyimq	ɡrəmʔ	
林	RƏM KRƏM	噤 凚 齽	噤 凚 齽	巨禁	羣侵開三B去	gyimh	ɡrəmh	
林	RƏM KRƏM	䫴	䫴	于禁	云侵開三B去	yimh		
林	RƏM KRƏM	僸	僸	牛錦	疑侵開三B上	ngyimq		
林	RƏM KRƏM	虨	虨	普巾	滂真三B平	phyin		
林	RƏM KRƏM	罧	罧	所禁	生侵開三去	sryimh		
林	RƏM KRƏM	罧	罧	斯甚	心侵開三上	simq		
立	RƏP KRƏP LƏK	拉 菈 㕇	拉 菈 㕇	盧合	來合開一入	lop		
立	RƏP KRƏP LƏK	䶘	䶘	盧盍	來盍開一入	lap		
立	RƏP KRƏP LƏK	涖	涖	郎計	來齊開四去	lejh		
立	RƏP KRƏP LƏK	颯	颯	蘇合	心合開一入	sop		
立	RƏP KRƏP LƏK	雴	雴	丑入	徹緝開三入	trhip		
立	RƏP KRƏP LƏK	立 䶘 粒 笠 鴗 苙 䇐 岦 砬	立 䶘 粒 笠 鴗 苙 䇐 岦 砬	力入	來緝開三入	lip	rəp	
立	RƏP KRƏP LƏK	莅 涖	莅 涖	力至	來脂開三去	lih	rəph	
立	RƏP KRƏP LƏK	翊 翌 𥡪 蛡	翊 翌 𥡪 蛡	與職	以職開三入	jyk	lək	
立	RƏP KRƏP LƏK	煜	煜	爲立	云緝開三B入	yip		
立	RƏP KRƏP LƏK	位	位	于愧	云脂合三B去	uih	wrəph	
立	RƏP KRƏP LƏK	泣 湆	泣 湆	去急	溪緝開三B入	khyip	kʰrəp	
立	RƏP KRƏP LƏK	𦶍 苙	𦶍 苙	其立	羣緝開三B入	gyip		
立	RƏP KRƏP LƏK	㱞	㱞	魚及	疑緝開三B入	ngyip		
隶	LƏP	㥆	㥆	他内	透灰合一去	thojh		
隶	LƏP	逮 埭 𡍖 靆	逮 埭 𡍖 靆	徒耐	定咍開一去	deojh	lˤəph	
隶	LƏP	曃	曃	他代	透咍開一去	theojh		
隶	LƏP	㥆 䠈	㥆 䠈	他骨	透沒合一入	thot		
隶	LƏP	棣 逮	棣 逮	特計	定齊開四去	dejh	lˤəph	
隶	LƏP	齂	齂	許介	曉皆開二去	heejh		
隶	LƏP	齂	齂	莫八	明黠二入	meet		
隶	LƏP	齂	齂	虚器	曉脂開三B去	hyih		
隶	LƏP	殔 隶	殔 隶	羊至	以脂開三去	jih		
隶	LƏP	𧳙	𧳙	渠記	羣之開三去	gyh		
𬔖²	LƏ	辭 辤 辝	辭 辤 辝	似兹	邪之開三平	zy	slə	·辭、辤、辝，其右旁之「辛」爲聲符「𬔖」之流變，見「辥」下。
司	LƏ	𪗪 呞	𪗪 呞	書之	書之開三平	sjy		
司	LƏ	司 伺 覗 𥄶	司 伺 覗 𥄶	息兹	心之開三平	sy	ɬə	
司	LƏ	笥 伺 覗	笥 伺 覗	相吏	心之開三去	syh	ɬəh	
司	LƏ	詞 祠 柌 𥿆	詞 祠 柌 𥿆	似兹	邪之開三平	zy	slə	
司	LƏ	嗣 孠 飼	嗣 孠 飼	祥吏	邪之開三去	zyh	sləh	
司	LƏ	𥿆	𥿆	疾資	從脂開三平	dzi		·𥿆，補也，原本《玉篇》齊咨反；《名義》齊洛反；《玉篇》才咨切；《新撰字鏡》齊次反；《廣雅音註》音辭；《王三》疾脂反；《裴韻》疾脂反；《廣韻》疾資、似兹二切。
司	LƏ	𧉠	𧉠	七吏	清之開三去	tshyh		·𧉠，又作「螆」。
以	LƏ	胎 孡 鮐 台 邰 𧉟 𩬠	胎 孡 鮐 台 邰 𧉟 𩬠	土來	透咍開一平	theoj	l̥ˤə	
以	LƏ	咍 㾂	咍 㾂	呼來	曉咍開一平	heoj	hlˤə	
以	LƏ	菭 苔 炱 䈚 駘 跆 𩿡	菭 苔 炱 䈚 駘 跆 𩿡	徒哀	定咍開一平	deoj	lˤə	
以	LƏ	駘 殆 怠 迨 𨽿 紿 䈚 詒 軩 𠷂	駘 殆 怠 迨 𨽿 紿 䈚 詒 軩 𠷂	徒亥	定咍開一上	deojq	lˤəʔ	
以	LƏ	佁	佁	夷在	以廢開三上	jyojq		
以	LƏ	齝	齝	書之	書之開三平	sjy	l̥ə	
以	LƏ	始	始	詩止	書之開三上	sjyq	l̥əʔ	
以	LƏ	𧠜	𧠜	式支	書支開三平	sjie		
以	LƏ	齝 笞	齝 笞	丑之	徹之開三平	trhy	l̥rə	
以	LƏ	眙 佁	眙 佁	丑吏	徹之開三去	trhyh	l̥rəh	
以	LƏ	飴 䬮 怡 貽 詒 台 眙 瓵	飴 䬮 怡 貽 詒 台 眙 瓵	與之	以之開三平	jy	lə	
以	LƏ	以 㠯 苡 苢 佁	以 㠯 苡 苢 佁	羊己	以之開三上	jyq	ləʔ	·㠯，「以」之省形分化字。古文字「以」本象人攜物之形，後省去人形產生了「㠯」。可見：李亞農《殷契雜釋》之《“以”字的補釋》、金祥恆《釋“㠯”》、裘錫圭《甲骨文中所見的商代農業》等。
以	LƏ	珆	珆	以脂	以脂開三平	ji		
以	LƏ	治	治	直之	澄之開三平	dry	lrə	
以	LƏ	治	治	直吏	澄之開三去	dryh	lrəh	
以	LƏ	菭	菭	直尼	澄脂開三平	dri		
以	LƏ	治	治	直利	澄脂開三去	drih		
以	LƏ	枲 䈚	枲 䈚	胥里	心之開三上	syq		
以	LƏ	似 佀 𥘰 姒 耜 泤 鈶	似 佀 𥘰 姒 耜 泤 鈶	詳里	邪之開三上	zyq	sləʔ	
𦣞	LƏ	弬 媐 㼢 𣐵 洍 𦣞 𩠢 頤 㺿 宧 𦚟 䱌 姬	弬 媐 㼢 𣐵 洍 𦣞 𩠢 頤 㺿 宧 𦚟 䱌 姬	與之	以之開三平	jy	lə	
𦣞	LƏ	熙 媐	熙 媐	許其	曉之開三平	hy	hlə	
𦣞	LƏ	㺇	㺇	息兹	心之開三平	sy	ɬə	
𦣞	LƏ	洍	洍	詳里	邪之開三上	zyq	sləʔ	
𦣞	LƏ	姬 䇫	姬 䇫	居之	見之開三平	ky	kɫə	
𦣞	LƏ	茝	茝	諸市	章之開三上	tjyq		
𦣞	LƏ	茝	茝	昌紿	昌廢開三上	tjhyojq		·茝，《廣韻》：「茝，香草也。昌紿切。一。」此昌紿切爲昌母一等字，於韻例不合。
巳	LƏ	𦚪	𦚪	與改	以廢開三上	jyojq		
巳	LƏ	𨸜 <㱼>	𨸜 㱼	呼來	曉咍開一平	heoj		·𨸜，周祖謨以爲「㱾𨸜」乃「欬㰝」之訛字；龍宇純非之，而謂「𨸜」實爲「㱼」之誤。龍說可從。
巳	LƏ	改	改	古亥	見咍開一上	keojq	kɫˤəʔ	
巳	LƏ	媐 异 圯 巸	媐 异 圯 巸	與之	以之開三平	jy	lə	
巳	LƏ	已 攺	已 攺	羊己	以之開三上	jyq	ləʔ	
巳	LƏ	异 已	异 已	羊吏	以之開三去	jyh	ləh	
巳	LƏ	祀 巳 𦓨 汜 攺 𪊍	祀 巳 𦓨 汜 攺 𪊍	詳里	邪之開三上	zyq	sləʔ	
巳	LƏ	𩜮	𩜮	昌志	昌之開三去	tjhyh		·𩜮，又作「饎」。
巳	LƏ	𢨪 戺	𢨪 戺	鉏里	崇之開三上	dzryq		
喜	KLƏ	僖 歖 嬉 禧 譆 瞦 熹 嘻	僖 歖 嬉 禧 譆 瞦 熹 嘻	許其	曉之開三平	hy	hlə	
喜	KLƏ	喜 憙 蟢	喜 憙 蟢	虚里	曉之開三上	hyq	hləʔ	
喜	KLƏ	憙 嬉	憙 嬉	許記	曉之開三去	hyh	hləh	
喜	KLƏ	䵱	䵱	許極	曉職開三入	hyk	hlək	
喜	KLƏ	饎 糦	饎 糦	昌志	昌之開三去	tjhyh	kʰləh	
蠅	LƏŊ	蠅	蠅	余陵	以蒸開三平	jyng	ləŋ	·蠅，《說文》：「蠅，營營青蠅。蟲之大腹者。从黽从虫。」段玉裁注：「虫猶蟲也。此蟲大腹。故其字从黽虫會意。謂腹大如黽之蟲也。」以「虫」「黽」會意不可信。來源待考。
蠅	LƏŊ	䵴 鱦	䵴 鱦	以證	以蒸開三去	jyngh	ləŋh	
蠅	LƏŊ	繩 譝 憴 鱦 澠	繩 譝 憴 鱦 澠	食陵	船蒸開三平	zjyng	mləŋ	·澠，水名，與“澠池”之「澠」同形。
蠅	LƏŊ	鱦 𣎜	鱦 𣎜	實證	船蒸開三去	zjyngh	mləŋh	
朕	LƏŊ LƏM	騰 滕 縢 幐 螣 藤 謄 𧈜 儯 𤻴 鰧 𥉋	騰 滕 縢 幐 螣 藤 謄 𧈜 儯 𤻴 鰧 𥉋	徒登	定登開一平	deong	lˤəŋ	
朕	LƏŊ LƏM	幐	幐	徒亘	定登開一去	deongh	lˤəŋh	
朕	LƏŊ LƏM	黱	黱	徒耐	定咍開一去	deojh	lˤəh	
朕	LƏŊ LƏM	螣	螣	徒得	定德開一入	deok		
朕	LƏŊ LƏM	𩦶 𪒿	𩦶 𪒿	徒紅	定東一平	doung		
朕	LƏŊ LƏM	𩦶	𩦶	徒冬	定冬一平	dong		
朕	LƏŊ LƏM	勝	勝	識蒸	書蒸開三平	sjyng	l̥əŋ	
朕	LƏŊ LƏM	勝 膡 蕂 榺	勝 膡 蕂 榺	詩證	書蒸開三去	sjyngh	l̥əŋh	
朕	LƏŊ LƏM	賸 媵 㑞 膡	賸 媵 㑞 膡	以證	以蒸開三去	jyngh	ləŋh	
朕	LƏŊ LƏM	朕 𦩎 鰧 螣 栚	朕 𦩎 鰧 螣 栚	直稔	澄侵開三上	drimq	lrəmʔ	
朕	LƏŊ LƏM	眹	眹	直引	澄真開三上	drinq		
朕	LƏŊ LƏM	塍	塍	食陵	船蒸開三平	zjyng	mləŋ	
朕	LƏŊ LƏM	媵 賸	媵 賸	實證	船蒸開三去	zjyngh	mləŋh	
乘	LƏŊ	乘 椉 𠅞 溗 塖 騬	乘 椉 𠅞 溗 塖 騬	食陵	船蒸開三平	zjyng	mləŋ	
乘	LƏŊ	乘 嵊 剩	乘 嵊 剩	實證	船蒸開三去	zjyngh	mləŋh	
興	LƏŊ	興 嬹 𨞾	興 嬹 𨞾	虚陵	曉蒸開三平	hyng	hləŋ	
興	LƏŊ	興 臖 嬹	興 臖 嬹	許應	曉蒸開三去	hyngh	hləŋh	
孕	LƏŊ	孕	孕	以證	以蒸開三去	jyngh	ləŋh	
敕	LƏK	敕 勅 鷘 慗 遫	敕 勅 鷘 慗 遫	恥力	徹職開三入	trhyk	l̥rək	·敕，《說文》：「敕，誡也。臿地曰敕。从攴、束聲。」段玉裁《注》：「攴而收束之。二義皆於此會意。非束聲也。」朱駿聲《通訓定聲》、苗夔《聲訂》亦皆謂「束非聲」，是也。何琳儀《戰國古文字典》謂「敕」从「束」从「攴」、「束」亦聲，會“整飭”之意；所謂亦聲不可信。東周「敕」字从「柬」，如春秋晚期秦公簋：「邁民是㪝。」張世超等謂其「柬」乃「熏」之省形、乃以「柬(熏)」爲聲（說見：《金文形義通解》），不可信。西周金文中有字从「言」从「束」（或加點作「柬」），讀爲｛敕｝。其例如：大盂鼎：「敏誎(敕)罰訟。」大克鼎：「諫(敕)辥(乂)王家。」張富海以爲其字从「言」从「束」會以言語約束之意、本義與“告誡”有關，與从「束」从「攴」、以“整飭”爲本義的「敕」在構形本義上有別（說見：張富海《“敕”字補說》）。也許古文字「束」（或作「柬」）本身就另有個以組職部LƏK的讀音。
異	LƏK	廙 翼 𩙺 𧃟 潩 㔴 𧾰 𨙒 瀷 𠥦 熼 𤼌 𧑌 𦔜	廙 翼 𩙺 𧃟 潩 㔴 𧾰 𨙒 瀷 𠥦 熼 𤼌 𧑌 𦔜	與職	以職開三入	jyk	lək	
異	LƏK	異 潩 䔬 廙	異 潩 䔬 廙	羊吏	以之開三去	jyh	ləkh	
異	LƏK	𩛛	𩛛	與之	以之開三平	jy	lə	
異	LƏK	趩	趩	恥力	徹職開三入	trhyk	l̥rək	
異	LƏK	𦱓 𠪙	𦱓 𠪙	胥里	心之開三上	syq		·𦱓，或訛作「萆」。
異	LƏK	禩	禩	詳里	邪之開三上	zyq	sləʔ	
異	LƏK	瀷 𦔫	瀷 𦔫	昌力	昌職開三入	tjhyk		
弋	LƏK	忒 貣	忒 貣	他德	透德開一入	theok	l̥ˤək	
弋	LƏK	貸	貸	他代	透咍開一去	theojh	l̥ˤəkh	
弋	LƏK	貣 𧈩 𧎢 鴏	貣 𧈩 𧎢 鴏	徒得	定德開一入	deok	lˤək	
弋	LƏK	代 岱 黛 帒 袋 𤮼 酨 <𨟲>	代 岱 黛 帒 袋 𤮼 酨 𨟲	徒耐	定咍開一去	deojh	lˤə(k)h	·酨，「𨟲」之訛字，與「𢦔」聲之「酨」爲同形字。
弋	LƏK	式 拭 𢂑 軾 𥿮 鉽 烒	式 拭 𢂑 軾 𥿮 鉽 烒	賞職	書職開三入	sjyk	l̥ək	
弋	LƏK	試 弑	試 弑	式吏	書之開三去	sjyh		·試，一般以爲普通「式」聲字。然秦文字「試」內或作「大」而非「工」，這類「試」應該來源於秦文字从「大」、「戠」聲者的嬗變（說見：徐寶貴：《石鼓文整理研究》）。也許｛試｝與｛弑｝都是上古T-類詞而非L-，古音爲*strəkh；秦漢材料多見以「識」爲｛試｝、以「試」爲｛識｝者，亦其證。待考。
弋	LƏK	栻 侙 𪀦 恜	栻 侙 𪀦 恜	恥力	徹職開三入	trhyk	l̥rək	
弋	LƏK	弋 黓 𦏵 䴬 隿 㚤 杙 芅 𤬩 𢖺 𢎀 釴 䄩 𢓀 䘝 䣧	弋 黓 𦏵 䴬 隿 㚤 杙 芅 𤬩 𢖺 𢎀 釴 䄩 𢓀 䘝 䣧	與職	以職開三入	jyk	lək	
食	LƏK	飾	飾	賞職	書職開三入	sjyk	l̥ək	
食	LƏK	飭	飭	恥力	徹職開三入	trhyk	l̥rək	
食	LƏK	食	食	羊吏	以之開三去	jyh	ləkh	
食	LƏK	飤	飤	祥吏	邪之開三去	zyh	sləkh	
食	LƏK	食 蝕	食 蝕	乗力	船職開三入	zjyk	mlək	
食	LƏK	𩛌	𩛌	鉏吏	崇之開三去	dzryh		
闖	LƏM	㶒	㶒	他紺	透覃開一去	thomh		
闖	LƏM	㶒	㶒	賞敢	書談開一上	**		
闖	LƏM	闖	闖	丑禁	徹侵開三去	trhimh	l̥rəmh	
㸒	LƏM	淫 霪 婬 𥮍 㸒	淫 霪 婬 𥮍 㸒	餘針	以侵開三平	jim	ləm	
㸒	LƏM	𦁍	𦁍	息林	心侵開三平	sim		
䑣	LƏM	䑣 𧡬	䑣 𧡬	丑林	徹侵開三平	trhim	l̥rəm	
䑣	LƏM	𧡬	𧡬	丑禁	徹侵開三去	trhimh		
審	LƏM	宷 審 㰂 𧀯	宷 審 㰂 𧀯	式任	書侵開三上	sjimq	l̥əmʔ	
審	LƏM	瀋	瀋	昌枕	昌侵開三上	tjhimq		
罙	LƏM	探	探	他含	透覃開一平	thom	l̥ˤəm	
罙	LƏM	深 𦸂	深 𦸂	式針	書侵開三平	sjim	l̥əm	
罙	LƏM	深 𢊖	深 𢊖	式禁	書侵開三去	sjimh	l̥əmh	
罙	LƏM	琛 賝	琛 賝	丑林	徹侵開三平	trhim		
罙	LƏM	𥥍 穼	𥥍 穼	所今	生侵開三平	sryim		
罙	LƏM	棎	棎	視占	常鹽開三平	djiem		
尋	LƏM	襑	襑	他感	透覃開一上	thomq	l̥ˤəmʔ	
尋	LƏM	𧂇 蕁	𧂇 蕁	徒含	定覃開一平	dom	lˤəm	
尋	LƏM	撏	撏	昨含	從覃開一平	dzom		
尋	LƏM	尋 𢒫 潯 樳 鄩 𨼔 𣎟 襑 撏 𦅀	尋 𢒫 潯 樳 鄩 𨼔 𣎟 襑 撏 𦅀	徐林	邪侵開三平	zim	sləm	
尋	LƏM	燖	燖	徐鹽	邪鹽開三平	ziem		
尋	LƏM	撏	撏	視占	常鹽開三平	djiem		
㐁	LƏM	㐁	㐁	他紺	透覃開一去	thomh	l̥ˤəmh	
㐁	LƏM	㐁	㐁	他念	透添開四去	themh		
㐁	LƏM	𦭮	𦭮	直例	澄祭開三去	driejh	lraph	·𦭮，《說文》：「𦭮，以艸補缺。从艸、㐁聲。讀若陸。或以爲綴。一曰約空也。」
覃	LƏM LIM	撢	撢	他含	透覃開一平	thom		
覃	LƏM LIM	撢 䐺 憛	撢 䐺 憛	他紺	透覃開一去	thomh		
覃	LƏM LIM	覃 𨝸 潭 藫 橝 蟫 譚 𧽼 燂 鐔 𦗡 𩡝 䊤 㽑	覃 𨝸 潭 藫 橝 蟫 譚 𧽼 燂 鐔 𦗡 𩡝 䊤 㽑	徒含	定覃開一平	dom	lˤəm	
覃	LƏM LIM	禫 䊤 醰 嘾 贉 譚	禫 䊤 醰 嘾 贉 譚	徒感	定覃開一上	domq	lˤəmʔ	
覃	LƏM LIM	醰 贉 𤁡 瞫	醰 贉 𤁡 瞫	徒紺	定覃開一去	domh		
覃	LƏM LIM	簟 驔 㶘 橝	簟 驔 㶘 橝	徒玷	定添開四上	demq	lˤimʔ	
覃	LƏM LIM	磹	磹	徒念	定添開四去	demh		
覃	LƏM LIM	㜤	㜤	乃玷	泥添開四上	nemq		
覃	LƏM LIM	瞫 㜤	瞫 㜤	式任	書侵開三上	sjimq	l̥əmʔ	
覃	LƏM LIM	蟫 鷣 撢 鐔 鱏	蟫 鷣 撢 鐔 鱏	餘針	以侵開三平	jim	ləm	
覃	LƏM LIM	潭	潭	以荏	以侵開三上	jimq		
覃	LƏM LIM	鐔 鱏	鐔 鱏	徐林	邪侵開三平	zim		
覃	LƏM LIM	燂	燂	昨鹽	從鹽開三平	dziem		
覃	LƏM LIM	蕈	蕈	慈荏	從侵開三上	dzimq		
貪	LƏM	貪	貪	他含	透覃開一平	thom	l̥ˤəm	·貪，訓讀字，見改讀字表。
貪	LƏM	嗿	嗿	他感	透覃開一上	thomq		
貪	LƏM	僋	僋	他紺	透覃開一去	thomh		
貪	LƏM	僋	僋	郎紺	來覃開一去	lomh		
曇	—	曇 壜	曇 壜	徒含	定覃開一平	dom		
及	LƏP KRƏP	趿 靸 𩎕 馺 㚫 𣬬 鈒	趿 靸 𩎕 馺 㚫 𣬬 鈒	蘇合	心合開一入	sop	ɬˤəp	
及	LƏP KRƏP	靸	靸	私盍	心盍開一入	sap	ɬˤap	
及	LƏP KRƏP	扱 笈 𤜯	扱 笈 𤜯	楚洽	初洽開二入	tsrheep		
及	LƏP KRƏP	㽺	㽺	呼合	曉合開一入	hop		
及	LƏP KRƏP	㽺	㽺	呼盍	曉盍開一入	hap		
及	LƏP KRƏP	砐 䑥 魥	砐 䑥 魥	五合	疑合開一入	ngop		
及	LƏP KRƏP	急 汲 伋 級 芨 𦳌 㽺 彶	急 汲 伋 級 芨 𦳌 㽺 彶	居立	見緝開三B入	kyip	krəp	
及	LƏP KRƏP	衱	衱	居怯	見業開三入	kyop		
及	LƏP KRƏP	魥	魥	去劫	溪業開三入	khyop		
及	LƏP KRƏP	及 𨕤 䲯 笈 㧀	及 𨕤 䲯 笈 㧀	其立	羣緝開三B入	gyip	ɡrəp	·𨕤，戰國東方文字「﨤」之訛變形體。
及	LƏP KRƏP	衱 极 笈	衱 极 笈	其輒	羣葉開三B入	gyep	ɡrap	
及	LƏP KRƏP	昅 极 笈	昅 极 笈	巨業	羣業開三入	gyop		
及	LƏP KRƏP	吸	吸	許及	曉緝開三B入	hyip	hrəp	
及	LƏP KRƏP	岌	岌	魚及	疑緝開三B入	ngyip	ŋrəp	
及	LƏP KRƏP	鈒 雭	鈒 雭	色立	生緝開三入	sryip	r̥əp	
及	LƏP KRƏP	𩎕	𩎕	先立	心緝開三入	sip		
龖	LƏP	龖	龖	徒合	定合開一入	dop		
龖	LƏP	襲	襲	似入	邪緝開三入	zip	sləp	
龖	LƏP	讋	讋	之涉	章葉開三入	tjiep		
眔	LƏP	嚃	嚃	他合	透合開一入	thop		
眔	LƏP	遝 𣝋 䜚 𦾽 眔	遝 𣝋 䜚 𦾽 眔	徒合	定合開一入	dop	lˤəp	
眔	LƏP	䳴 𦑲	䳴 𦑲	徒盍	定盍開一入	dap		
眔	LƏP	𣯉	𣯉	徒協	定怗開四入	dep		
眔	LƏP	洎	洎	几利	見脂開三B去	kyih	krəph	·洎，爲「眔」之變體，又作「臮」。參考：郭沫若《臣辰盉銘考釋》、陳斯鵬《“眔”爲“泣”之初文說》。
眔	LƏP	臮 洎 垍 𣽍	臮 洎 垍 𣽍	其冀	羣脂開三B去	gyih	ɡrəph	·臮、洎，「眔」之變體。見几利切之「洎」。·垍，「臮」或「洎」省聲。
沓	LƏP	錔 䓠 㛥 踏 𢃕 鞜 𦑇 㹺 𦧟 䵬 𨌭 㭼 䍝 濌 𪂌 䈋	錔 䓠 㛥 踏 𢃕 鞜 𦑇 㹺 𦧟 䵬 𨌭 㭼 䍝 濌 𪂌 䈋	他合	透合開一入	thop	l̥ˤəp	
沓	LƏP	沓 誻 㧺 㭼 涾 𩣯 𠉤 䂿 𧌏	沓 誻 㧺 㭼 涾 𩣯 𠉤 䂿 𧌏	徒合	定合開一入	dop	lˤəp	
沓	LƏP	䓠	䓠	都搕	端盍開一入	tap		
溼	LƏP	漯 <濕> 濕	漯 濕 濕	他合	透合開一入	thop	l̥ˤəp	·漯，「濕」之訛字。
溼	LƏP	䜙	䜙	五含	疑覃開一平	ngom		
溼	LƏP	儑	儑	五紺	疑覃開一去	ngomh		
溼	LƏP	𣊡 儑 𡀾 礘	𣊡 儑 𡀾 礘	五合	疑合開一入	ngop		
溼	LƏP	儑	儑	五盍	疑盍開一入	ngap		
溼	LƏP	溼 濕 䏉	溼 濕 䏉	失入	書緝開三入	sjip	l̥əp	
溼	LƏP	㙷	㙷	直立	澄緝開三入	drip		
溼	LƏP	㙷	㙷	直葉	澄葉開三入	driep		
溼	LƏP	隰	隰	似入	邪緝開三入	zip	sləp	
溼	LƏP	㬤	㬤	去急	溪緝開三B入	khyip		
曡	LƏP	𨈈 氎 曡 疊 𨐁 䴑 㩹	𨈈 氎 曡 疊 𨐁 䴑 㩹	徒協	定怗開四入	dep	lˤəp	·曡，《說文》：「曡，楊雄說：以爲古理官決罪，三日得其宜乃行之。从晶从宜。亡新以爲曡从三日太盛，改爲三田。」其說曲折。古文字材料中有字象刀向俎版之形，可隸作「刞」、「𫦄」、「𫦆」，以之爲聲的「𫦡」省變而有「曡」字（見：陳劍《甲骨金文舊釋“䵼”之字及相關諸字新釋》）。
習	LƏP LAP	榻 毾 鰨 𦶑 傝 𦧭 𧪦 𦐇 遢 𩥑	榻 毾 鰨 𦶑 傝 𦧭 𧪦 𦐇 遢 𩥑	吐盍	透盍開一入	thap	l̥ˤap	·𦐇，《說文》：「𦐇，飛盛皃。从羽从冃。」其說可疑。也許「𦐇」與「習」有諧聲上的關係。
習	LƏP LAP	傝	傝	他紺	透覃開一去	thomh		
習	LƏP LAP	慴 褶 𤗨	慴 褶 𤗨	徒協	定怗開四入	dep	lˤəp	
習	LƏP LAP	蹋 躢 闒 𤒻 𧮑 䈳	蹋 躢 闒 𤒻 𧮑 䈳	徒盍	定盍開一入	dap	lˤap	
習	LƏP LAP	搨 𠞈 𩝣 䪚	搨 𠞈 𩝣 䪚	都搕	端盍開一入	tap		
習	LƏP LAP	摺 𦒆 磖 𣤊 𤛊	摺 𦒆 磖 𣤊 𤛊	盧合	來合開一入	lop	rˤəp	
習	LƏP LAP	熠	熠	羊入	以緝開三入	jip	ləp	
習	LƏP LAP	熠 騽	熠 騽	爲立	云緝開三B入	yip		
習	LƏP LAP	䐲	䐲	直立	澄緝開三入	drip		
習	LƏP LAP	霫 㗩	霫 㗩	先立	心緝開三入	sip	ɬəp	
習	LƏP LAP	習 鰼 騽 飁 槢 𪄶 𦸚 𥱵 䒁 褶 霫	習 鰼 騽 飁 槢 𪄶 𦸚 𥱵 䒁 褶 霫	似入	邪緝開三入	zip	sləp	
習	LƏP LAP	謵	謵	叱涉	昌葉開三入	tjhiep		
習	LƏP LAP	慴 摺	慴 摺	之涉	章葉開三入	tjiep		
習	LƏP LAP	褶	褶	是執	常緝開三入	djip		
習	LƏP LAP	䌌	䌌	七接	清葉開三入	tshiep		
譶	LƏP	誩	誩	他紺	透覃開一去	thomh		
譶	LƏP	譶	譶	徒合	定合開一入	dop	lˤəp	
譶	LƏP	霅	霅	蘇合	心合開一入	sop		
譶	LƏP	霅	霅	胡甲	匣狎開二入	ghaep	ɡrˤəp	
譶	LƏP	霅 𤁳	霅 𤁳	丈甲	澄狎開二入	draep		·霅，《說文》：「霅，霅霅，震電皃。一曰眾言也。从雨、譶省聲。」
譶	LƏP	譶	譶	直立	澄緝開三入	drip	lrəp	
譶	LƏP	霅 䜆	霅 䜆	之涉	章葉開三入	tjiep		
魯	RA	魯 櫓 𧀦 䲐	魯 櫓 𧀦 䲐	郎古	來模一上	loq	rˤaʔ	
魯	RA	穭	穭	力舉	來魚開三上	lyoq		
鹵	RA	滷 𢲸 樐 蓾 鹵 㔪 鏀	滷 𢲸 樐 蓾 鹵 㔪 鏀	郎古	來模一上	loq	rˤaʔ	
鹵	RA	滷	滷	徒歷	定錫開四入	dek		
鹵	RA	滷 𠧚 𠧵	滷 𠧚 𠧵	昌石	昌昔開三入	tjhiaek		
旅	RA	玈	玈	落胡	來模一平	lo		
旅	RA	䮉	䮉	力居	來魚開三平	lyo		
旅	RA	膂 旅 𥰠 祣 㭚	膂 旅 𥰠 祣 㭚	力舉	來魚開三上	lyoq	raʔ	
旅	RA	𩥆	𩥆	良倨	來魚開三去	lyoh		
呂	RA LA KRA	舒 𦺗 紓	舒 𦺗 紓	傷魚	書魚開三平	sjyo	l̥a	
呂	RA LA KRA	閭 櫚 䕡 𤁵 𥶆 𢣻	閭 櫚 䕡 𤁵 𥶆 𢣻	力居	來魚開三平	lyo	ra	
呂	RA LA KRA	呂 梠 侶 郘 絽 𢈚	呂 梠 侶 郘 絽 𢈚	力舉	來魚開三上	lyoq	raʔ	
呂	RA LA KRA	𦊼	𦊼	良倨	來魚開三去	lyoh		
呂	RA LA KRA	野 𡐨	野 𡐨	羊者	以麻開三上	jiaeq	laʔ	
呂	RA LA KRA	𤰩 妤 伃 予	𤰩 妤 伃 予	以諸	以魚開三平	jyo		
呂	RA LA KRA	予	予	余吕	以魚開三上	jyoq	laʔ	·予，「予」「呂」一字之分化。
呂	RA LA KRA	豫 預 蕷 𡱣 忬 澦	豫 預 蕷 𡱣 忬 澦	羊洳	以魚開三去	jyoh	lah	
呂	RA LA KRA	芧	芧	直吕	澄魚開三上	dryoq		
呂	RA LA KRA	序 抒 𡱣	序 抒 𡱣	徐吕	邪魚開三上	zyoq	slaʔ	
呂	RA LA KRA	𡲁 <𡱣>	𡲁 𡱣	徐預	邪魚開三去	zyoh		
呂	RA LA KRA	紓 抒 杼	紓 抒 杼	神與	船魚開三上	zjyoq		
呂	RA LA KRA	野 墅	野 墅	承與	常魚開三上	djyoq		
呂	RA LA KRA	莒 筥	莒 筥	居許	見魚開三上	kyoq	kraʔ	
虍	RA PRA KLA	乎 𠂞 虖	乎 𠂞 虖	戸吳	匣模一平	gho	ɡ(ɫ)ˤa	·乎，「虖」之省形分化字。舊多誤釋甲骨文「平」爲「乎」，說見：王森《甲骨文、金文所謂“乎”字當釋爲“平”》。·虖，甲金文从「兮」、「虍」聲。
虍	RA PRA KLA	𨛸	𨛸	侯古	匣模一上	ghoq		
虍	RA PRA KLA	嫭	嫭	胡誤	匣模一去	ghoh		
虍	RA PRA KLA	罅 唬 𧫒 <諕> 㙤	罅 唬 𧫒 諕 㙤	呼訝	曉麻開二去	haeh		·𧫒，「諕」之訛字，欺騙。《玉篇》：「諕，火訝切，誑也。𧬵，同諕。」
虍	RA PRA KLA	呼 嘑 虖 𧦝 歑 戲 謼 軤 虍 苸 雐 䰧 滹	呼 嘑 虖 𧦝 歑 戲 謼 軤 虍 苸 雐 䰧 滹	荒烏	曉模一平	ho	h(ɫ)ˤa	
虍	RA PRA KLA	虎 琥 𨛵 萀 䗂	虎 琥 𨛵 萀 䗂	呼古	曉模一上	hoq	h(ɫ)ˤaʔ	
虍	RA PRA KLA	謼	謼	荒故	曉模一去	hoh		
虍	RA PRA KLA	盧 鑪 壚 籚 蘆 顱 髗 鱸 攎 櫨 轤 黸 獹 鸕 艫 纑 瀘 瓐 爐 𢐸 㢚 𤮧 嚧 矑 㿖 㭔 䰕 𧇄 𧆨 罏 蠦 㪭 𦿊	盧 鑪 壚 籚 蘆 顱 髗 鱸 攎 櫨 轤 黸 獹 鸕 艫 纑 瀘 瓐 爐 𢐸 㢚 𤮧 嚧 矑 㿖 㭔 䰕 𧇄 𧆨 罏 蠦 㪭 𦿊	落胡	來模一平	lo	rˤa	·㭔，木名。《說文》：「㭔，木。出橐山。从木、乎聲。」段玉裁注：「《中山經》曰：『傅山西五十里曰橐山。其木多樗、多𣖾木。』按樗者㭔之誤。」《山海經·中山經》「樗」乃「㯉」之訛字，是「㭔」本又作「㯉」。
虍	RA PRA KLA	虜 擄 㢚 艣 㭔 鐪	虜 擄 㢚 艣 㭔 鐪	郎古	來模一上	loq	rˤaʔ	
虍	RA PRA KLA	𤻱 㿖	𤻱 㿖	洛故	來模一去	loh		
虍	RA PRA KLA	嶀 㻬 㻯	嶀 㻬 㻯	他胡	透模一平	tho		
虍	RA PRA KLA	𥴧	𥴧	居許	見魚開三上	kyoq		
虍	RA PRA KLA	據 鐻 澽 豦	據 鐻 澽 豦	居御	見魚開三去	kyoh		
虍	RA PRA KLA	虛 墟 㠊 𢴮	虛 墟 㠊 𢴮	去魚	溪魚開三平	khyo	kʰ(r)a	
虍	RA PRA KLA	劇 㘌	劇 㘌	奇逆	羣陌開三B入	gyaek		
虍	RA PRA KLA	噱 臄 醵	噱 臄 醵	其虐	羣藥開三入	gyak		
虍	RA PRA KLA	𨎶 璩 籧 醵 𥴧 豦 蘧 鐻 𨞙 㯫 䟊 𦼫 䆽 𧝔 懅	𨎶 璩 籧 醵 𥴧 豦 蘧 鐻 𨞙 㯫 䟊 𦼫 䆽 𧝔 懅	強魚	羣魚開三平	gyo	ɡ(r)a	
虍	RA PRA KLA	𧇽 虡 鐻 𦼫	𧇽 虡 鐻 𦼫	其吕	羣魚開三上	gyoq	ɡ(r)aʔ	
虍	RA PRA KLA	遽 勮 醵 澽	遽 勮 醵 澽	其據	羣魚開三去	gyoh	ɡ(r)ah	
虍	RA PRA KLA	蘧	蘧	其俱	羣虞合三平	guo		
虍	RA PRA KLA	虛 驉 歔 噓 魖 𥛳	虛 驉 歔 噓 魖 𥛳	朽居	曉魚開三平	hyo	h(r)a	
虍	RA PRA KLA	噓	噓	許御	曉魚開三去	hyoh		
虍	RA PRA KLA	膚 𧀴	膚 𧀴	甫無	幫虞三平	puo	pra	
虍	RA PRA KLA	處	處	昌與	昌魚開三上	tjhyoq	kʰlaʔ	
虍	RA PRA KLA	處 䖏	處 䖏	昌據	昌魚開三去	tjhyoh	kʰlah	
虍	RA PRA KLA	攄 㯉 摴	攄 㯉 摴	丑居	徹魚開三平	trhyo		·摴，此爲「㯉」之訛字，「雩」聲不得讀中古徹母，《切三》：「㯉，𢙣木。又作摴。」是其證。
虍	RA PRA KLA	臚 䰕 廬 蘆 驢 藘 爈 㠠 櫖	臚 䰕 廬 蘆 驢 藘 爈 㠠 櫖	力居	來魚開三平	lyo	ra	
虍	RA PRA KLA	儢	儢	力舉	來魚開三上	lyoq		
虍	RA PRA KLA	慮 勴 𥶌 𠣊 鑢 櫖 𡾅	慮 勴 𥶌 𠣊 鑢 櫖 𡾅	良倨	來魚開三去	lyoh	rah	
下	KRA	芐	芐	侯古	匣模一上	ghoq		
下	KRA	下 丅	下 丅	胡雅	匣麻開二上	ghaeq	ɡrˤaʔ	
下	KRA	下 芐	下 芐	胡駕	匣麻開二去	ghaeh	ɡrˤah	
夏	KRA	榎	榎	古疋	見麻開二上	kaeq	krˤaʔ	
夏	KRA	夏 廈	夏 廈	胡雅	匣麻開二上	ghaeq	ɡrˤaʔ	
夏	KRA	夏	夏	胡駕	匣麻開二去	ghaeh	ɡrˤah	
夏	KRA	疋 㿿	疋 㿿	五下	疑麻開二上	ngaeq	ŋrˤaʔ	·疋，《說文》：「疋，古文以爲《詩》大{疋}[雅]字。」即今《大雅》之「雅」。此字形與所葅切、踈舉切之「疋」爲同形字，乃戰國時期東土文字「夏」之訛省。說見：張富海《漢人所謂古文之研究》。
夏	KRA	嗄	嗄	所嫁	生麻開二去	sraeh		
丙	RAŊ PRAŊ	𩶁	𩶁	蒲幸	並耕二上	beengq	brˤaŋʔ	
丙	RAŊ PRAŊ	㒳 兩 脼 𣓈 緉 蜽 魎 㔝	㒳 兩 脼 𣓈 緉 蜽 魎 㔝	良㢡	來陽開三上	lyangq	raŋʔ	·兩，金文「兩」字係兩個相並立的「丙」。參考：陳夢家《殷墟卜辭綜述》，武亞帥《試說古文字“兩”》等。
丙	RAŊ PRAŊ	緉 兩	緉 兩	力讓	來陽開三去	lyangh	raŋh	
丙	RAŊ PRAŊ	丙 昞 怲 邴 炳 窉 苪 蛃	丙 昞 怲 邴 炳 窉 苪 蛃	兵永	幫庚三B上	pyaengq	praŋʔ	
丙	RAŊ PRAŊ	柄 怲 邴 鈵 寎	柄 怲 邴 鈵 寎	陂病	幫庚三B去	pyaengh	praŋh	
丙	RAŊ PRAŊ	病	病	皮命	並庚三B去	byaengh	braŋh	
更	KRAŊ	更 䢚 稉 粳 埂 浭	更 䢚 稉 粳 埂 浭	古行	見庚開二平	kaeng	krˤaŋ	
更	KRAŊ	梗 挭 哽 郠 綆 鯁 埂 骾 𧋑	梗 挭 哽 郠 綆 鯁 埂 骾 𧋑	古杏	見庚開二上	kaengq	krˤaŋʔ	
更	KRAŊ	更	更	古孟	見庚開二去	kaengh	krˤaŋh	
更	KRAŊ	𨁈	𨁈	胡郎	匣唐開一平	ghang		
更	KRAŊ	鞕 硬	鞕 硬	五諍	疑耕開二去	ngeengh		
羹	KRAŊ	羹 𩱧	羹 𩱧	古行	見庚開二平	kaeng	krˤaŋ	
羹	KRAŊ	𦣍	𦣍	戸庚	匣庚開二平	ghaeng	ɡrˤaŋ	
秉	PRAŊ	秉	秉	兵永	幫庚三B上	pyaengq	praŋʔ	
秉	PRAŊ	棅	棅	陂病	幫庚三B去	pyaengh	praŋh	
刅	RAŊ	梁 粱	梁 粱	吕章	來陽開三平	lyang	raŋ	·梁，《說文》：「梁，水橋也。从木从水，刅聲。」待考。
刅	RAŊ	㲽	㲽	式羊	書陽開三平	sjyang		
刅	RAŊ	𠛂	𠛂	初良	初陽開三平	tsrhyang		
刅	RAŊ	刱	刱	初亮	初陽開三去	tsrhyangh		
良	RAŊ	郎 蓈 稂 桹 廊 榔 鋃 硠 𪁜 浪 䯖 蜋 𩷕 琅 瑯 㝗 狼 欴 𦵧 踉 莨 㟍 䡙 艆 駺 躴 筤 𥍫 閬 哴	郎 蓈 稂 桹 廊 榔 鋃 硠 𪁜 浪 䯖 蜋 𩷕 琅 瑯 㝗 狼 欴 𦵧 踉 莨 㟍 䡙 艆 駺 躴 筤 𥍫 閬 哴	魯當	來唐開一平	lang	rˤaŋ	
良	RAŊ	朗 朖 誏 俍 崀 榔 㝗	朗 朖 誏 俍 崀 榔 㝗	盧黨	來唐開一上	langq	rˤaŋʔ	
良	RAŊ	浪 閬 埌 䕞 蒗	浪 閬 埌 䕞 蒗	來宕	來唐開一去	langh	rˤaŋh	
良	RAŊ	剆	剆	魯何	來歌開一平	la		·剆，「𣂞」之異體，見來可切之「𣂞」、「剆」。
良	RAŊ	𩝢 <𨬅> 𣂞 剆 𠻡	𩝢 𨬅 𣂞 剆 𠻡	來可	來歌開一上	laq		·剆，「𣂞」之異體。《說文》：「𣂞，柯擊也。从斤、良聲。」段玉裁注：「來可切。按此音恐譌。古音當讀如琅。」未詳。
良	RAŊ	良 粮 蜋 踉	良 粮 蜋 踉	吕章	來陽開三平	lyang	raŋ	
良	RAŊ	悢 踉 䀶 哴	悢 踉 䀶 哴	力讓	來陽開三去	lyangh	raŋh	
良	RAŊ	娘	娘	女良	孃陽開三平	nryang		
量	RAŊ	糧 量	糧 量	吕章	來陽開三平	lyang	raŋ	
量	RAŊ	量	量	力讓	來陽開三去	lyangh	raŋh	
京¹	RAŊ KRAŊ	澋	澋	呼䁝	匣庚合二上	ghwaengq		
京¹	RAŊ KRAŊ	涼 凉 𩗬 椋 䝶 綡 𣄴 㹁 䣼 輬	涼 凉 𩗬 椋 䝶 綡 𣄴 㹁 䣼 輬	吕章	來陽開三平	lyang	raŋ	
京¹	RAŊ KRAŊ	亮 諒 掠 㹁 𣄴 𩗬 䁁 涼	亮 諒 掠 㹁 𣄴 𩗬 䁁 涼	力讓	來陽開三去	lyangh	raŋh	
京¹	RAŊ KRAŊ	掠	掠	離灼	來藥開三入	lyak		
京¹	RAŊ KRAŊ	影 璟 䭘	影 璟 䭘	於丙	影庚開三B上	qyaengq	ʔraŋʔ	
京¹	RAŊ KRAŊ	京 麖 鶁	京 麖 鶁	舉卿	見庚開三B平	kyaeng	kraŋ	
京¹	RAŊ KRAŊ	景	景	居影	見庚開三B上	kyaengq	kraŋʔ	
京¹	RAŊ KRAŊ	憬 璟 暻	憬 璟 暻	俱永	見庚合三B上	kuaengq		
京¹	RAŊ KRAŊ	勍 黥 剠 䵞 鯨	勍 黥 剠 䵞 鯨	渠京	羣庚開三B平	gyaeng	ɡraŋ	
京¹	RAŊ KRAŊ	弶	弶	其亮	羣陽開三去	gyangh		
京¹	RAŊ KRAŊ	倞	倞	渠敬	羣庚開三B去	gyaengh		
囧	MRAŊ	莔 𨞚 𥭮	莔 𨞚 𥭮	武庚	明庚二平	maeng	mrˤaŋ	
囧	MRAŊ	盟	盟	莫更	明庚二去	maengh	mrˤaŋh	
囧	MRAŊ	萌	萌	莫耕	明耕二平	meeng		
囧	MRAŊ	㴄 奣	㴄 奣	烏猛	影庚合二上	qwaengq		
囧	MRAŊ	明 盟 𥁰 䳟	明 盟 𥁰 䳟	武兵	明庚三B平	myaeng	mraŋ	
囧	MRAŊ	𥁰	𥁰	武永	明庚三B上	myaengq	mraŋʔ	
各	RAK KRAK	各 閣 格 胳 袼	各 閣 格 胳 袼	古落	見鐸開一入	kak	k(ɫ)ˤak	
各	RAK KRAK	格 𢓜 茖 骼 觡 𩹺 鵅 挌 㦴 蛒 𪌣 𢼛 𩹿 鉻	格 𢓜 茖 骼 觡 𩹺 鵅 挌 㦴 蛒 𪌣 𢼛 𩹿 鉻	古伯	見陌開二入	kaek	krˤak	
各	RAK KRAK	𢼛	𢼛	古伯	見陌合二入	kwaek		
各	RAK KRAK	恪 㤩 愙	恪 㤩 愙	苦各	溪鐸開一入	khak		
各	RAK KRAK	髂	髂	枯駕	溪麻開二去	khaeh		
各	RAK KRAK	客 喀 揢	客 喀 揢	苦格	溪陌開二入	khaek		
各	RAK KRAK	貉 狢 𠗂 佫 䅂 䶅	貉 狢 𠗂 佫 䅂 䶅	下各	匣鐸開一入	ghak	ɡ(ɫ)ˤak	
各	RAK KRAK	垎 䞦 楁 𨍇	垎 䞦 楁 𨍇	胡格	匣陌開二入	ghaek		
各	RAK KRAK	額 頟 峉 詻	額 頟 峉 詻	五陌	疑陌開二入	ngaek		
各	RAK KRAK	落 絡 烙 洛 珞 酪 𩂣 笿 硌 駱 𤽼 𩊚 㓢 鉻 鮥 䶅 雒 𣛗 鵅 𣧳 𤽥 挌 袼 䀩	落 絡 烙 洛 珞 酪 𩂣 笿 硌 駱 𤽼 𩊚 㓢 鉻 鮥 䶅 雒 𣛗 鵅 𣧳 𤽥 挌 袼 䀩	盧各	來鐸開一入	lak	rˤak	
各	RAK KRAK	路 露 潞 輅 鷺 璐 賂 簬 簵 虂 𦌕	路 露 潞 輅 鷺 璐 賂 簬 簵 虂 𦌕	洛故	來模一去	loh	rˤakh	
各	RAK KRAK	貉	貉	莫白	明陌二入	maek	mrˤak	
各	RAK KRAK	𦐦	𦐦	匹各	滂鐸一入	phak		
各	RAK KRAK	略 䌎 㗉 䂮 䀩 䛚	略 䌎 㗉 䂮 䀩 䛚	離灼	來藥開三入	lyak		·䂮、䛚，「㗉」省聲。
𡭴	KRAK	虩	虩	山責	生麥開二入	sreek	r̥ˤak	
𡭴	KRAK	隙 𧯈 𡭴	隙 𧯈 𡭴	綺戟	溪陌開三B入	khyaek	kʰrak	
𡭴	KRAK	虩	虩	許郤	曉陌開三B入	hyaek	hrak	
𡭴	KRAK	𧎾	𧎾	離灼	來藥開三入	lyak	rak	·𧎾，螶𧎾，蟲名。《說文》：「𧎾，螶𧎾也。一曰蜉游。朝生莫死者。从虫，𡭴聲。」又作「渠略」。《爾雅》：「蜉蝣，渠略。」
離	RAI	謧	謧	郎奚	來齊開四平	lej		
離	RAI	離	離	郎計	來齊開四去	lejh		
離	RAI	摛 螭 魑 黐 㷰 离 𡴥	摛 螭 魑 黐 㷰 离 𡴥	丑知	徹支開三平	trhie	l̥rai	
離	RAI	離 䍦 籬 醨 璃 𪖂 樆 𪅆 縭 褵 蘺 离 㰚 䅻 漓 灕 㷰 𧕮 攡 黐 𢟢 𢥗 謧	離 䍦 籬 醨 璃 𪖂 樆 𪅆 縭 褵 蘺 离 㰚 䅻 漓 灕 㷰 𧕮 攡 黐 𢟢 𢥗 謧	吕支	來支開三平	lie	rai	
離	RAI	離	離	力智	來支開三去	lieh	raih	
羅	RAI PRAI	羅 蘿 籮 儸 饠 𤄷 欏 囉 鑼	羅 蘿 籮 儸 饠 𤄷 欏 囉 鑼	魯何	來歌開一平	la	rˤai	
羅	RAI PRAI	攞 㦬 曪	攞 㦬 曪	來可	來歌開一上	laq		
羅	RAI PRAI	邏 𧟌 㿚	邏 𧟌 㿚	郎佐	來歌開一去	lah		
羅	RAI PRAI	㦒	㦒	郎奚	來齊開四平	lej		
羅	RAI PRAI	𢤇 <㦒>	𢤇 㦒	奴計	泥齊開四去	nejh		·𢤇，《廣韻》：「𢤇𢘬。音慢。又相𢤇摩也。」周祖謨校勘：「𢤇當是㦒之訛。」其說可從。《方言》：「㦒忚，欺謾之語也。」《廣雅》：「㦒，欺也。」「㦒忚，欺慢也。」
羅	RAI PRAI	擺	擺	北買	幫佳二上	peeq		
羅	RAI PRAI	犤	犤	薄佳	並佳二平	bee		
羅	RAI PRAI	罷 矲 䥯 㔥	罷 矲 䥯 㔥	薄蟹	並佳二上	beeq	brˤaiʔ	·罷，《說文》：「罷，遣有辠也。从网、能，言有賢能而入网，而貫遣之。《周禮》曰：議能之辟。」其說曲折不可信。說見「買」下。
羅	RAI PRAI	䁲 𩍃	䁲 𩍃	莫佳	明佳二平	mee		
羅	RAI PRAI	買 嘪 蕒 㵋 鷶	買 嘪 蕒 㵋 鷶	莫蟹	明佳二上	meeq	mrˤaiʔ	·買，《說文》：「買，市也。从网、貝。《孟子》曰：『登壟斷而网市利。』」其說曲折，不可信。白-沙以爲「罷」「買」所从之「网」是表示｛羅｝而非｛網｝（說見：白一平、沙加爾《上古漢語新構擬》），其說是也。蓋古文字中的「网」一形多用，既可以讀爲｛網｝，有可讀爲｛羅｝。
羅	RAI PRAI	賣	賣	莫懈	明佳二去	meeh	mrˤaih	·賣，「買」的分化字。可參：陳斯鵬《說“買”“賣”》。
羅	RAI PRAI	罹 䍦	罹 䍦	吕支	來支開三平	lie	rai	
羅	RAI PRAI	詈	詈	力智	來支開三去	lieh	raih	
羅	RAI PRAI	羆 𨰟 𤜑 𥶓 襬 藣	羆 𨰟 𤜑 𥶓 襬 藣	彼爲	幫支三B平	pye	prai	
羅	RAI PRAI	𠐌	𠐌	甫委	幫支三B上	pyeq		
羅	RAI PRAI	藣	藣	彼義	幫支三B去	pyeh		
羅	RAI PRAI	襬	襬	披義	滂支三B去	phyeh		
羅	RAI PRAI	罷 犤	罷 犤	符羈	並支三B平	bye	brai	
羅	RAI PRAI	罷	罷	皮彼	並支三B上	byeq	braiʔ	
羈	KRAI	羈 羇	羈 羇	居宜	見支開三B平	kye	krai	
柬	REN RAN KRAN	蘭 瀾 闌 讕 攔 𨷻 籣 䪍 欄 躝 幱 㘓	蘭 瀾 闌 讕 攔 𨷻 籣 䪍 欄 躝 幱 㘓	落干	來寒開一平	lan	rˤan	
柬	REN RAN KRAN	𥻂 𥽭 讕	𥻂 𥽭 讕	落旱	來寒開一上	lanq	rˤanʔ	
柬	REN RAN KRAN	爛 爤 瀾 𢒞 糷 鑭 讕	爛 爤 瀾 𢒞 糷 鑭 讕	郎旰	來寒開一去	lanh	rˤanh	
柬	REN RAN KRAN	練 鍊 揀 楝 㼑 鰊 萰 堜 湅 𣿊 㪝 𣞰 𤗛	練 鍊 揀 楝 㼑 鰊 萰 堜 湅 𣿊 㪝 𣞰 𤗛	郎甸	來先開四去	lenh	rˤenh	
柬	REN RAN KRAN	斕	斕	力閑	來山開二平	leen		·斕，「斒斕」，中古山韻疊韻詞。《名義》力寒反；《玉篇》力寒切；《王三》力闌反(又力蠻反)；《廣韻》力閑切。此字似本讀寒韻，因「斒斕」一詞「斒」山韻讀法而連綿同化讀爲山韻。
柬	REN RAN KRAN	諫	諫	古晏	見刪開二去	kaenh	krˤanh	
柬	REN RAN KRAN	𧟉 柬 暕 揀	𧟉 柬 暕 揀	古限	見山開二上	keenq	krˤenʔ	
連	REN RAN	蓮 嗹 縺 𨏩	蓮 嗹 縺 𨏩	落賢	來先開四平	len	rˤen	
連	REN RAN	僆	僆	郎甸	來先開四去	lenh		
連	REN RAN	鏈	鏈	丑延	徹仙開三平	trhien		
連	REN RAN	連 漣 翴 鰱 鏈 䃛 㦁 槤	連 漣 翴 鰱 鏈 䃛 㦁 槤	力延	來仙開三平	lien	ran	
連	REN RAN	𪍦 璉 僆 摙 蓮	𪍦 璉 僆 摙 蓮	力展	來仙開三上	lienq	ranʔ	
連	REN RAN	𤹨 摙	𤹨 摙	連彦	來仙開三去	lienh	ranh	
連	REN RAN	㰈 㯬	㰈 㯬	良冉	來鹽開三上	liemq		·㰈，或訛作「㯬」，《廣韻》：「㰈，善美之名。」
輦	RAN	輦 鄻	輦 鄻	力展	來仙開三上	lienq	ranʔ	
聯	RAN	𤣆	𤣆	直閑	澄山開二平	dreen		
聯	RAN	𤣆	𤣆	丑人	徹真開三平	trhin		
聯	RAN	聮 𤣆 𪚀 㶌	聮 𤣆 𪚀 㶌	力延	來仙開三平	lien	ran	
聯	RAN	𤑿	𤑿	力展	來仙開三上	lienq		
萬	RAT MAN	蠆	蠆	丑犗	徹夬開二去	trhaejh		
萬	RAT MAN	糲	糲	盧達	來末開一入	lat	rˤat	
萬	RAT MAN	糲 犡 𨇆 𡂖	糲 犡 𨇆 𡂖	落蓋	來泰開一去	lajh		
萬	RAT MAN	噧	噧	他達	透末開一入	that		
萬	RAT MAN	噧 䜕	噧 䜕	許介	曉皆開二去	heejh		
萬	RAT MAN	䜕	䜕	火犗	曉夬開二去	haejh		
萬	RAT MAN	邁 勱 䜕	邁 勱 䜕	莫話	明夬二去	maejh	mrˤath	
萬	RAT MAN	厲 礪 勵 禲 癘 濿 蠣 蠇 櫔 𩧃 𥣭 𧸱 糲 巁 犡 𢤆	厲 礪 勵 禲 癘 濿 蠣 蠇 櫔 𩧃 𥣭 𧸱 糲 巁 犡 𢤆	力制	來祭開三去	liejh	rath	
萬	RAT MAN	萬 贎	萬 贎	無販	明元三去	muonh	manh	
砅	RAT	砅	砅	力制	來祭開三去	liejh	rath	·砅，《說文》：「砅，履石渡水也。从水从石。《詩》曰：『深則砅。』濿，砅或从厲。」
剌	RAT	剌 揧 辢 䓶 瘌 攋 癩 𢉨 𢃴 㻝 𥈙 楋 蝲	剌 揧 辢 䓶 瘌 攋 癩 𢉨 𢃴 㻝 𥈙 楋 蝲	盧達	來末開一入	lat	rˤat	·剌，《說文》：「剌，戾也。从束从刀。刀者，剌之也。」其說非是。古文字「𣏮」象禾幹上著口形，指示禾稈，是｛䅀｝*rat之表意字（說見裘錫圭《甲骨文中所見的商代農業》），此字爲「剌」字之聲首。
剌	RAT	賴 籟 癩 瀨 䄤 藾 䓶 䲚 㸊 鵣	賴 籟 癩 瀨 䄤 藾 䓶 䲚 㸊 鵣	落蓋	來泰開一去	lajh	rˤath	
剌	RAT	嬾 懶	嬾 懶	落旱	來寒開一上	lanq	rˤanʔ	
剌	RAT	獺 䲚	獺 䲚	他達	透末開一入	that		
剌	RAT	獺	獺	他鎋	徹鎋開二入	trhaet		
𡿪	RAT	䶛	䶛	盧達	來末開一入	lat		
𡿪	RAT	拶 㳨 𠛱 𨀨	拶 㳨 𠛱 𨀨	姊(子)末	來末開一入	lat		·拶、㳨、𠛱、𨀨，四字皆應爲「𡿪」聲，姊末切之聲母與字形不合，疑或有韻書反切上字本作「了」、讀來母，或訛作「子」，遂誤讀精母。
𡿪	RAT	列 𠛱 迾 蛚 鮤 烈 洌 冽 裂 茢 颲 鴷 栵 㤠 挒 𩢾 𡊻 𡿪 姴 䅀	列 𠛱 迾 蛚 鮤 烈 洌 冽 裂 茢 颲 鴷 栵 㤠 挒 𩢾 𡊻 𡿪 姴 䅀	良辥	來薛開三入	liet	rat	
𡿪	RAT	例 㾐 鮤 𩢾 䅀 栵 𢂥 洌	例 㾐 鮤 𩢾 䅀 栵 𢂥 洌	力制	來祭開三去	liejh	rath	
𡿪	RAT	峛	峛	力紙	來支開三上	lieq		
𡿪	RAT	𡿪 𠡝	𡿪 𠡝	魚乙	疑質開三B入	ngyit		
𡿪	RAT	銐	銐	尺制	昌祭開三去	tjhiejh		
𡿪	RAT	銐	銐	直例	澄祭開三去	driejh		
万	—	万	万	無販	明元三去	muonh		
万	—	万	万	莫北	明德一入	meok		·万，万俟，複姓。《慧琳音義》：「上万音墨，下俟音期。」《廣韻》：「虜複姓。北齊特進万俟普，俟音其。」
㓹	KRAT	𦇧 罽 𣯅 瀱 蘮	𦇧 罽 𣯅 瀱 蘮	居例	見祭開三B去	kyejh	krath	·㓹，大徐本《說文·艸部》：「銳，芒也。从金，兌聲。㓹，籀文銳从厂、剡。」小徐本作「㓹，籀文銳從剡。」段玉裁注：「从剡、厂聲。」傳世「㓹」聲字多在居例切，推及上古音開口月部，這種「㓹」已見於戰國楚簡，其讀皆在月部、與傳世音相合，其例如：上博竹書《周易》簡49：「㓹(列)丌(其)胤。」今本《周易·艮卦》作「列其夤」。戰國文字「㓹」可能源於西周金文「𪟔」〔《集成》04484〕，與「徹」等字之聲首實出一源，蓋形聲皆已分化。然古文字中的「㓹」古音與「銳」聲不近，許慎《說文》何以謂「㓹」「銳」異體費解，李春桃《傳抄古文綜合研究》謂傳抄古文之「㓹」乃「釞」之流變，俟考。
㓹	KRAT	㓹	㓹	此芮	清祭合三去	tshwiejh		
彑	—	彐	彐	居例	見祭開三B去	kyejh		·彐，《說文》：「彑，豕之頭。象其銳，而上見也。凡彑之屬皆从彑。讀若罽。」段玉裁注：「㓹者，籒文銳。故音相通也。」《玉篇》：「彐，居厲反。彙之類。」《廣韻》：「彐，彚類。《說文》作『彑』，云：『豕之頭。象其銳而上見也。』〔居例切〕」
𬡤	RAU	勞 澇 簩 䝁 蟧 撈 髝 憥 𤩂	勞 澇 簩 䝁 蟧 撈 髝 憥 𤩂	魯刀	來豪開一平	law	rˤau	
𬡤	RAU	澇	澇	盧晧	來豪開一上	lawq		
𬡤	RAU	澇 勞 僗 髝 癆 𣟽	澇 勞 僗 髝 癆 𣟽	郎到	來豪開一去	lawh	rˤauh	
𬡤	RAU	犖 䃕 𡁆	犖 䃕 𡁆	吕角	來覺二入	loeuk		
𬡤	RAU	膋 蟧	膋 蟧	落蕭	來蕭開四平	lew		
𬡤	RAU	嘮	嘮	敕交	徹肴開二平	trhaew		
僉	RAM KRAM	臉 醶	臉 醶	力減	來咸開二上	leemq	rˤəmʔ	
僉	RAM KRAM	鹼	鹼	古斬	見咸開二上	keemq		
僉	RAM KRAM	厱	厱	苦咸	溪咸開二平	kheem		
僉	RAM KRAM	歛	歛	呼談	曉談開一平	ham		
僉	RAM KRAM	薟 蘞 匳 籢 獫	薟 蘞 匳 籢 獫	力鹽	來鹽開三平	liem	ram	
僉	RAM KRAM	斂 撿 薟 蘞 瀲 獫 羷 䌞	斂 撿 薟 蘞 瀲 獫 羷 䌞	良冉	來鹽開三上	liemq	ramʔ	
僉	RAM KRAM	殮 斂 瀲 𧸘 𩅼 獫	殮 斂 瀲 𧸘 𩅼 獫	力驗	來鹽開三去	liemh	ramh	
僉	RAM KRAM	顩	顩	直稔	澄侵開三上	drimq		
僉	RAM KRAM	𨣻	𨣻	一鹽	影鹽開三A平	qiem		
僉	RAM KRAM	檢 瞼	檢 瞼	居奄	見鹽開三B上	kyemq	kramʔ	
僉	RAM KRAM	劒	劒	居欠	見嚴開三去	kyomh	kamh	
僉	RAM KRAM	𩑳 (顩)	𩑳 顩	丘檢	溪鹽開三B上	khyemq		·𩑳，《廣韻》：「𩑳顩，不平丘。」《集韻》：「顩，顩𩖄，面不平也。或作𩑳。」按「𩑳」又作「顩」，此从「平」，或可視爲「顩」省聲。
僉	RAM KRAM	厱	厱	丘嚴	溪嚴開三平	khyom		
僉	RAM KRAM	儉	儉	巨險	羣鹽開三B上	gyemq	ɡramʔ	
僉	RAM KRAM	險 獫 譣 憸 𩏩 嶮	險 獫 譣 憸 𩏩 嶮	虚檢	曉鹽開三B上	hyemq	hramʔ	
僉	RAM KRAM	𩏩 㿌 蘞	𩏩 㿌 蘞	虚嚴	曉嚴開三平	hyom		
僉	RAM KRAM	顩 嬐 䲓 嶮 噞	顩 嬐 䲓 嶮 噞	魚檢	疑鹽開三B上	ngyemq	ŋramʔ	
僉	RAM KRAM	驗 噞 𣄝	驗 噞 𣄝	魚窆	疑鹽開三B去	ngyemh	ŋramh	
僉	RAM KRAM	𢨔	𢨔	亡范	明凡三上	muomq		
僉	TSEM	醶	醶	初檻	初銜開二上	tsrhaemq		
僉	TSEM	𩅼	𩅼	子鑑	莊銜開二去	tsraemh		
僉	TSEM	𩅼	𩅼	子廉	精鹽開三平	tsiem		
僉	TSEM	臉 鹼 憸 僉 譣	臉 鹼 憸 僉 譣	七廉	清鹽開三平	tshiem	tsʰem	
僉	TSEM	憸	憸	七漸	清鹽開三上	tshiemq		
僉	TSEM	𣠺	𣠺	七接	清葉開三入	tshiep		
僉	TSEM	𩒣 (𩖄)	𩒣 𩖄	士㾕	崇侵開三上	dzryimq		
僉	TSEM	憸	憸	息廉	心鹽開三平	siem		
監	RAM LAM KRAM	藍 襤 䰐 擥 籃 𩈵 𪇖 懢 䆾 儖 蘫	藍 襤 䰐 擥 籃 𩈵 𪇖 懢 䆾 儖 蘫	魯甘	來談開一平	lam	rˤam	
監	RAM LAM KRAM	濫 㔋 𨣨 纜 爁 㜮 懢 䆾 嚂	濫 㔋 𨣨 纜 爁 㜮 懢 䆾 嚂	盧𣊟	來談開一去	lamh	rˤamh	
監	RAM LAM KRAM	監 礛 𥌈 鑑 㔋	監 礛 𥌈 鑑 㔋	谷銜	見銜開二平	kaem	krˤam	
監	RAM LAM KRAM	鑑 鑒 監 𥌈 㔋	鑑 鑒 監 𥌈 㔋	格懺	見銜開二去	kaemh	krˤamh	
監	RAM LAM KRAM	𪊇	𪊇	吐濫	透談開一去	thamh		
監	RAM LAM KRAM	嚂	嚂	苦濫	溪談開一去	khamh		
監	RAM LAM KRAM	㺝	㺝	下斬	匣咸開二上	gheemq		
監	RAM LAM KRAM	檻 艦 壏 𥽏 㔋 濫 𨏊 轞 㺝	檻 艦 壏 𥽏 㔋 濫 𨏊 轞 㺝	胡黤	匣銜開二上	ghaemq	ɡrˤamʔ	
監	RAM LAM KRAM	嚂 壏 㯺	嚂 壏 㯺	呼覽	曉談開一上	hamq		
監	RAM LAM KRAM	蘫	蘫	呼濫	曉談開一去	hamh		
監	RAM LAM KRAM	鹽 塩 𣡶 𤅸	鹽 塩 𣡶 𤅸	余廉	以鹽開三平	jiem	lam	
監	RAM LAM KRAM	鹽 𤅸	鹽 𤅸	以贍	以鹽開三去	jiemh	lamh	
監	RAM LAM KRAM	爁	爁	力驗	來鹽開三去	liemh		
巤	RAP	𪇹	𪇹	盧合	來合開一入	lop		
巤	RAP	臘 臈 <臘> 𪙷 鑞 蠟 䗶 擸 𥀰 𪇹 𦒦 𦅶 <𦆻> 邋	臘 臈 臘 𪙷 鑞 蠟 䗶 擸 𥀰 𪇹 𦒦 𦅶 𦆻 邋	盧盍	來盍開一入	lap	rˤap	
巤	RAP	獵 鬣 㲱 躐 䁽 𣋲 擸 儠 犣 䪉 䉭 鱲 𡂏 𠠗 邋 㯿 䜲 䃳 巤 獦 <獵>	獵 鬣 㲱 躐 䁽 𣋲 擸 儠 犣 䪉 䉭 鱲 𡂏 𠠗 邋 㯿 䜲 䃳 巤 獦 獵	良涉	來葉開三入	liep	rap	·獦，「獵」之俗字。《顏氏家訓》：「自有訛謬，過成鄙俗…『獵』化爲『獦』…。」
巤	RAP	㯿	㯿	與涉	以葉開三入	jiep		
巤	RAP	擖 <擸>	擖 擸	丈甲	澄狎開二入	draep		
巤	RAP	猲 <獵>	猲 獵	起法	溪業開三入	khyop		
兔	LA	菟 兔 鵵	菟 兔 鵵	湯故	透模一去	thoh	l̥ˤah	
兔	LA	㭸 菟 䖘	㭸 菟 䖘	同都	定模一平	do	lˤa	
兔	LA	㲋 𤟭	㲋 𤟭	丑略	徹藥開三入	trhyak	l̥rak	·㲋，「兔」之分化字。參考：吳匡、蔡哲茂《釋金文“□”“□”“□”“□”等字兼解《左傳》的“讒鼎”》
余	LA	㻌 稌 悇 𡸂 庩 䞮 梌 捈 䩣	㻌 稌 悇 𡸂 庩 䞮 梌 捈 䩣	他胡	透模一平	tho	l̥ˤa	
余	LA	稌	稌	他魯	透模一上	thoq		
余	LA	塗 途 酴 駼 𤙛 鵌 涂 梌 荼 捈 䣄 䅷 嵞 峹 𣘻 蒤 筡	塗 途 酴 駼 𤙛 鵌 涂 梌 荼 捈 䣄 䅷 嵞 峹 𣘻 蒤 筡	同都	定模一平	do	lˤa	
余	LA	𥱻	𥱻	丑戾	透齊開四去	thejh		·𥱻，竹名，又作「筡」，《廣韻》：「𥱻，竹名也。丑戾切。又杖胡切。一。」此小韻與替小韻地位相同，爲後增字。
余	LA	𡨀 荼 𣘻 茶 𡝐 𤶠 𦛝 𥥸 塗 梌	𡨀 荼 𣘻 茶 𡝐 𤶠 𦛝 𥥸 塗 梌	宅加	澄麻開二平	drae	lrˤa	
余	LA	𤶠	𤶠	陟加	知麻開二平	trae		
余	LA	賒 畬	賒 畬	式車	書麻開三平	sjiae		
余	LA	捨 舍 騇 𩜉	捨 舍 騇 𩜉	書冶	書麻開三上	sjiaeq	l̥aʔ	
余	LA	舍 騇 涻	舍 騇 涻	始夜	書麻開三去	sjiaeh	l̥ah	
余	LA	鵨 瑹 舒 𦺗 𨛭	鵨 瑹 舒 𦺗 𨛭	傷魚	書魚開三平	sjyo	l̥a	
余	LA	斜 䔑	斜 䔑	以遮	以麻開三平	jiae		
余	LA	余 蜍 餘 鵌 艅 畬 狳 雓	余 蜍 餘 鵌 艅 畬 狳 雓	以諸	以魚開三平	jyo	la	
余	LA	悆 悇	悆 悇	羊洳	以魚開三去	jyoh		
余	LA	筡	筡	丑居	徹魚開三平	trhyo		
余	LA	悇 㾻	悇 㾻	抽據	徹魚開三去	trhyoh		
余	LA	除 涂 篨 㾻 滁 蒢	除 涂 篨 㾻 滁 蒢	直魚	澄魚開三平	dryo	lra	
余	LA	㾻 除	㾻 除	遟倨	澄魚開三去	dryoh		
余	LA	斜 䔑	斜 䔑	似嗟	邪麻開三平	ziae	sla	
余	LA	徐 䣄 䍱 俆	徐 䣄 䍱 俆	似魚	邪魚開三平	zyo	sla	
余	LA	敘 漵	敘 漵	徐吕	邪魚開三上	zyoq	slaʔ	
余	LA	荼	荼	食遮	船麻開三平	zjiae		
余	LA	余	余	視遮	常麻開三平	djiae		
余	LA	蜍	蜍	署魚	常魚開三平	djyo		
黍	LA	黍 𧑓	黍 𧑓	舒吕	書魚開三上	sjyoq	l̥aʔ	
鼠	LA	鼠 癙	鼠 癙	舒吕	書魚開三上	sjyoq	l̥aʔ	
冶	LA	冶	冶	羊者	以麻開三上	jiaeq	laʔ	
車	KLA	庫	庫	苦故	溪模一去	khoh	kʰɫˤah	
車	KLA	車	車	九魚	見魚開三平	kyo	kɫa	
車	KLA	車 硨	車 硨	尺遮	昌麻開三平	tjhiae	kʰla	
車	KLA	厙	厙	始夜	書麻開三去	sjiaeh		·厙，「庫」之分化字。《廣韻》：「厙，姓也，出《姓苑》。今台括有之。又昌舍切。」此姓又作「庫」，來源於“古守庫大夫”，《廣韻》「庫」下引《風俗通》云：「古守庫大夫之後，以官爲氏。後漢輔義侯庫鈞。」｛庫｝*kʰlˤas上古與｛舍｝*l̥as同源，或讀同｛舍｝。《釋名·釋宮室》：「庫，舍也，物所在之舍也。故齊魯謂庫曰舍也。」中古保留此讀於姓氏中，分化作「厙」。
牙	LA KLA ŊRA	䑂	䑂	與改	以廢開三上	jyojq		
牙	LA KLA ŊRA	魱	魱	戸吳	匣模一平	gho		
牙	LA KLA ŊRA	互 䇘 冱 枑 𧥮 𦊂 𦬚 <䇘>	互 䇘 冱 枑 𧥮 𦊂 𦬚 䇘	胡誤	匣模一去	ghoh	ɡ(ɫ)ˤah	·互，「牙」之分化字。說見：章太炎《小學答問》：「或云：互本牙之或字，形體小變。」季旭昇《説文新證》2014年版P375。·𦬚，本「䇘」之俗字，所謂「草名」乃望形生訓。說見：楊寶忠《疑難字考釋與研究》P752-753。
牙	LA KLA ŊRA	呀 谺 疨 岈 颬	呀 谺 疨 岈 颬	許加	曉麻開二平	hae		
牙	LA KLA ŊRA	㤉	㤉	苦加	溪麻開二平	khae		
牙	LA KLA ŊRA	牙 芽 齖 呀 枒	牙 芽 齖 呀 枒	五加	疑麻開二平	ngae	ŋrˤa	
牙	LA KLA ŊRA	雅 庌 厊	雅 庌 厊	五下	疑麻開二上	ngaeq	ŋrˤaʔ	
牙	LA KLA ŊRA	迓 訝 犽 齖 枒 砑	迓 訝 犽 齖 枒 砑	吾駕	疑麻開二去	ngaeh	ŋrˤah	
牙	LA KLA ŊRA	鴉	鴉	於加	影麻開二平	qae		
牙	LA KLA ŊRA	邪 耶 瑘 釾 鎁 椰 䓉 𦰳 𦭿 𥯘	邪 耶 瑘 釾 鎁 椰 䓉 𦰳 𦭿 𥯘	以遮	以麻開三平	jiae	la	·耶，「邪」之訛形分化字。
牙	LA KLA ŊRA	藇 㶛 輿 旟 璵 {㶛} 歟 與 譽 嬩 舁 擧 㦛 𪋮 㺞 𩦡 𧾚 鸒	藇 㶛 輿 旟 璵 㶛 歟 與 譽 嬩 舁 擧 㦛 𪋮 㺞 𩦡 𧾚 鸒	以諸	以魚開三平	jyo	la	
牙	LA KLA ŊRA	與 与 𢌱 歟 藇 㦛	與 与 𢌱 歟 藇 㦛	余吕	以魚開三上	jyoq	laʔ	
牙	LA KLA ŊRA	譽 礜 𩦡 輿 鸒 𪋮 𣝑 藇 穥 歟 與 𡒊	譽 礜 𩦡 輿 鸒 𪋮 𣝑 藇 穥 歟 與 𡒊	羊洳	以魚開三去	jyoh	lah	
牙	LA KLA ŊRA	衺 邪	衺 邪	似嗟	邪麻開三平	ziae	sla	
牙	LA KLA ŊRA	藇 嶼 鱮 𨣦 𥎗	藇 嶼 鱮 𨣦 𥎗	徐吕	邪魚開三上	zyoq	slaʔ	
牙	LA KLA ŊRA	舉 櫸 𠢈 <𦥠>	舉 櫸 𠢈 𦥠	居許	見魚開三上	kyoq	kɫaʔ	
牙	LA KLA ŊRA	攑	攑	丘言	溪元開三平	khyon		
向	LAŊ	餉 向 𤵼 珦	餉 向 𤵼 珦	式亮	書陽開三去	sjyangh	l̥aŋh	
向	LAŊ	䖮 嚮	䖮 嚮	許兩	曉陽開三上	hyangq	hlaŋʔ	
向	LAŊ	向 珦 嚮	向 珦 嚮	許亮	曉陽開三去	hyangh	hlaŋh	
丈	LAŊ	丈 杖 仗 㽴	丈 杖 仗 㽴	直兩	澄陽開三上	dryangq	lraŋʔ	
丈	LAŊ	仗	仗	直亮	澄陽開三去	dryangh	lraŋh	
昜	LAŊ	湯 簜 𧼮 踼 盪 蝪 薚 𦳝	湯 簜 𧼮 踼 盪 蝪 薚 𦳝	吐郎	透唐開一平	thang	l̥ˤaŋ	
昜	LAŊ	偒 𥯕 㼒	偒 𥯕 㼒	他朗	透唐開一上	thangq		
昜	LAŊ	摥 湯 蕩 盪 鐋	摥 湯 蕩 盪 鐋	他浪	透唐開一去	thangh	l̥ˤaŋh	
昜	LAŊ	啺 𥏬 碭 踼	啺 𥏬 碭 踼	徒郎	定唐開一平	dang		
昜	LAŊ	蕩 崵 婸 𥯕 愓 璗 盪 䑗 簜	蕩 崵 婸 𥯕 愓 璗 盪 䑗 簜	徒朗	定唐開一上	dangq	lˤaŋʔ	
昜	LAŊ	踼 碭 逿 𦿆	踼 碭 逿 𦿆	徒浪	定唐開一去	dangh		
昜	LAŊ	傷 𥏻 殤 慯 觴 湯 䵮 禓 塲 𤳈	傷 𥏻 殤 慯 觴 湯 䵮 禓 塲 𤳈	式羊	書陽開三平	sjyang	l̥aŋ	
昜	LAŊ	𩞃	𩞃	書兩	書陽開三上	sjyangq		
昜	LAŊ	傷 慯	傷 慯	式亮	書陽開三去	sjyangh	l̥aŋh	
昜	LAŊ	𦳝	𦳝	禇羊	徹陽開三平	trhyang		
昜	LAŊ	暢 𧀄 畼	暢 𧀄 畼	丑亮	徹陽開三去	trhyangh	l̥raŋh	
昜	LAŊ	陽 暘 楊 揚 颺 昜 煬 鍚 𩋬 輰 敭 瘍 鰑 鸉 禓 崵 諹 瑒 𥂸	陽 暘 楊 揚 颺 昜 煬 鍚 𩋬 輰 敭 瘍 鰑 鸉 禓 崵 諹 瑒 𥂸	與章	以陽開三平	jyang	laŋ	·昜，《說文》：「昜，開也。从日、一、勿。一曰飛揚。一曰長也。一曰彊者眾皃。」其說非是。古文字「昜」下之「丂」自有以組陽部音LAŊ，乃「昜」之聲符，應當是｛杖｝之表意字（說見：王正,雷建鴿《柯史簋與柯國、唐國》、陳劍2018深波甲骨學與殷商文明學術講座《以一些例子談談甲骨文字考釋可注意的問題》、李春桃《甲骨文中“丂”字新釋》等）。
昜	LAŊ	颺 煬 諹	颺 煬 諹	餘亮	以陽開三去	jyangh		
昜	LAŊ	瑒	瑒	徒杏	澄庚開二上	draengq		
昜	LAŊ	腸 場	腸 場	直良	澄陽開三平	dryang	lraŋ	
昜	LAŊ	𥏻	𥏻	七羊	清陽開三平	tshyang		
鬯	LAŊ	鬯 𥠴	鬯 𥠴	丑亮	徹陽開三去	trhyangh	l̥raŋh	
卿	KLAŊ	卿	卿	去京	溪庚開三B平	khyaeng	kʰraŋ	
卿	KLAŊ	皀 薌 鄉 膷	皀 薌 鄉 膷	許良	曉陽開三平	hyang	h(l)aŋ	·皀，《說文》：「皀，又讀若香。」此音蓋自「鄉」字剝離而來，《說文》析「鄉」爲「皀」聲，因予「皀」陽部音。
卿	KLAŊ	響 饗 蠁 嚮 曏	響 饗 蠁 嚮 曏	許兩	曉陽開三上	hyangq	h(l)aŋʔ	·曏，見許亮切之「曏」。
卿	KLAŊ	曏 䦳 蠁 𧬰 嚮	曏 䦳 蠁 𧬰 嚮	許亮	曉陽開三去	hyangh	h(l)aŋh	·曏，不久之前，或作「𧬰」。《說文》：「曏，不久也。从日、鄉聲。《春秋傳》曰：『曏役之三月。』」今本《左傳》作「鄉役之三月」。是｛曏｝在上古與｛曩｝同源，上古讀n̥aŋʔ、n̥aŋs。上古後期或*n̥->x-變曉母，遂與「鄉」音極近，故或用本在上古牙音曉母的「鄉」聲字來書寫、造「𧬰」「曏」字以記錄之；或腭化爲中古書母，同樣借「曏」記錄，是爲書兩切、式亮切之「曏」。
卿	KLAŊ	曏	曏	書兩	書陽開三上	sjyangq	n̥aŋʔ	·曏，見許亮切之「曏」。
卿	KLAŊ	曏	曏	式亮	書陽開三去	sjyangh	n̥aŋh	·曏，見許亮切之「曏」。
羊	LAŊ KLAŊ	样	样	則郎	精唐開一平	tsang		
羊	LAŊ KLAŊ	羊 样 眻 佯 詳 徉 洋 烊 鴹 蛘 𦭵 𦍹	羊 样 眻 佯 詳 徉 洋 烊 鴹 蛘 𦭵 𦍹	與章	以陽開三平	jyang	laŋ	
羊	LAŊ KLAŊ	養 痒 癢 瀁 蛘 𧓲	養 痒 癢 瀁 蛘 𧓲	餘兩	以陽開三上	jyangq	laŋʔ	
羊	LAŊ KLAŊ	漾 恙 羕 㨾 養 眻 䭐 㺊 瀁	漾 恙 羕 㨾 養 眻 䭐 㺊 瀁	餘亮	以陽開三去	jyangh	laŋh	
羊	LAŊ KLAŊ	鯗	鯗	息兩	心陽開三上	syangq		
羊	LAŊ KLAŊ	詳 洋 翔 庠 祥 𨀘 𦍙 痒	詳 洋 翔 庠 祥 𨀘 𦍙 痒	似羊	邪陽開三平	zyang	slaŋ	
羊	LAŊ KLAŊ	佯	佯	在良	從陽開三平	dzyang		
羊	LAŊ KLAŊ	姜	姜	居良	見陽開三平	kyang	kɫaŋ	
羊	LAŊ KLAŊ	羌 猐 𡸓 蜣	羌 猐 𡸓 蜣	去羊	溪陽開三平	khyang	kʰɫaŋ	
羊	LAŊ KLAŊ	唴 𥇉	唴 𥇉	丘亮	溪陽開三去	khyangh		
象	LAŊ	潒 𢠽	潒 𢠽	徒朗	定唐開一上	dangq		
象	LAŊ	勨	勨	餘兩	以陽開三上	jyangq		
象	LAŊ	像 象 蟓 橡 襐 勨 鱌 潒 𨖶 𦺨 嶑	像 象 蟓 橡 襐 勨 鱌 潒 𨖶 𦺨 嶑	徐兩	邪陽開三上	zyangq	slaŋʔ	
象	LAŊ	𩞧	𩞧	書兩	書陽開三上	sjyangq		
象	LAŊ	蟓	蟓	式亮	書陽開三去	sjyangh		
亯	LAŊ PRAŊ	脝 悙 亨	脝 悙 亨	許庚	曉庚開二平	haeng	hrˤaŋ	
亯	LAŊ PRAŊ	亨	亨	撫庚	滂庚二平	phaeng	pʰrˤaŋ	
亯	LAŊ PRAŊ	亯 亨	亯 亨	許兩	曉陽開三上	hyangq	hlaŋʔ	
庚	LAŊ KLAŊ KRAŊ	庚 鶊 賡	庚 鶊 賡	古行	見庚開二平	kaeng	krˤaŋ	
庚	LAŊ KLAŊ KRAŊ	康 穅 糠 㱂 㝩 槺 𨻷 䗧 𥉽 漮 𤮊 躿	康 穅 糠 㱂 㝩 槺 𨻷 䗧 𥉽 漮 𤮊 躿	苦岡	溪唐開一平	khang	kʰ(ɫ)ˤaŋ	
庚	LAŊ KLAŊ KRAŊ	慷 𡻚 㝩	慷 𡻚 㝩	苦朗	溪唐開一上	khangq	kʰ(ɫ)ˤaŋʔ	
庚	LAŊ KLAŊ KRAŊ	唐 煻 糖 𪕹 搪 蓎 瑭 餹 篖 螗 𤚫 塘 鶶 𩹶 赯 磄 溏 傏 䧜 𨶈 鎕 𨍴 榶 㲥 㼺	唐 煻 糖 𪕹 搪 蓎 瑭 餹 篖 螗 𤚫 塘 鶶 𩹶 赯 磄 溏 傏 䧜 𨶈 鎕 𨍴 榶 㲥 㼺	徒郎	定唐開一平	dang	lˤaŋ	
庚	LAŊ KLAŊ KRAŊ	嵣	嵣	徒朗	定唐開一上	dangq		
庚	LAŊ KLAŊ KRAŊ	嵣	嵣	徒浪	定唐開一去	dangh		
夕	LAK	夕 穸 汐	夕 穸 汐	祥易	邪昔開三入	ziaek	slak	
亦	LAK	螫	螫	施隻	書昔開三入	sjiaek	l̥ak	
亦	LAK	赦	赦	始夜	書麻開三去	sjiaeh	l̥akh	
亦	LAK	亦 弈 奕 帟 腋 掖 䘸 液 焲 㴒	亦 弈 奕 帟 腋 掖 䘸 液 焲 㴒	羊益	以昔開三入	jiaek	lak	
亦	LAK	夜 鵺	夜 鵺	羊謝	以麻開三去	jiaeh	lakh	
亦	LAK	䤳	䤳	慈夜	從麻開三去	dziaeh		·䤳，《名義》才夜反；《玉篇》才夜切；《王三》慈夜反；《裴韻》慈夜反；《廣韻》慈夜切；《集韻》夤謝切。
亦	LAK	䘸	䘸	之石	章昔開三入	tjiaek		
睪	LAK	籜 蘀	籜 蘀	他各	透鐸開一入	thak		
睪	LAK	鐸 凙 襗 𩍜 䐾	鐸 凙 襗 𩍜 䐾	徒落	定鐸開一入	dak	lˤak	
睪	LAK	斁	斁	徒故	定模一去	doh		
睪	LAK	擇 澤 䕪 檡 鸅 𩏪 蠌 襗	擇 澤 䕪 檡 鸅 𩏪 蠌 襗	瑒伯	澄陌開二入	draek	lrˤak	
睪	LAK	殬 斁	殬 斁	當故	端模一去	toh		
睪	LAK	釋 𥼶 檡 𦔥 䁺	釋 𥼶 檡 𦔥 䁺	施隻	書昔開三入	sjiaek	l̥ak	
睪	LAK	繹 睪 譯 懌 斁 驛 嶧 醳 圛 襗 墿 𥜃 燡 𦔥 㘁 𤑹 𠓋	繹 睪 譯 懌 斁 驛 嶧 醳 圛 襗 墿 𥜃 燡 𦔥 㘁 𤑹 𠓋	羊益	以昔開三入	jiaek	lak	·睪，《說文》：「睪，目視也。从橫目，从幸。令吏將目捕罪人也。」其說不可信。古文字有一字象兩手脫離桎梏之形、爲｛釋｝*l̥ak之表意字（見：裘錫圭《說殷墟卜辭的“奠”——試論商人處置附屬者的一種方法》），此即「睪」聲諸字聲首。
射	LAK	射	射	羊益	以昔開三入	jiaek	lak	
射	LAK	射	射	羊謝	以麻開三去	jiaeh	lakh	
射	LAK	謝 榭 㴬	謝 榭 㴬	辝夜	邪麻開三去	ziaeh	slakh	
射	LAK	麝 射	麝 射	食亦	船昔開三入	zjiaek	mlak	
射	LAK	射 䠶 麝	射 䠶 麝	神夜	船麻開三去	zjiaeh	mlakh	
奭	LAK	奭 襫	奭 襫	施隻	書昔開三入	sjiaek	l̥ak	
赤	KLAK	郝	郝	呵各	曉鐸開一入	hak	h(ɫ)ˤak	
赤	KLAK	赫 爀 嚇 𥋿	赫 爀 嚇 𥋿	呼格	曉陌開二入	haek	hrˤak	·赫，「赤」的復體分化字。
赤	KLAK	嚇	嚇	呼訝	曉麻開二去	haeh	hrˤakh	
赤	KLAK	赥 𧨃 㤸	赥 𧨃 㤸	許激	曉錫開四入	hek		
赤	KLAK	捇 焃 䦝 𤁹 䬉	捇 焃 䦝 𤁹 䬉	呼麥	曉麥合二入	hweek		
赤	KLAK	郝	郝	施隻	書昔開三入	sjiaek	l̥ak	
赤	KLAK	赤 烾 郝	赤 烾 郝	昌石	昌昔開三入	tjhiaek	kʰlak	
它	LAI	佗 他 拕 它 蛇 鼧	佗 他 拕 它 蛇 鼧	託何	透歌開一平	tha	l̥ˤai	
它	LAI	袉	袉	吐可	透歌開一上	thaq		
它	LAI	拖	拖	吐邏	透歌開一去	thah		·拖，「施」之變體。
它	LAI	詑 𧦭	詑 𧦭	土禾	透歌合一平	thwa		
它	LAI	駝 駞 𡩆 紽 鮀 陀 䍫 沱 跎 詑 池 酡 㼠 迱 鼧 袉 𩉺 䡐 佗	駝 駞 𡩆 紽 鮀 陀 䍫 沱 跎 詑 池 酡 㼠 迱 鼧 袉 𩉺 䡐 佗	徒河	定歌開一平	da	lˤai	
它	LAI	柁 舵 袉 拕 沱 𣵻 詑	柁 舵 袉 拕 沱 𣵻 詑	徒可	定歌開一上	daq	lˤaiʔ	
它	LAI	㸰	㸰	徒和	定歌合一平	dwa		
它	LAI	㸰	㸰	苦禾	溪歌合一平	khwa		
它	LAI	地	地	徒四	定脂開三去	dih		
它	LAI	絁 施 葹 䙾 鍦 鉈 䗐 𢻫	絁 施 葹 䙾 鍦 鉈 䗐 𢻫	式支	書支開三平	sjie	l̥ai	
它	LAI	弛	弛	施是	書支開三上	sjieq	l̥aiʔ	
它	LAI	施 鍦 䗐 㒾	施 鍦 䗐 㒾	施智	書支開三去	sjieh		
它	LAI	䄬 杝 箷 詑 𥠥 衪 暆 迆 酏 匜 蛇 虵 䬁	䄬 杝 箷 詑 𥠥 衪 暆 迆 酏 匜 蛇 虵 䬁	弋支	以支開三平	jie	lai	
它	LAI	匜	匜	移爾	以支開三上	jieq	laiʔ	·匜，古文字作「它」聲。秦漢文字系統中「它」「也」聲或混作，今別之。可參：徐寶貴《以“它”“也”爲偏旁文字的分化》、劉洪濤《上古音“也”字歸部簡論》、劉艷娟,張再興《秦漢簡帛中“它”“也”及從“它”、從“也”之字研究》等。
它	LAI	馳 池 䪧 䶔	馳 池 䪧 䶔	直離	澄支開三平	drie		
它	LAI	詑	詑	香支	曉支開三A平	hie		
它	LAI	蛇 虵	蛇 虵	食遮	船麻開三平	zjiae	mlai	
它	LAI	鉈 鍦 𥍸	鉈 鍦 𥍸	視遮	常麻開三平	djiae		
豕	LAI	豕	豕	施是	書支開三上	sjieq	l̥aiʔ	
多	TAI	多	多	得何	端歌開一平	ta	tˤai	
多	TAI	哆 䫂	哆 䫂	丁可	端歌開一上	taq		
多	TAI	跢 痑 哆	跢 痑 哆	丁佐	端歌開一去	tah		
多	TAI	跢	跢	當蓋	端泰開一去	tajh		
多	TAI	奓 䐒	奓 䐒	陟加	知麻開二平	trae		
多	TAI	䋾	䋾	竹下	知麻開二上	traeq		
多	TAI	哆 奓 䐒	哆 奓 䐒	陟駕	知麻開二去	traeh		
多	TAI	痑	痑	託何	透歌開一平	tha		
多	TAI	痑	痑	他干	透寒開一平	than		
多	TAI	哆 㗬	哆 㗬	敕加	徹麻開二平	trhae		
多	TAI	爹 陊	爹 陊	徒可	定歌開一上	daq		
多	TAI	橠 㡅 𢄴 袲	橠 㡅 𢄴 袲	奴可	泥歌開一上	naq		
多	TAI	䏧	䏧	乃亞	孃麻開二去	nraeh		
多	TAI	栘	栘	成臡	常祭開三平	djiej		
多	TAI	眵	眵	章移	章支開三平	tjie		
多	TAI	恀	恀	諸氏	章支開三上	tjieq		
多	TAI	爹	爹	陟邪	知麻開三平	triae		
多	TAI	哆	哆	昌者	昌麻開三上	tjhiaeq		
多	TAI	哆	哆	昌志	昌之開三去	tjhyh		
多	TAI	眵	眵	叱支	昌支開三平	tjhie		
多	TAI	侈 姼 鉹 誃 㢋 㢁 垑 㶴 袳 袲 恀 哆	侈 姼 鉹 誃 㢋 㢁 垑 㶴 袳 袲 恀 哆	尺氏	昌支開三上	tjhieq	tʰaiʔ	
多	TAI	卶	卶	充豉	昌支開三去	tjhieh		
多	TAI	趍 簃 誃	趍 簃 誃	直離	澄支開三平	drie		
多	TAI	陊	陊	池爾	澄支開三上	drieq		
多	TAI	姼	姼	是支	常支開三平	djie		
多	TAI	恀 姼	恀 姼	承紙	常支開三上	djieq		
多	TAI	䬷	䬷	書冶	書麻開三上	sjiaeq		
多	TAI	卶 𤖻	卶 𤖻	施智	書支開三去	sjieh		
多	LAI	移 迻 鉹 袲 簃 䔟 熪 扅 𤝻 栘 拸 謻 𠗺	移 迻 鉹 袲 簃 䔟 熪 扅 𤝻 栘 拸 謻 𠗺	弋支	以支開三平	jie	lai	
多	LAI	𥿫	𥿫	羊至	以脂開三去	jih		
多	LAI	蛥	蛥	食列	船薛開三入	zjiet		
多	—	㒅 䡔	㒅 䡔	康禮	溪齊開四上	khejq		
多	—	黟	黟	烏奚	影齊開四平	qej		
多	—	黟	黟	於脂	影脂開三A平	qi		
多	—	𤖻	𤖻	渠遙	羣宵開三A平	giew		
羴	LAN	羴	羴	許閒	曉山開二平	heen		·羴，《說文》：「羴，羊臭也。从三羊。凡羴之屬皆从羴。羶，羴或从亶。」一般認爲與「羶」互爲異體。戰國古文字材料有「羴」字，聲與之稍異：①魯穆公之名。清華竹簡二《繫年》簡124：「魯侯羴。」《繫年》簡120作「侃」，《史記·魯周公世家》作「顯」，司馬貞《索隱》云：「《系本》顯作不衍」。②和樂貌。讀爲｛侃｝（說見：黃傑《據清華簡〈繫年〉釋讀楚簡二則》）。郭店楚簡《性自命出》：「則羴(侃)女(如)也斯憙(喜)。24」上博竹書一《性情論》同。
扇	LAN	扇 煽	扇 煽	式連	書仙開三平	sjien	l̥an	·扇，大徐本《說文》：「扇，扉也。从戶，从翄聲。」小徐本作「扉也。從戶，翅省。」《古今韻會舉要》引作「扉也。从戶羽。」古文字自有“扇子”的象形（說見：林沄《先秦古文字中待探索的偏旁》、蔣玉斌《“扇”字源流補說》），傳世文字訛作「戶」形。
扇	LAN	扇 煽 傓 𧎥 𦶋 𥰢	扇 煽 傓 𧎥 𦶋 𥰢	式戰	書仙開三去	sjienh	l̥anh	
延	LAN	𦧝	𦧝	他前	透先開四平	then		
延	LAN	唌	唌	徒干	定寒開一平	dan		
延	LAN	蜑 誕 䩥	蜑 誕 䩥	徒旱	定寒開一上	danq	lˤanʔ	
延	LAN	埏 挻 鯅 脠 䘰	埏 挻 鯅 脠 䘰	式連	書仙開三平	sjien	l̥an	
延	LAN	脠 梴 㢟	脠 梴 㢟	丑延	徹仙開三平	trhien	l̥ran	
延	LAN	㢟	㢟	丑善	徹仙開三上	trhienq		
延	LAN	延 埏 筵 狿 郔 綖 蜒 䘰 鋋 䀽 𢌨 莚	延 埏 筵 狿 郔 綖 蜒 䘰 鋋 䀽 𢌨 莚	以然	以仙開三平	jien	lan	
延	LAN	莚 狿 延 涎	莚 狿 延 涎	于線	以仙開三去	jienh	lanh	
延	LAN	硟	硟	相然	心仙開三平	sien		
延	LAN	涎	涎	夕連	邪仙開三平	zien	slan	
延	LAN	𥆊	𥆊	七絹	清仙合三去	tshwienh		·𥆊，又作「𢌨」，《名義》餘連反；《玉篇》餘連切；《王三》以然、七選二反；《廣韻》以然、七絹(又弋絹切)二切。七絹切之聲母與「延」聲不合，待考。
延	LAN	硟	硟	昌戰	昌仙開三去	tjhienh		·硟，《名義》思煎反；《玉篇》思煎切；《王三》相然、尺戰二反；《廣韻》相然、昌戰二切。
延	LAN	鋋	鋋	市連	常仙開三平	djien		·鋋，小矛，《方言注》音蟬；《名義》時旃反；《玉篇》市然切；《新撰字鏡》時旃反；《廣雅音註》音蟬；《王三》以然、市連二反；《廣韻》以然、市連二切。
㳄	LAN	䢭	䢭	以然	以仙開三平	jien		
㳄	LAN	羨 䢭	羨 䢭	于線	以仙開三去	jienh	lanh	
㳄	LAN	羨	羨	以脂	以脂開三平	ji		·羨，「沙羨」，邑名。龍崗秦牘：「沙羨丞甲、史丙免辟死爲庶人。」《漢書》「沙羨」晉灼曰：「羨音夷。」
㳄	LAN	㳄	㳄	夕連	邪仙開三平	zien	slan	
㳄	LAN	𦆀	𦆀	徐翦	邪仙開三上	zienq	slanʔ	
㳄	LAN	羨 䢭	羨 䢭	似面	邪仙開三去	zienh	slanh	
㳄	LAN	𦆀	𦆀	昌善	昌仙開三上	tjhienq		
衍	KLAN	侃	侃	空旱	溪寒開一上	khanq	kʰɫˤanʔ	
衍	KLAN	侃 偘	侃 偘	苦旰	溪寒開一去	khanh	kʰɫˤanh	
衍	KLAN	𩱡	𩱡	居言	見元開三平	kyon	kɫan	
衍	KLAN	愆 諐 𠎝 <愆>	愆 諐 𠎝 愆	去乾	溪仙開三B平	khyen	kʰran	·𠎝，蓋「愆」之訛俗字。或說爲「幵」聲，未必。
衍	KLAN	衍 𧍢 𧊔	衍 𧍢 𧊔	以淺	以仙開三上	jienq	lanʔ	·衍，「侃」「衍」一字之分化。說見：裘錫圭《釋“衍”、“侃”》。
衍	KLAN	衍	衍	于線	以仙開三去	jienh	lanh	
衍	KLAN	𢯼	𢯼	余忍	以真開三上	jinq		
衍	KLAN	𢯼	𢯼	羊晉	以真開三去	jinh		
達	LAT	闥 㒓 撻 躂 澾 羍 𦍒 達	闥 㒓 撻 躂 澾 羍 𦍒 達	他達	透末開一入	that	l̥ˤat	·羍，《說文》：「羍，小羊也。从羊，大聲。讀若達。」「達」上的部件當自有其整體來源，參考：趙平安《“達”字兩系說——兼釋甲骨文所謂“途”和齊金文中所謂“造”字》、鄔可晶《試釋殷墟甲骨文的“達”字》，鄔說較優。
達	LAT	達 薘	達 薘	唐割	定末開一入	dat	lˤat	
大	LET LAT	汏	汏	他達	透末開一入	that		
大	LET LAT	泰 忕 太 汰	泰 忕 太 汰	他蓋	透泰開一去	thajh	l̥ˤath	
大	LET LAT	戻 𣧂 达 𢝹 𧛒 𥫵	戻 𣧂 达 𢝹 𧛒 𥫵	他計	透齊開四去	thejh	l̥ˤeth	
大	LET LAT	馱	馱	徒河	定歌開一平	da		
大	LET LAT	馱 大	馱 大	唐佐	定歌開一去	dah		
大	LET LAT	大 汏 軑 釱 䲦 𪐝 忕 㐲	大 汏 軑 釱 䲦 𪐝 忕 㐲	徒蓋	定泰開一去	dajh	lˤath	
大	LET LAT	軑 釱 杕	軑 釱 杕	特計	定齊開四去	dejh	lˤeth	
大	LET LAT	忕	忕	時制	常祭開三去	djiejh		
裔	LAT	裔 㵝 䕍	裔 㵝 䕍	餘制	以祭開三去	jiejh	lath	
彘	LAT	彘 璏 𩻼	彘 璏 𩻼	直例	澄祭開三去	driejh	lrath	
舌¹	LAT	絬	絬	私列	心薛開三入	siet	ɬat	
舌¹	LAT	舌	舌	食列	船薛開三入	zjiet	mlat	·舌，古文字「舌」一形多用有兩類讀音：①以組月部LAT，爲｛舌｝之表意字；②以組談部LEM，爲｛𦧥｝之表意字。說見：陳斯鵬《“舌”字古讀考》。
曳	LAT	䒶	䒶	他前	透先開四平	then		
曳	LAT	𡲕	𡲕	他計	透齊開四去	thejh		
曳	LAT	㡼	㡼	羊至	以脂開三去	jih		
曳	LAT	曳 𤤺 洩 𤵺 䎈 𢘽 䄿 𪀕 䇩 㹭	曳 𤤺 洩 𤵺 䎈 𢘽 䄿 𪀕 䇩 㹭	餘制	以祭開三去	jiejh	lath	·曳，《說文》：「曳，臾曳也。从申，𠂆聲。」許慎以爲「𠂆」聲，非。舊或說「臾」「曳」一字之分化，不可信。「曳」乃雙手拖曳人之形，乃｛曳｝之表意字，與「臾」異源，說見：陳劍《甲骨金文用爲“遊”之字補說》。
曳	LAT	𢘽	𢘽	丑例	徹祭開三去	trhiejh		
徹	LAT	撤 徹 䒆	撤 徹 䒆	丑列	徹薛開三入	trhiet	l̥rat	
徹	LAT	轍 徹 撤 澈 㯙	轍 徹 撤 澈 㯙	直列	澄薛開三入	driet	lrat	
聅	LAT	聅	聅	徒干	定寒開一平	dan	lˤan	
聅	LAT	聅	聅	丑列	徹薛開三入	trhiet	l̥rat	
屮	LAT LAN	屮	屮	丑列	徹薛開三入	trhiet	l̥rat	·屮，《說文》：「屮，艸木初生也。象丨出形，有枝莖也。古文或以爲艸字。讀若徹。凡屮之屬皆从屮。尹彤說。」
屮	LAT LAN	𨩪 𧈪 䩶	𨩪 𧈪 䩶	丑善	徹仙開三上	trhienq	l̥ranʔ	
屮	LAT LAN	䩶	䩶	丑郢	徹清開三上	trhiaengq		·䩶，《說文》：「䩶，驂具也。从革、𧈪聲。讀若騁蜃。」段玉裁注：「按《虫部》『𧈪，讀若騁』，則此『𧈪』聲讀騁宜矣。不知何以多蜃字，騁蜃連文不可通。疑當爲『又讀若蜃』也。」
𠬢	LAU	弢 𤘸 𠬢 詜	弢 𤘸 𠬢 詜	土刀	透豪開一平	thaw	lau	·𠬢，《說文》：「𠬢，滑也。《詩》云：『𠬢兮達兮。』从又、屮。一曰取也。」今本《毛詩·鄭風·子衿》作「挑兮達兮」。
笑	LAU	笑 㗛	笑 㗛	私妙	心宵開三去	siewh	ɬauh	·笑，古文字作「𦬫」。
肈	LAU	肈 肁	肈 肁	治小	澄宵開三上	driewq	lr[a]uʔ	
号	KLAU	號 𣘫 𨚙	號 𣘫 𨚙	胡刀	匣豪開一平	ghaw	ɡˤau	
号	KLAU	𧇼	𧇼	胡老	匣豪開一上	ghawq		
号	KLAU	号 號 𤩭 㙱	号 號 𤩭 㙱	胡倒	匣豪開一去	ghawh	ɡɫˤauh	
号	KLAU	饕	饕	土刀	透豪開一平	thaw	l̥ˤau	
号	KLAU	枵 呺	枵 呺	許嬌	曉宵開三B平	hyew	h(r)au	
号	KLAU	鴞 𨚙	鴞 𨚙	于嬌	云宵開三B平	yew	ɡ(r)au	
号	KLAU	𩨴	𩨴	以沼	以宵開三上	jiewq		
盜	LAUK	盜	盜	徒到	定豪開一去	dawh	lˤaukh	·盜，《說文》：「盜，私利物也。从㳄，㳄欲皿者。」其說非是。古文字「盜」是｛鑠｝*l̥[a]uk的表意字，說見：鄔可晶《釋“鑠”》。
樂	REUK RAUK ŊRAUK LAUK	樂 轢 𧭥 躒 𤻲 𪇱 濼	樂 轢 𧭥 躒 𤻲 𪇱 濼	盧各	來鐸開一入	lak	rˤauk	
樂	REUK RAUK ŊRAUK LAUK	轢	轢	盧達	來末開一入	lat		
樂	REUK RAUK ŊRAUK LAUK	濼	濼	盧毒	來沃一入	lok		
樂	REUK RAUK ŊRAUK LAUK	觻 濼	觻 濼	盧谷	來屋一入	louk		
樂	REUK RAUK ŊRAUK LAUK	轢 礫 瓅 櫟 皪 躒 䟏 觻 𥽗 擽 濼	轢 礫 瓅 櫟 皪 躒 䟏 觻 𥽗 擽 濼	郎擊	來錫開四入	lek	rˤeuk	
樂	REUK RAUK ŊRAUK LAUK	䑈	䑈	北角	幫覺二入	poeuk		
樂	REUK RAUK ŊRAUK LAUK	濼	濼	匹各	滂鐸一入	phak		
樂	REUK RAUK ŊRAUK LAUK	濼	濼	普木	滂屋一入	phouk		
樂	REUK RAUK ŊRAUK LAUK	䤕	䤕	許角	曉覺二入	hoeuk		
樂	REUK RAUK ŊRAUK LAUK	嚛	嚛	火酷	曉沃一入	hok		
樂	REUK RAUK ŊRAUK LAUK	嚛	嚛	呼木	曉屋一入	houk		
樂	REUK RAUK ŊRAUK LAUK	樂	樂	五角	疑覺二入	ngoeuk	ŋrˤauk	
樂	REUK RAUK ŊRAUK LAUK	樂	樂	五敎	疑肴開二去	ngaewh	ŋrˤaukh	
樂	REUK RAUK ŊRAUK LAUK	爍 鑠 㜰 䁻 䟏	爍 鑠 㜰 䁻 䟏	書藥	書藥開三入	sjyak	l̥[a]uk	
樂	REUK RAUK ŊRAUK LAUK	藥 𤄶 櫟 纅 㜰 𨷲 𧢢 䠯 𨈋	藥 𤄶 櫟 纅 㜰 𨷲 𧢢 䠯 𨈋	以灼	以藥開三入	jyak	l[a]uk	
樂	REUK RAUK ŊRAUK LAUK	擽	擽	離灼	來藥開三入	lyak		
樂	REUK RAUK ŊRAUK LAUK	𤻲	𤻲	力照	來宵開三去	liewh		
㚒	LAM	陝 㚒 𡟨	陝 㚒 𡟨	失冉	書鹽開三上	sjiemq	l̥amʔ	
㚒	LAM	㚒	㚒	施隻	書昔開三入	sjiaek		·㚒，《說文》：「㚒，盜竊褱物也。从亦，有所持。俗謂蔽人俾夾是也。弘農陝字从此。」昔韻施隻切之音可疑。
閃	LAM	閃 㴸	閃 㴸	失冉	書鹽開三上	sjiemq	l̥amʔ	
閃	LAM	閃	閃	舒贍	書鹽開三去	sjiemh		
炎	LAM	緂 䆱 𦸁	緂 䆱 𦸁	他酣	透談開一平	tham	l̥ˤam	
炎	LAM	𦵹 菼 緂 𤎥 毯 𦃖 裧	𦵹 菼 緂 𤎥 毯 𦃖 裧	吐敢	透談開一上	thamq	l̥ˤamʔ	
炎	LAM	賧 䆱 𪉧 睒 舕	賧 䆱 𪉧 睒 舕	吐濫	透談開一去	thamh		
炎	LAM	談 郯 惔 錟 淡 痰 倓 餤 𥰨	談 郯 惔 錟 淡 痰 倓 餤 𥰨	徒甘	定談開一平	dam	lˤam	
炎	LAM	啖 𥲄 淡 惔	啖 𥲄 淡 惔	徒敢	定談開一上	damq	lˤamʔ	
炎	LAM	惔 腅 淡 啖 倓	惔 腅 淡 啖 倓	徒濫	定談開一去	damh	lˤamh	
炎	LAM	倓 𥥍	倓 𥥍	徒感	定覃開一上	domq		
炎	LAM	𡬖 𡪶	𡬖 𡪶	火含	曉覃開一平	hom		
炎	LAM	睒 覢	睒 覢	失冉	書鹽開三上	sjiemq		
炎	LAM	煔 掞	煔 掞	舒贍	書鹽開三去	sjiemh		
炎	LAM	炎	炎	于廉	云鹽開三B平	yem	lam	
炎	LAM	𪂈	𪂈	余廉	以鹽開三平	jiem		
炎	LAM	琰 剡 𨁹 棪 燄 淡 扊 䎦	琰 剡 𨁹 棪 燄 淡 扊 䎦	以冉	以鹽開三上	jiemq	lamʔ	
炎	LAM	焱 𢴵	焱 𢴵	以贍	以鹽開三去	jiemh		
炎	LAM	燅 䕭 𢸧 㰊 𢅮	燅 䕭 𢸧 㰊 𢅮	徐鹽	邪鹽開三平	ziem	slam	
炎	LAM	裧 𤎥 緂 𢃔	裧 𤎥 緂 𢃔	處占	昌鹽開三平	tjhiem		
炎	LAM	裧	裧	昌豔	昌鹽開三去	tjhiemh		
炎	LAM	剡	剡	時染	常鹽開三上	djiemq		
炎	LAM	𤎢	𤎢	昨鹽	從鹽開三平	dziem		
㶣	LAM	㶣	㶣	徒甘	定談開一平	dam	lˤam	·㶣，見直廉切之「㶣」。
㶣	LAM	㶣 𪏂	㶣 𪏂	直廉	澄鹽開三平	driem	lram	·㶣，《說文·火部》：「㶣，小熱也。从火，干聲。《詩》曰：憂心㶣㶣。」段玉裁本改作「𤇇」以爲从「𢆉」聲，其注：「𢆉，各本誤作干。篆體亦誤。今正。」段注改篆無據。今本《毛詩·小雅·節南山》：「憂心如惔」；《韓詩》作「憂心如炎」；《說文》引《詩》曰：「憂心㶣㶣」。
㶣	LAM	䒞 <㶣>	䒞 㶣	餘針	以侵開三平	jim		·䒞，「㶣」之誤字，非「冘」聲。參考：龍宇純《廣韻校記》P48，楊寶忠、楊清臣《疑難字續考（十則）》。
㶣	LAM	𤍙	𤍙	徐鹽	邪鹽開三平	ziem		
㶣	LAM	覝	覝	力鹽	來鹽開三平	liem		
夵	—	夵	夵	以冉	以鹽開三上	jiemq		
臽	LAM LƏM KRƏM	窞 萏 𧂄 𣛱	窞 萏 𧂄 𣛱	徒感	定覃開一上	domq	lˤəmʔ	
臽	LAM LƏM KRƏM	啗	啗	徒濫	定談開一去	damh		
臽	LAM LƏM KRƏM	啗	啗	徒敢	定談開一上	damq		
臽	LAM LƏM KRƏM	𠐩	𠐩	丑減	徹咸開二上	trheemq		
臽	LAM LƏM KRƏM	𪉦	𪉦	古蹔	見談開一去	kamh		
臽	LAM LƏM KRƏM	䱤	䱤	古念	見添開四去	kemh		
臽	LAM LƏM KRƏM	𪉦	𪉦	公陷	見咸開二去	keemh		
臽	LAM LƏM KRƏM	掐 𠕣 㡊	掐 𠕣 㡊	苦洽	溪洽開二入	kheep		
臽	LAM LƏM KRƏM	䘓	䘓	苦紺	溪覃開一去	khomh		
臽	LAM LƏM KRƏM	惂 輡 錎 埳 臽	惂 輡 錎 埳 臽	苦感	溪覃開一上	khomq	kʰˤəmʔ	
臽	LAM LƏM KRƏM	鵮 𢽣	鵮 𢽣	苦咸	溪咸開二平	kheem		
臽	LAM LƏM KRƏM	蜭 䐄	蜭 䐄	胡紺	匣覃開一去	ghomh		
臽	LAM LƏM KRƏM	淊 欿 蜭	淊 欿 蜭	胡感	匣覃開一上	ghomq	ɡˤəmʔ	
臽	LAM LƏM KRƏM	䐄 𤎡	䐄 𤎡	下瞰	匣談開一去	ghamh		
臽	LAM LƏM KRƏM	陷 䱤 臽 䐄 錎	陷 䱤 臽 䐄 錎	戸韽	匣咸開二去	gheemh	ɡrˤəmh	
臽	LAM LƏM KRƏM	淊	淊	乙咸	影咸開二平	qeem		
臽	LAM LƏM KRƏM	淊	淊	於陷	影咸開二去	qeemh		
臽	LAM LƏM KRƏM	鵮	鵮	竹咸	知咸開二平	treem		
臽	LAM LƏM KRƏM	諂 讇	諂 讇	丑琰	徹鹽開三上	trhiemq	l̥ramʔ	
臽	LAM LƏM KRƏM	閻 壛 櫩 㶄 㿕	閻 壛 櫩 㶄 㿕	余廉	以鹽開三平	jiem	lam	
臽	LAM LƏM KRƏM	淊 䌪	淊 䌪	以冉	以鹽開三上	jiemq	lamʔ	
臽	LAM LƏM KRƏM	爓 焰	爓 焰	以贍	以鹽開三去	jiemh	lamh	
臽	LAM LƏM KRƏM	爓 𦢨	爓 𦢨	徐鹽	邪鹽開三平	ziem		
旵	—	旵	旵	丑減	徹咸開二上	trheemq		
豊	RI	禮 𥴡 澧 醴 鱧 豊	禮 𥴡 澧 醴 鱧 豊	盧啓	來齊開四上	lejq	rˤiʔ	
豊	RI	體 軆 䪆	體 軆 䪆	他禮	透齊開四上	thejq	r̥ˤiʔ	
礼	RI	礼	礼	盧啓	來齊開四上	lejq	rˤiʔ	·礼，《說文》：「禮，履也。所以事神致福也。从示，从豊，豊亦聲。𠃞(礼)，古文禮。」何琳儀《戰國古文字典》以爲「乙」聲，待考。
礼	RI	𨦂	𨦂	來改	來咍開一上	leojq		
黎	RI	黎 犁 𤛿 莉 黧 藜 鯬 邌 𨛫 蔾 筣 瓈 𥌛 𩧋 𨿯	黎 犁 𤛿 莉 黧 藜 鯬 邌 𨛫 蔾 筣 瓈 𥌛 𩧋 𨿯	郎奚	來齊開四平	lej	rˤi	
黎	RI	棃 梨 𠠍 蜊 蔾 犂 刕 𢤂 鯬 鑗 䴻 蟍 𨟀	棃 梨 𠠍 蜊 蔾 犂 刕 𢤂 鯬 鑗 䴻 蟍 𨟀	力脂	來脂開三平	li	ri	
黎	RI	鵹	鵹	吕支	來支開三平	lie		
黎	RI	筣	筣	里之	來之開三平	ly		
黎	RI	莉	莉	直尼	澄脂開三平	dri		
黎	RI	莉	莉	直之	澄之開三平	dry		
履	RI	履	履	力几	來脂開三上	liq	riʔ	
栗	RIK	栗 㮚 𣡷 慄 溧 䬆 𠞉 鷅 凓 篥 麜 𨍫 瑮 𦃊 塛 搮 䔁 㗚 㟳	栗 㮚 𣡷 慄 溧 䬆 𠞉 鷅 凓 篥 麜 𨍫 瑮 𦃊 塛 搮 䔁 㗚 㟳	力質	來質開三入	lit	rik	
利	RIK	浰	浰	郎甸	來先開四去	lenh		
利	RIK	利 𥝢 䬆 痢	利 𥝢 䬆 痢	力至	來脂開三去	lih	rikh	
翏	RIU MRU KRU	醪 𦗖 嫪	醪 𦗖 嫪	魯刀	來豪開一平	law	rˤu	
翏	RIU MRU KRU	𣠼 𡂕 䵏	𣠼 𡂕 䵏	盧晧	來豪開一上	lawq		
翏	RIU MRU KRU	嫪	嫪	郎到	來豪開一去	lawh		
翏	RIU MRU KRU	磟	磟	盧谷	來屋一入	louk		
翏	RIU MRU KRU	𦗖 憀 寥 廖 豂 漻 翏 髎 𡽐 熮	𦗖 憀 寥 廖 豂 漻 翏 髎 𡽐 熮	落蕭	來蕭開四平	lew	rˤiu	
翏	RIU MRU KRU	蓼 鄝 𥗀 𤁸	蓼 鄝 𥗀 𤁸	盧鳥	來蕭開四上	lewq	rˤiuʔ	
翏	RIU MRU KRU	寥	寥	郎擊	來錫開四入	lek	rˤiuk	
翏	RIU MRU KRU	顟 𠐋 賿	顟 𠐋 賿	力嘲	來肴開二平	laew		
翏	RIU MRU KRU	䰘	䰘	古了	見蕭開四上	kewq		
翏	RIU MRU KRU	膠 轇 㶀 摎 嘐	膠 轇 㶀 摎 嘐	古肴	見肴開二平	kaew	krˤiu	
翏	RIU MRU KRU	𥂔 䀊	𥂔 䀊	古巧	見肴開二上	kaewq		
翏	RIU MRU KRU	膠	膠	古孝	見肴開二去	kaewh		
翏	RIU MRU KRU	㺒	㺒	奴巧	孃肴開二上	nraewq		
翏	RIU MRU KRU	𠐋	𠐋	匹交	滂肴二平	phaew		
翏	RIU MRU KRU	𥉾	𥉾	口交	溪肴開二平	khaew		
翏	RIU MRU KRU	㺒 䀊	㺒 䀊	下巧	匣肴開二上	ghaewq		
翏	RIU MRU KRU	嘐	嘐	許交	曉肴開二平	haew		
翏	RIU MRU KRU	勠 摎 疁 飂 䰘 䚧 憀 鏐	勠 摎 疁 飂 䰘 䚧 憀 鏐	力求	來尤三平	lu	ru	
翏	RIU MRU KRU	熮	熮	力久	來尤三上	luq		
翏	RIU MRU KRU	廖 鷚 僇 飂 勠 翏	廖 鷚 僇 飂 勠 翏	力救	來尤三去	luh	ruh	·翏，《說文》：「翏，高飛也。从羽从㐱。」其說不可信。古文字有一字象以雙手絞繩之形，爲｛摎｝*ru之表意字（說見：姚萱《非王卜辭的“瘳”補說》），傳世「翏」聲首即此字。
翏	RIU MRU KRU	鏐 蟉	鏐 蟉	力幽	來幽開三平	liw		
翏	RIU MRU KRU	髎	髎	力昭	來宵開三平	liew		
翏	RIU MRU KRU	熮	熮	力照	來宵開三去	liewh		
翏	RIU MRU KRU	戮 剹 勠 穋 蓼 𦾷 磟 僇	戮 剹 勠 穋 蓼 𦾷 磟 僇	力竹	來屋三入	luk	riuk	
翏	RIU MRU KRU	鷚 繆	鷚 繆	莫浮	明尤三平	mu	mru	
翏	RIU MRU KRU	繆 鷚	繆 鷚	武彪	明幽三平	myiw	mriu	
翏	RIU MRU KRU	謬 繆	謬 繆	靡幼	明幽三去	myiwh	mriuh	
翏	RIU MRU KRU	繆	繆	莫六	明屋三入	muk		
翏	RIU MRU KRU	瘳	瘳	丑鳩	徹尤三平	trhu		
翏	RIU MRU KRU	樛	樛	居虯	見幽開三平	kiw	kriu	
翏	RIU MRU KRU	璆	璆	巨鳩	羣尤三平	gu		
翏	RIU MRU KRU	璆 鷚 蟉	璆 鷚 蟉	渠幽	羣幽開三平	giw		
翏	RIU MRU KRU	蟉	蟉	渠黝	羣幽開三上	giwq		
穆	MRIU	穆 㣎	穆 㣎	莫六	明屋三入	muk	mriuk	
弟	LI	梯 睇 𨁃	梯 睇 𨁃	土雞	透齊開四平	thej	l̥ˤi	
弟	LI	涕 挮	涕 挮	他禮	透齊開四上	thejq	l̥ˤiʔ	
弟	LI	鬀 剃 涕	鬀 剃 涕	他計	透齊開四去	thejh	l̥ˤih	
弟	LI	㖒 綈 罤 蕛 稊 𦯔 䬾 鵜 銻 鮷 𧋘	㖒 綈 罤 蕛 稊 𦯔 䬾 鵜 銻 鮷 𧋘	杜奚	定齊開四平	dej	lˤi	
弟	LI	弟 娣 悌 䑯	弟 娣 悌 䑯	徒禮	定齊開四上	dejq	lˤiʔ	
弟	LI	第 弟 鬀 睇 悌 娣	第 弟 鬀 睇 悌 娣	特計	定齊開四去	dejh	lˤih	
弟	LI	豑	豑	直一	澄質開三入	drit		
犀	LI	犀	犀	先稽	心齊開四平	sej	ɬˤi	
犀	LI	摨	摨	諧皆	孃皆開二平	nreej		
夷	LI	洟	洟	他計	透齊開四去	thejh		
夷	LI	銕	銕	他結	透屑開四入	thet	l̥ˤik	
夷	LI	桋 荑 䨑 銕 鴺 鮧	桋 荑 䨑 銕 鴺 鮧	杜奚	定齊開四平	dej	lˤi	
夷	LI	姨 夷 峓 恞 眱 痍 䧅 荑 桋 蛦 胰 鮧 羠 𢓡 鴺 𡱐 跠 洟	姨 夷 峓 恞 眱 痍 䧅 荑 桋 蛦 胰 鮧 羠 𢓡 鴺 𡱐 跠 洟	以脂	以脂開三平	ji	li	
夷	LI	咦	咦	喜夷	曉脂開三A平	hi		
夷	LI	羠	羠	徐姊	邪脂開三上	ziq	sliʔ	
尸	LI	𣹲 𣖅 𢔭 厗	𣹲 𣖅 𢔭 厗	杜奚	定齊開四平	dej		
尸	LI	屖 𠞂	屖 𠞂	先稽	心齊開四平	sej	ɬˤi	
尸	LI	尸 鳲 屍	尸 鳲 屍	式之(脂)	書脂開三平	sji	l̥i	
尸	LI	屍	屍	矢利	書脂開三去	sjih	l̥ih	
尸	LI	𡰥 𡱐	𡰥 𡱐	以脂	以脂開三平	ji	li	
尸	LI	墀 𡎰 遲 遟 謘	墀 𡎰 遲 遟 謘	直尼	澄脂開三平	dri	lri	
尸	LI	稚 遟 稺 𦃘 謘	稚 遟 稺 𦃘 謘	直利	澄脂開三去	drih	lrih	·稚，本作「稺」，訛變作「隹」旁。說見：裘錫圭《文字學概要（修訂本）》P170。
尸	LI	䐅 𣢂 屎	䐅 𣢂 屎	喜夷	曉脂開三A平	hi	hli	
尸	LI	㕧 屓	㕧 屓	虚器	曉脂開三B去	hyih		
尸	LI	伊 咿 蛜	伊 咿 蛜	於脂	影脂開三A平	qi	ʔɫi	·伊，舊多以「伊」爲「尹」聲，實於韻部不合，不論。疑「伊」本从「尹」、「尸」聲。字形上，殷商甲骨文卜辭之「伊」旁或作蹲踞人形，歷組卜辭亦有以「尹」爲義符的“索尹”之「⿰索尹」；音韻上，「伊」上古應帶*-l-，擬作*ʔli，所據材料如下：①「伊」有以「𠒁(死)」*ɬiʔ爲聲符的古文異體「𠈽」；②伊尹之｛伊｝在楚簡中又作「泗」，以「四」*ɬih聲字記錄；③《毛詩·衛風·碩人》「齒如瓠犀」，阜陽漢簡作「齒如會⿰言伊」；漢代碩人銅鏡作「齒如會師」，是以用「伊」聲字「⿰言伊」記錄｛犀｝。鄭張亦認爲「伊」聲母有後置成分*-l，說見：鄭張尚芳《古吳越地名中的侗台語成分》。
死	LI	死	死	息姊	心脂開三上	siq	ɬiʔ	·死，从「歺」从「人」，舊所謂「歺」爲殘骨云云不可信，今學者咸從裘說以「歺」爲鏟臿之形。張昂以爲會以鏟臿挖墳坑埋屍之意（說見：張昂《說“死”“葬”》）。布按：也許「歺」本來就有LI之音。古書有工具名｛夷｝，與動詞“鏟平”之｛夷｝同源，疑與此有關。
𡇒	LI	𦳊	𦳊	式視	書脂開三上	sjiq	l̥iʔ	
屎	LI	屎	屎	式視	書脂開三上	sjiq	l̥iʔ	
彝	LI	彝 㰘	彝 㰘	以脂	以脂開三平	ji	li	
亖	LI	亖	亖	息利	心脂開三去	sih	ɬi	
四	LI	訵	訵	丑飢	徹脂開三平	trhi	l̥ri	
四	LI	訵	訵	丑利	徹脂開三去	trhih	l̥rih	
四	LI	呬	呬	虚器	曉脂開三B去	hyih		
四	LI	私 厶 𦮺 㺨	私 厶 𦮺 㺨	息夷	心脂開三平	si	ɬi	·厶，爲戰國時期「四」之省形分化字。
四	LI	四 𦉭 柶 泗 牭 駟	四 𦉭 柶 泗 牭 駟	息利	心脂開三去	sih	ɬih	
兕	LI	兕 𧰽 𠒅 𠒃	兕 𧰽 𠒅 𠒃	徐姊	邪脂開三上	ziq	sliʔ	
溢	LIK	溢 鎰 齸	溢 鎰 齸	夷質	以質開三入	jit	lik	·溢，《說文》：「溢，器滿也。从水，益聲。」張鑫裕指出「溢」「益」非古今字、來源不同（說見：張鑫裕《漢碑字詞零釋及相關問題研究》），是也。今據其說析「溢」「益」爲二聲系。
溢	LIK	諡 謚	諡 謚	神至	船脂開三去	zjih	mlikh	
矢	LI LIŊ	薙	薙	他計	透齊開四去	thejh		
矢	LI LIŊ	䀢	䀢	書之	書之開三平	sjy		
矢	LI LIŊ	䀵	䀵	式其	書之開三平	sjy		·䀵，「䀢」之異體。「矢」俗書作「矣」類之形，可參：梁春勝《楷書部件演變研究》。
矢	LI LIŊ	䀢 𩶇	䀢 𩶇	式任>	書之開三平	sjy		·䀢、𩶇，此二字乃「矢」聲字，不當音寑韻式荏切。尤以訓「瞚」之「䀢」考之，當音之韻（其時之脂已混）。疑或有字韻書切語下字作「茬」，誤識爲「荏」而誤收《寑韻》。
矢	LI LIŊ	矢 𠂕	矢 𠂕	式視	書脂開三上	sjiq	l̥iʔ	
矢	LI LIŊ	寅 蔩 鏔	寅 蔩 鏔	以脂	以脂開三平	ji	li	
矢	LI LIŊ	鏔	鏔	與之	以之開三平	jy	li	
矢	LI LIŊ	寅 夤 𦟘 蔩 螾 𡐔	寅 夤 𦟘 蔩 螾 𡐔	翼眞	以真開三平	jin	liŋ	·寅，一般認爲與「矢」乃一字之分化。
矢	LI LIŊ	螾 𠻤 濥 戭 縯	螾 𠻤 濥 戭 縯	余忍	以真開三上	jinq	liŋʔ	
矢	LI LIŊ	濥	濥	羊晉	以真開三去	jinh		
矢	LI LIŊ	演 縯 蔩 𠻤 戭	演 縯 蔩 𠻤 戭	以淺	以仙開三上	jienq	lenʔ	
矢	LI LIŊ	𠻤	𠻤	于線	以仙開三去	jienh		
矢	LI LIŊ	雉 薙	雉 薙	直几	澄脂開三上	driq	lriʔ	
矢	LI LIŊ	薙 䒨	薙 䒨	徐姊	邪脂開三上	ziq		
申	LIŊ	電	電	堂練	定先開四去	denh	lˤiŋh	
申	LIŊ	申 伸 紳 呻 𣢘 眒 胂 𩉼 𠭙 柛 䰠 訷	申 伸 紳 呻 𣢘 眒 胂 𩉼 𠭙 柛 䰠 訷	失人	書真開三平	sjin	l̥iŋ	
申	LIŊ	眒 抻	眒 抻	試刃	書真開三去	sjinh		
申	LIŊ	胂	胂	丑人	徹真開三平	trhin		
申	LIŊ	朄 𨋙	朄 𨋙	羊晉	以真開三去	jinh		
申	LIŊ	神	神	食鄰	船真開三平	zjin	mliŋ	
陳	LIŊ	陳 敶 䍶	陳 敶 䍶	直珍	澄真開三平	drin	lriŋ	·陳，《說文》：「陳，宛丘，舜後嬀滿之所封。从𨸏从木，申聲。」從古文字材料看，其說非是。古文字有一字象以手作多次纏束之形，爲“紳束”之｛紳｝*l̥iŋ的表意字（說見：裘錫圭,李家浩《談曾侯乙墓鐘磬銘文中的幾個字》），此即「敶」之聲首。
陳	LIŊ	敶 陳 陣	敶 陳 陣	直刃	澄真開三去	drinh	lriŋh	
引	LIŊ	矤 矧 訠 弞	矤 矧 訠 弞	式忍	書真開三上	sjinq	l̥iŋʔ	·矤，《說文》：「矤，況也，詞也。从矢，引省聲。从矢，取詞之所之如矢也。」·弞，亦「引」省聲。
引	LIŊ	引 𢎢 蚓 弞 䏖 廴 鈏 靷	引 𢎢 蚓 弞 䏖 廴 鈏 靷	余忍	以真開三上	jinq	liŋʔ	
引	LIŊ	靷 引 䏖 鈏	靷 引 䏖 鈏	羊晉	以真開三去	jinh	liŋh	
引	LIŊ	紖 䏖 䀕	紖 䏖 䀕	直引	澄真開三上	drinq	lriŋʔ	
胤	LIŊ	胤 酳 洕	胤 酳 洕	羊晉	以真開三去	jinh	liŋh	
身	LIŊ	𨌈	𨌈	徒年	定先開四平	den		
身	LIŊ	銵 㧶	銵 㧶	口莖	溪耕開二平	kheeng		·銵、㧶，琴聲，又作「鏗」，《玉篇》引《論語》曰：『㧶爾，捨瑟而作』，今本《論語》作「鏗爾」。
身	LIŊ	𠲳 㑗 身	𠲳 㑗 身	失人	書真開三平	sjin	l̥iŋ	
天	LIŊ	天 𠀘 吞 詽 <䚶>	天 𠀘 吞 詽 䚶	他前	透先開四平	then	l̥ˤiŋ	·詽，蓋爲「䚶」之訛字。
天	LIŊ	𤲖 蚕	𤲖 蚕	他典	透先開四上	thenq		
天	LIŊ	吞	吞	吐根	透痕開一平	theon		
天	LIŊ	祆 訮 <䚶>	祆 訮 䚶	呼煙	曉先開四平	hen		
田	LIŊ	田 佃 畋 畇 䟧 鈿 䡘 沺	田 佃 畋 畇 䟧 鈿 䡘 沺	徒年	定先開四平	den	lˤiŋ	
田	LIŊ	畋 甸 佃 鈿	畋 甸 佃 鈿	堂練	定先開四去	denh	lˤiŋh	
㣇	LIK	㣇	㣇	特計	定齊開四去	dejh	lˤikh	
㣇	LIK	肄 㣇	肄 㣇	羊至	以脂開三去	jih	likh	
㣇	LIK	肆 𩬶 𧳙 㣈 蕼 肂	肆 𩬶 𧳙 㣈 蕼 肂	息利	心脂開三去	sih	ɬikh	
失	LIK	蛈	蛈	他結	透屑開四入	thet	l̥ˤik	
失	LIK	眣 昳 胅 迭 跌 軼 䭿 𨳺 瓞 苵 镻 䳀 詄 泆 𥑇 趃	眣 昳 胅 迭 跌 軼 䭿 𨳺 瓞 苵 镻 䳀 詄 泆 𥑇 趃	徒結	定屑開四入	det	lˤik	
失	LIK	眣	眣	陟鎋	知鎋開二入	traet		
失	LIK	失	失	式質	書質開三入	sjit	l̥ik	
失	LIK	詄	詄	矢利	書脂開三去	sjih	l̥ikh	
失	LIK	抶 眣	抶 眣	丑栗	徹質開三入	trhit	l̥rik	
失	LIK	䰡	䰡	丑吏	徹之開三去	trhyh		
失	LIK	佚 軼 泆 劮 䭿 䳀	佚 軼 泆 劮 䭿 䳀	夷質	以質開三入	jit	lik	
失	LIK	秩 紩 帙 袠 柣 翐 妷 𣗻	秩 紩 帙 袠 柣 翐 妷 𣗻	直一	澄質開三入	drit	lrik	
失	LIK	柣	柣	千結	清屑開四入	tshet		·柣，門限，《爾雅》：「柣謂之閾。」陸德明釋文：「柣，郭千結反，顧丈乙反，吕伯雍大一反。《廣雅》云：砌也。」《匡謬正俗·門限》：「按《爾雅》曰：柣謂之閾。郭景純注曰：門限也。音切。今言門蒨。是柣聲之轉耳。字宜為柣而作切音。」又作「𣕋」，《說文》：「𣕋，限也。从木，㞕聲。」
𬌍	LIK	屑 榍 糏 𦵱 𦞚 㨝	屑 榍 糏 𦵱 𦞚 㨝	先結	心屑開四入	set	ɬˤik	·屑，《說文》：「㞕，動作切切也。从尸，䏌聲。」其所謂聲符「䏌」於古無徵，蓋自「㞕」「佾」上剝離而來，不可信。陳劍先生認爲源自「𬌍」中「⿱兔月」之流變，說見：陳劍《甲骨金文舊釋“䵼”之字及相關諸字新釋》。今從其說。秦文字似多將各種不同來源的部件類化爲「尸」形，「屋」「履」等皆如此。
𬌍	LIK	𪌯 𪍛 屑	𪌯 𪍛 屑	蘇骨	心沒合一入	sot		
𬌍	LIK	𪙌	𪙌	千結	清屑開四入	tshet		
𬌍	LIK	逸 佾	逸 佾	夷質	以質開三入	jit	lik	·逸，參見陳劍《甲骨金文舊釋“䵼”之字及相關諸字新釋》。·佾，與「㞕」爲一字之分化。
戜	LIK	鐵 𢶋 驖	鐵 𢶋 驖	他結	透屑開四入	thet	l̥ˤik	
戜	LIK	驖 戜	驖 戜	徒結	定屑開四入	det	lˤik	
戜	LIK	䟈 𢧤	䟈 𢧤	直一	澄質開三入	drit	lrik	
䌛	LIU LEU	𤬖	𤬖	式招	書宵開三平	sjiew	l̥eu	
䌛	LIU LEU	遙 媱 傜 繇 颻 𣣳 窰 䔄 鰩 搖 謠 愮 𨙂 蘨 𤬖 鷂 𢑄 榣 嗂 䠛 瑤 猺	遙 媱 傜 繇 颻 𣣳 窰 䔄 鰩 搖 謠 愮 𨙂 蘨 𤬖 鷂 𢑄 榣 嗂 䠛 瑤 猺	餘昭	以宵開三平	jiew	leu	
䌛	LIU LEU	䁘	䁘	以沼	以宵開三上	jiewq		
䌛	LIU LEU	鷂 搖 𧡷 䔄	鷂 搖 𧡷 䔄	弋照	以宵開三去	jiewh		
䌛	LIU LEU	𨙂 蘨 櫾 䚻 䍃 繇 㘥	𨙂 蘨 櫾 䚻 䍃 繇 㘥	以周	以尤三平	ju	liu	·䍃，古文字「⿰月系」象張口之獸形，是｛鼬｝*lius之表意字（說見：曾憲通《說“繇”》），傳世「𤬖」「䌛」等字皆「⿰月系」聲。後世文字系統中源自此聲首的基本聲符多省去獸之身形、而獨留類化作「月」的口形，如楚文字多用从「木」之「𰗕」、秦文字多用从「缶」之「䍃」。
䌛	LIU LEU	櫾	櫾	余救	以尤三去	juh		
䌛	LIU LEU	𨷱	𨷱	旨兖(沇)	章尤三平	tju		·𨷱，《說文》：「𨷱，開閉門利也。从門、繇聲。一曰縷十紘也。」段注：「按此篆當音由。《唐韵》乃旨沇切。未詳。」疑所據字韻書下字「流」訛作「沇」，因誤收旨兖切音；聲母未詳。
䌛	LIU LEU	繇	繇	直祐	澄尤三去	druh		
由	LIU LIUK	㾄	㾄	徒谷	定屋一入	douk		
由	LIU LIUK	迪 笛 邮 頔 䨤 苖 㣙	迪 笛 邮 頔 䨤 苖 㣙	徒歷	定錫開四入	dek	lˤiuk	
由	LIU LIUK	抽 妯	抽 妯	丑鳩	徹尤三平	trhu	l̥ru	
由	LIU LIUK	苖	苖	丑六	徹屋三入	trhuk		
由	LIU LIUK	油 由 秞 蚰 鮋 邮 㽕 𣔴	油 由 秞 蚰 鮋 邮 㽕 𣔴	以周	以尤三平	ju	liu	
由	LIU LIUK	鼬 柚 油 牰	鼬 柚 油 牰	余救	以尤三去	juh	liu(k)h	
由	LIU LIUK	紬 怞 鮋 菗	紬 怞 鮋 菗	直由	澄尤三平	dru	lriu	
由	LIU LIUK	軸 妯 舳 柚	軸 妯 舳 柚	直六	澄屋三入	druk	lriuk	
由	LIU LIUK	胄 冑 𩊄 宙 伷 䛆 駎	胄 冑 𩊄 宙 伷 䛆 駎	直祐	澄尤三去	druh	lriu(k)h	
由	LIU LIUK	岫 𥥉 袖 牰	岫 𥥉 袖 牰	似祐	邪尤三去	zuh	sliu(k)h	
由	LIU LIUK	鮋	鮋	市流	常尤三平	dju		
由	LIU LIUK	䅢	䅢	即救	精尤三去	tsuh		
𪯎	LIU	盩	盩	張流	知尤三平	tru		·盩，《說文》：「盩，引擊也。从幸、攴，見血也。扶風有盩厔縣。」其說不可信。「盩」當分析爲从「皿」、「𪯎」聲。古文字「𪯎」从「㚔」从「攴」，古音在以組幽部L(I)U，其例如：①西周金文之「𢿐龢」「盭龢」當讀爲｛修和｝，《逸周書·祭公》：「執和周國」，清華竹簡一《祭公》作「⿱攸土」；②秦駰玉版：「永戁(歎)憂盩(怞)。」其文叶幽部韻；③秦石鼓《乍原》：「□□盩(修)道。」可參：施謝捷《釋“盩”》、張崇禮《清華簡〈芮良夫毖〉考釋》、王瑜楨《〈清華三·芮良夫毖〉“頪”字考——兼釋“盭和庶民”》等。此字舊亦多與戰國兵器銘文之「𪯎齊」之「𪯎」牽連，後者實爲「執」之異體，（參：李學勤《〈考工記〉與戰國兵器銘文的“執齊”》、周波《〈嶽麓書院藏秦簡（柒）〉研讀》），非一字，不論。上述辭例①或讀｛調｝*dˤiu，雖與傳世音密合，然審諸他例（尤以《祭公》異文爲定點）可見應讀L-而非T-。以組L-聲母按例不入中古知母，是由「盩厔」雙聲聯緜同化而讀知母，抑或其他特殊音變。
攸	LIU LIUK	絛 𠌪	絛 𠌪	土刀	透豪開一平	thaw	l̥ˤu	
攸	LIU LIUK	蓧	蓧	吐彫	透蕭開四平	thew	l̥ˤiu	
攸	LIU LIUK	窱	窱	土了	透蕭開四上	thewq	l̥ˤiuʔ	
攸	LIU LIUK	窱	窱	他弔	透蕭開四去	thewh	l̥ˤiuh	
攸	LIU LIUK	蓨 𥉈	蓨 𥉈	他歷	透錫開四入	thek	l̥ˤiuk	
攸	LIU LIUK	條 樤 鋚 𧌁 䩦 𠤼 鰷	條 樤 鋚 𧌁 䩦 𠤼 鰷	徒聊	定蕭開四平	dew	lˤiu	
攸	LIU LIUK	莜 𥁮	莜 𥁮	徒弔	定蕭開四去	dewh		
攸	LIU LIUK	滌 蓧	滌 蓧	徒歷	定錫開四入	dek	lˤiuk	
攸	LIU LIUK	翛	翛	蘇彫	心蕭開四平	sew	ɬˤiu	
攸	LIU LIUK	篠 筱	篠 筱	先鳥	心蕭開四上	sewq	ɬˤiuʔ	
攸	LIU LIUK	儵 倏 虪 跾 𢞣 翛 㶖	儵 倏 虪 跾 𢞣 翛 㶖	式竹	書屋三入	sjuk	l̥iuk	
攸	LIU LIUK	悠 攸 浟 鯈	悠 攸 浟 鯈	以周	以尤三平	ju	liu	
攸	LIU LIUK	㫍	㫍	餘昭	以宵開三平	jiew		
攸	LIU LIUK	𥈌	𥈌	丑鳩	徹尤三平	trhu		
攸	LIU LIUK	鯈	鯈	直由	澄尤三平	dru		
攸	LIU LIUK	脩 修 𩛢 𩝧 樇	脩 修 𩛢 𩝧 樇	息流	心尤三平	su	ɬiu	
攸	LIU LIUK	滫	滫	息有	心尤三上	suq	ɬiuʔ	
逐	LIUK	篴	篴	徒歷	定錫開四入	dek	lˤiuk	
逐	LIUK	蓫	蓫	許竹	曉屋三入	huk	hluk	
逐	LIUK	蓫	蓫	丑六	徹屋三入	trhuk	l̥r(i)uk	
逐	LIUK	逐 鱁 𧏿 蓫 䮱 篴	逐 鱁 𧏿 蓫 䮱 篴	直六	澄屋三入	druk	lriuk	
卌	—	卌	卌	先立	心緝開三入	sip		
忝	LIM	添	添	他兼	透添開四平	them	l̥ˤim	
忝	LIM	忝 悿	忝 悿	他玷	透添開四上	themq	l̥ˤimʔ	
忝	LIM	㮇 忝	㮇 忝	他念	透添開四去	themh		
忝	LIM	菾	菾	徒兼	定添開四平	dem		
孴	LIP	孴	孴	羊入	以緝開三入	jip	lip	·孴，《說文·孨部》：「孴，盛皃。从孨从曰。讀若薿薿。一曰若存。𡥨，籒文孴从二子。一曰𡥨卽奇字㬜。」戰國楚簡材料有「𡥨」字，對讀傳世文獻地名「攝」，上博竹書六《競公瘧》：「自古(姑)、𧈡(尤)以西，翏(聊)、𡥨(攝)㠯(以)東，丌(其)人婁(數)多已。」今本《左傳·昭公二十年》：「聊攝以東，姑尤以西，其爲人也多矣」；《晏子春秋·外篇上·景公有疾梁丘據裔款請誅祝史晏子諫》同。此「𡥨」用爲{攝}，其音似與中古尼立切的「孨」字讀音頗合。又有以之爲聲的「𫨗」字，有三種用法：①用爲人名，新蔡葛陵楚簡乙三24：「王孫𫨗」又乙三42：「王孫厭」，「𫨗」「厭」爲一字異體；②將祭品奉予神靈，新楚簡：「𫨗之。」清華簡一《金縢》：「我則𫨗璧與珪。」或讀爲｛厭｝，陳劍先生讀爲｛瘞｝；③清華簡二《繫年》：「𫨗年。」整理者讀爲｛薦｝，孟蓬生讀爲｛翌｝，陳爻（陳劍）先生讀爲｛浹｝。參考：陳劍《清華簡〈金縢〉研讀三題》、《也談〈繫年〉的“厭年”》。
孴	LIP	孨 㵫	孨 㵫	尼立	孃緝開三入	nrip	nrip	
孴	LIP	孴	孴	魚紀	疑之開三上	ngyq		·孴，盛多貌，此同「薿」。《說文》：「孴，盛皃。从孨从曰。讀若薿薿。一曰若存。」又羊入切。
丽	RE	丽	丽	郎計	來齊開四去	lejh	rˤeh	·丽，與「麗」來源不同，早見於甲骨文，象二人並行，爲｛儷｝之初文。說見：秦永龍《釋“麗”》、王子楊《甲骨金文舊釋“競”之字皆當改釋爲“麗”》
麗	RE	廲 驪	廲 驪	郎奚	來齊開四平	lej		
麗	RE	鱺 𣀷 欐	鱺 𣀷 欐	盧啓	來齊開四上	lejq		
麗	RE	麗 儷 𠠫 欐 㿛 䚕 䕻	麗 儷 𠠫 欐 㿛 䚕 䕻	郎計	來齊開四去	lejh	rˤeh	
麗	RE	酈	酈	郎擊	來錫開四入	lek	rˤek	
麗	RE	籭	籭	山佳	生佳開二平	sree		
麗	RE	灑 躧	灑 躧	所蟹	生佳開二上	sreeq		
麗	RE	灑	灑	砂下	生麻開二上	sraeq		
麗	RE	曬	曬	所賣	生佳開二去	sreeh		
麗	RE	彲	彲	丑知	徹支開三平	trhie		
麗	RE	酈 𣀷 驪 鸝 䕻 麗 孋 𧕯 矖 穲	酈 𣀷 驪 鸝 䕻 麗 孋 𧕯 矖 穲	吕支	來支開三平	lie	re	
麗	RE	邐	邐	力紙	來支開三上	lieq		
麗	RE	㿛	㿛	力智	來支開三去	lieh		
麗	RE	䚕	䚕	力至	來脂開三去	lih		
麗	RE	釃 欐 襹 𧕯 籭	釃 欐 襹 𧕯 籭	所宜	生支開三平	srye		
麗	RE	釃 𦌿	釃 𦌿	所葅	生魚開三平	sryo		
麗	RE	躧 𩎉 灑 纚 釃 矖	躧 𩎉 灑 纚 釃 矖	所綺	生支開三上	sryeq	r̥eʔ	
麗	RE	灑 襹 曬	灑 襹 曬	所寄	生支開三去	sryeh	r̥eh	
剶	RE	盠	盠	郎奚	來齊開四平	lej		
剶	RE	蠡 𦫈 𩽵 欚 盠 劙	蠡 𦫈 𩽵 欚 盠 劙	盧啓	來齊開四上	lejq	rˤeʔ	
剶	RE	劙	劙	郎計	來齊開四去	lejh	rˤeh	
剶	RE	䤙 㔏	䤙 㔏	郎擊	來錫開四入	lek		·㔏，《廣韻》：「㔏，劙開。」可能是「劙」之訛字；或退一步講，是「劙」省聲且繼承了“劙”的音義。
剶	RE	蠡 劙	蠡 劙	吕支	來支開三平	lie	re	
剶	RE	墬	墬	徒四	定脂開三去	dih		
剶	RE	㥟	㥟	戸佳	匣佳開二平	ghee		
剶	RE	𧰲	𧰲	尺氏	昌支開三上	tjhieq		
霝	REŊ	靈 霛 𩆈 𩆜 麢 𦏰 霝 醽 櫺 𩆚 𧕅 𦉢 𩖊 蘦 䡼 孁 𩵀 龗 𧖜 𩆮 酃 𤣤 爧 𠱠 𦫊 𢺰 𥤞 䉹	靈 霛 𩆈 𩆜 麢 𦏰 霝 醽 櫺 𩆚 𧕅 𦉢 𩖊 蘦 䡼 孁 𩵀 龗 𧖜 𩆮 酃 𤣤 爧 𠱠 𦫊 𢺰 𥤞 䉹	郎丁	來青開四平	leng	rˤeŋ	
霝	REŊ	𢺰	𢺰	郎定	來青開四去	lengh		
令	REŊ MREŊ	怜 零	怜 零	落賢	來先開四平	len		
令	REŊ MREŊ	舲 齡 囹 鴒 䉁 蛉 鈴 苓 柃 伶 泠 瓴 拎 刢 𧆺 𤫲 玲 軨 笭 零 令 𪕌 𩟃 翎 閝 䴇 昤 駖 蕶 詅 彾 䯍 呤 跉 狑 冷 怜 澪 秢 䕘 岭 魿 𣬹 𩚹 紷 砱 阾 羚 姈 㸳	舲 齡 囹 鴒 䉁 蛉 鈴 苓 柃 伶 泠 瓴 拎 刢 𧆺 𤫲 玲 軨 笭 零 令 𪕌 𩟃 翎 閝 䴇 昤 駖 蕶 詅 彾 䯍 呤 跉 狑 冷 怜 澪 秢 䕘 岭 魿 𣬹 𩚹 紷 砱 阾 羚 姈 㸳	郎丁	來青開四平	leng	rˤ[e]ŋ	
令	REŊ MREŊ	笭 𦊓 冷	笭 𦊓 冷	力鼎	來青開四上	lengq		
令	REŊ MREŊ	零 令	零 令	郎定	來青開四去	lengh	rˤeŋh	
令	REŊ MREŊ	冷	冷	魯打	來庚開二上	laengq		
令	REŊ MREŊ	令	令	力延	來仙開三平	lien		
令	REŊ MREŊ	跉 令	跉 令	吕貞	來清開三平	liaeng		
令	REŊ MREŊ	領 嶺 阾 柃 袊 䕘	領 嶺 阾 柃 袊 䕘	良郢	來清開三上	liaengq	reŋʔ	
令	REŊ MREŊ	令 詅	令 詅	力政	來清開三去	liaengh	reŋh	
令	REŊ MREŊ	駗 <駖>	駗 駖	力珍	來真開三平	lin		·駗，「駖」之訛形（參考：龍宇純《唐寫全本王仁昫刊謬補缺〈切韻〉校箋》），《切三》正作「駖」。又作「驎」。
令	REŊ MREŊ	命	命	眉病	明庚三B去	myaengh	mreŋh	
令	REŊ MREŊ	矜	矜	居陵	見蒸開三平	kyng	kriŋ	·矜，本「令」聲，後聲符訛爲「今」。說見：季旭昇《說文新證》2014年版P938-939、趙彤《利用古文字資料考訂幾個上古音問題》。
令	REŊ MREŊ	𣻒 旍	𣻒 旍	子盈	精清開三平	tsiaeng		
令	REŊ MREŊ	魿	魿	巨巾	羣真開三B平	gyin		
令	REŊ MREŊ	𣢝	𣢝	許令	曉清開三A去	hiaengh		
歷	REK	靂 䟐 癧 䥶 秝 櫪 䍽 𩽏 歷 曆 藶 瀝 磿 㽁 𥌮 䍥 𪙽 厤 攊 𧙉 <𧛿> 𡳸 𦠓 𪅼	靂 䟐 癧 䥶 秝 櫪 䍽 𩽏 歷 曆 藶 瀝 磿 㽁 𥌮 䍥 𪙽 厤 攊 𧙉 𧛿 𡳸 𦠓 𪅼	郎擊	來錫開四入	lek	rˤek	·𧙉，「𧛿」之訛字。《玉篇》作「𧛿」。
鬲	REK KREK	隔 膈 搹 鬲 槅 𥴩 𢡍 𥉅 𩹺 嗝	隔 膈 搹 鬲 槅 𥴩 𢡍 𥉅 𩹺 嗝	古核	見麥開二入	keek	krˤek	
鬲	REK KREK	𩱘 䙐	𩱘 䙐	楷革	溪麥開二入	kheek		
鬲	REK KREK	䃒 翮 滆 蒚	䃒 翮 滆 蒚	下革	匣麥開二入	gheek		
鬲	REK KREK	䩹	䩹	五陌	疑陌開二入	ngaek		
鬲	REK KREK	虉 䩹 㣂	虉 䩹 㣂	五革	疑麥開二入	ngeek		
鬲	REK KREK	虉	虉	五歷	疑錫開四入	ngek		
鬲	REK KREK	䈪	䈪	許激	曉錫開四入	hek		
鬲	REK KREK	鎘 鬲 蒚 䮥 𨢌	鎘 鬲 蒚 䮥 𨢌	郎擊	來錫開四入	lek	rˤek	
㸚	—	㸚	㸚	郎計	來齊開四去	lejh		
㸚	—	㸚	㸚	力紙	來支開三上	lieq		
解	KRE	解 薢 檞	解 薢 檞	佳買	見佳開二上	keeq	krˤeʔ	
解	KRE	懈 解 繲 廨 薢	懈 解 繲 廨 薢	古隘	見佳開二去	keeh	krˤeh	
解	KRE	薢	薢	古諧	見皆開二平	keej		
解	KRE	𠢲	𠢲	苦駭	溪皆開二上	kheejq		
解	KRE	蟹 䲒 解 獬 澥 嶰 𨼬	蟹 䲒 解 獬 澥 嶰 𨼬	胡買	匣佳開二上	gheeq	ɡrˤeʔ	
解	KRE	邂 解	邂 解	胡懈	匣佳開二去	gheeh	ɡrˤeh	
閑	KREN	䔵	䔵	古顔	見刪開二平	kaen		
閑	KREN	閑 鷴	閑 鷴	戸閒	匣山開二平	gheen	ɡrˤen	
閒	KREN KRAN	閒 蕑 覸	閒 蕑 覸	古閑	見山開二平	keen	krˤen	
閒	KREN KRAN	簡 㶕 僩 𧟉	簡 㶕 僩 𧟉	古限	見山開二上	keenq	krˤenʔ	
閒	KREN KRAN	襇 閒 覸 𨣉	襇 閒 覸 𨣉	古莧	見山開二去	keenh	krˤenh	
閒	KREN KRAN	澗 鐧	澗 鐧	古晏	見刪開二去	kaenh	krˤanh	
閒	KREN KRAN	鬜	鬜	苦閑	溪山開二平	kheen		
閒	KREN KRAN	鬜	鬜	可顔	溪刪開二平	khaen		
閒	KREN KRAN	鬜	鬜	恪八	溪黠開二入	kheet		
閒	KREN KRAN	嫺 癇 𩦂 瞯 憪	嫺 癇 𩦂 瞯 憪	戸閒	匣山開二平	gheen	ɡrˤen	
閒	KREN KRAN	僩 憪 𤡥 <撊> 橌	僩 憪 𤡥 撊 橌	下赧	匣刪開二上	ghaenq	ɡrˤanʔ	
閒	KREN KRAN	𤡥 㗴	𤡥 㗴	五閑	疑山開二平	ngeen		
閒	KREN KRAN	覸	覸	方免	幫仙三B上	pyenq		·覸，視，《名義》古辨反；《王三》方免反；《廣韻》古閑、方免、古莧三切。方免切之聲母與「間」聲字形不合，待考。
𫩀	RET	隸 隷 𤃀 𥶾 𣛒 𣟌	隸 隷 𤃀 𥶾 𣛒 𣟌	郎計	來齊開四去	lejh	rˤeth	·隸，从「米」、「𫩀」聲。一般將古文字材料中一从「木」从「示」从「又」或「攴」的字釋爲「𫩀」，其字從用法上看其音應在上古開口見系月部KRET：①量詞，讀爲｛介｝。冬簋：「凡百又卅又五𫩀(介)。」〔西周中期，《集成》04322〕季姬尊：「牛六十又九𠭥(介)，羊三百又八十又五𫩀(介)。」〔西周中期，《新收》03642〕②獨立貌，讀爲｛孑｝。安大竹簡一《詩經》：「𫩀=(孑孑)竿(干)𦑖(旌)。98」今本《毛詩·鄘風·干旄》作「孑孑干旌」。③國名、氏名，讀爲{介}。三體石經《春秋》：「𫩀(介)𦵫(葛)膚(盧)。」今本《春秋·僖公二十九年》作「介葛盧」。
𫩀	RET	𥶾	𥶾	力智	來支開三去	lieh		
𫩀	RET	䇐	䇐	力遂	來脂合三去	lwih		
𫩀	RET	䇐	䇐	力至	來脂開三去	lih		
了	REU	了 䑠 𧘈	了 䑠 𧘈	盧鳥	來蕭開四上	lewq	rˤeuʔ	
了	REU	𩵌	𩵌	先鳥	心蕭開四上	sewq		·𩵌，《廣韻》：「𩵌，魚名。」《集韻》：「鰷，魚名。或从了。」
料	REU	料	料	落蕭	來蕭開四平	lew	rˤeu	
料	REU	料 炓	料 炓	力弔	來蕭開四去	lewh	rˤeuh	
尞	REU RAU	𧰉 簝	𧰉 簝	魯刀	來豪開一平	law		
尞	REU RAU	䝤 獠 轑 橑 潦 䕩	䝤 獠 轑 橑 潦 䕩	盧晧	來豪開一上	lawq	rˤauʔ	
尞	REU RAU	潦	潦	郎到	來豪開一去	lawh		
尞	REU RAU	膫 飉 遼 竂 㙩 橑 撩 僚 寮 鐐 簝 鷯 璙 嫽 蟟 瞭 𧂏 𩯊 嶚 繚 憭 獠 嘹	膫 飉 遼 竂 㙩 橑 撩 僚 寮 鐐 簝 鷯 璙 嫽 蟟 瞭 𧂏 𩯊 嶚 繚 憭 獠 嘹	落蕭	來蕭開四平	lew	rˤeu	
尞	REU RAU	瞭 镽 繚 憭 爒 撩	瞭 镽 繚 憭 爒 撩	盧鳥	來蕭開四上	lewq	rˤeuʔ	
尞	REU RAU	𩕐 嫽 嘹 鐐 璙 𦌒	𩕐 嫽 嘹 鐐 璙 𦌒	力弔	來蕭開四去	lewh	rˤeuh	
尞	REU RAU	䝤 獠	䝤 獠	張絞	知肴開二上	traewq		
尞	REU RAU	燎	燎	力昭	來宵開三平	liew	r[a]u	
尞	REU RAU	繚 燎 𢻢 璙 憭 爒 僚 䩍 嫽	繚 燎 𢻢 璙 憭 爒 僚 䩍 嫽	力小	來宵開三上	liewq	r[a]uʔ	
尞	REU RAU	尞 燎 㙩 療 膫 鷯	尞 燎 㙩 療 膫 鷯	力照	來宵開三去	liewh	r[a]uh	
兼	REM KLEM	鬑 薕 熑 溓 濓 燫	鬑 薕 熑 溓 濓 燫	勒兼	來添開四平	lem	rˤem	
兼	REM KLEM	稴 溓 𤬓	稴 溓 𤬓	力忝	來添開四上	lemq		
兼	REM KLEM	稴	稴	力念	來添開四去	lemh		
兼	REM KLEM	兼 縑 鶼 𥻧 蒹 𦋰 鰜	兼 縑 鶼 𥻧 蒹 𦋰 鰜	古甜	見添開四平	kem	[kɫ]ˤem	
兼	REM KLEM	兼	兼	古念	見添開四去	kemh		
兼	REM KLEM	尲	尲	古咸	見咸開二平	keem		
兼	REM KLEM	鹻	鹻	古斬	見咸開二上	keemq		
兼	REM KLEM	䫡	䫡	公陷	見咸開二去	keemh		
兼	REM KLEM	謙	謙	苦兼	溪添開四平	khem		
兼	REM KLEM	嗛 歉 慊 膁	嗛 歉 慊 膁	苦簟	溪添開四上	khemq	[kʰɫ]ˤemʔ	
兼	REM KLEM	傔	傔	苦念	溪添開四去	khemh		
兼	REM KLEM	歉 䫡 槏	歉 䫡 槏	苦減	溪咸開二上	kheemq		
兼	REM KLEM	䫡	䫡	丘檻	溪銜開二上	khaemq		
兼	REM KLEM	歉 䫡	歉 䫡	口陷	溪咸開二去	kheemh		
兼	REM KLEM	嫌 稴	嫌 稴	戸兼	匣添開四平	ghem		
兼	REM KLEM	鼸 㺌	鼸 㺌	胡忝	匣添開四上	ghemq		
兼	REM KLEM	鰜 稴	鰜 稴	胡讒	匣咸開二平	gheem		
兼	REM KLEM	甉	甉	戸監	匣銜開二平	ghaem		
兼	REM KLEM	豏 㺌 甉	豏 㺌 甉	下斬	匣咸開二上	gheemq		
兼	REM KLEM	馦 㾾 㽐	馦 㾾 㽐	許兼	曉添開四平	hem		
兼	REM KLEM	䫡 𪙊	䫡 𪙊	五咸	疑咸開二平	ngeem		
兼	REM KLEM	𧸖 譧	𧸖 譧	佇陷	澄咸開二去	dreemh		·𧸖，《名義》力苔反；《玉篇》徒陷切；《新撰字鏡》力苫反；《王三》佇陷反；《裴韻》佇陷反；《廣韻》佇陷切；《集韻》離鹽切。
兼	REM KLEM	廉 鐮 鎌 𩄡 㡘 簾 薕 𥖝 蠊 䆂 𨎷 𣀃 鬑	廉 鐮 鎌 𩄡 㡘 簾 薕 𥖝 蠊 䆂 𨎷 𣀃 鬑	力鹽	來鹽開三平	liem	rem	
兼	REM KLEM	溓 嬚 䭑	溓 嬚 䭑	良冉	來鹽開三上	liemq		
兼	REM KLEM	嵰	嵰	丘檢	溪鹽開三B上	khyemq		
兼	REM KLEM	𪙊	𪙊	語廉	疑鹽開三B平	ngyem		
兼	REM KLEM	隒	隒	魚檢	疑鹽開三B上	ngyemq		
兼	REM KLEM	𪙊	𪙊	魚欠	疑嚴開三去	ngyomh		
劦	REP	搚	搚	盧合	來合開一入	lop		
劦	REP	搚	搚	盧盍	來盍開一入	lap		
劦	REP	荔 珕 栛 珕 𩘡	荔 珕 栛 珕 𩘡	郎計	來齊開四去	lejh	rˤeph	
劦	REP	荔 珕	荔 珕	力智	來支開三去	lieh		
劦	KEP	協 勰 劦 𤙒 𢂐	協 勰 劦 𤙒 𢂐	胡頰	匣怗開四入	ghep	ɡˤep	
劦	KEP	脅 姭	脅 姭	許欠	曉嚴開三去	hyomh		
劦	KEP	脅 𣣲 𣢩 愶 嗋 熁 𣹩 拹	脅 𣣲 𣢩 愶 嗋 熁 𣹩 拹	虚業	曉業開三入	hyop	hep	
虒	LE	鷈 𠥸 䖙 㔸 謕 𩤽	鷈 𠥸 䖙 㔸 謕 𩤽	土雞	透齊開四平	thej	l̥ˤe	
虒	LE	嗁 蹏 鼶 䖙 𥉘 謕 𨪉 㡗	嗁 蹏 鼶 䖙 𥉘 謕 𨪉 㡗	杜奚	定齊開四平	dej	lˤe	
虒	LE	遞	遞	徒禮	定齊開四上	dejq	lˤeʔ	
虒	LE	遞	遞	特計	定齊開四去	dejh		
虒	LE	搋	搋	丑皆	徹皆開二平	trheej		
虒	LE	㡗	㡗	呼雞	曉齊開四平	hej		
虒	LE	㾷	㾷	先稽	心齊開四平	sej		
虒	LE	𦃇	𦃇	郎奚	來齊開四平	lej		
虒	LE	褫	褫	敕豸	徹支開三上	trhieq	l̥reʔ	
虒	LE	褫	褫	敕里	徹之開三上	trhyq		
虒	LE	𠩗 㥴 歋 螔 𠐀 𣣢 <𠪗>	𠩗 㥴 歋 螔 𠐀 𣣢 𠪗	弋支	以支開三平	jie	le	·𠩗，《說文·㳄部》：「𠩗，歠也。从㳄、𠂆聲。讀若移。」·𣣢，蓋「𠪗」之訛字。
虒	LE	㥴	㥴	移爾	以支開三上	jieq		
虒	LE	擨	擨	以遮	以麻開三平	jiae		
虒	LE	篪 䶵 褫 傂 䞾	篪 䶵 褫 傂 䞾	直離	澄支開三平	drie	lre	
虒	LE	褫 傂 䚦	褫 傂 䚦	池爾	澄支開三上	drieq	lreʔ	
虒	LE	虒 榹 㴲 磃 㾷 傂 謕 鼶 螔 䫢 禠	虒 榹 㴲 磃 㾷 傂 謕 鼶 螔 䫢 禠	息移	心支開三平	sie	ɬe	
廌	LE	廌	廌	宅買	澄佳開二上	dreeq	lrˤeʔ	
廌	LE	廌	廌	池爾	澄支開三上	drieq		
豸	LE	豸 𧳋	豸 𧳋	宅買	澄佳開二上	dreeq	lrˤeʔ	
豸	LE	豸	豸	池爾	澄支開三上	drieq		
也	LE	髢	髢	特計	定齊開四去	dejh	lˤeh	
也	LE	忚	忚	呼雞	曉齊開四平	hej		
也	LE	阤	阤	施是	書支開三上	sjieq		
也	LE	酏 迆 衪 肔 崺 扡	酏 迆 衪 肔 崺 扡	移爾	以支開三上	jieq	leʔ	
也	LE	貤 㒾	貤 㒾	以豉	以支開三去	jieh		
也	LE	也 虵	也 虵	羊者	以麻開三上	jiaeq	laʔ	
也	LE	貤	貤	羊至	以脂開三去	jih		
也	LE	杝 阤	杝 阤	池爾	澄支開三上	drieq	lreʔ	
也	LE	灺	灺	徐野	邪麻開三上	ziaeq		
也	LE	𦧇 𤜣	𦧇 𤜣	神帋	船支開三上	zjieq		
也	LE	貤	貤	神至	船脂開三去	zjih		
也	LE	𤜣	𤜣	承紙	常支開三上	djieq		
聖	LEŊ	聽 廳	聽 廳	他丁	透青開四平	theng	l̥ˤeŋ	·聽，《說文》：「聽，聆也。从耳、𢛳，𡈼聲。」今人或以爲「𢛳」聲，非。陳劍先生謂其字从「德」省、「聖」省聲，本是爲“聖賢”之｛聖｝所造，後假借爲｛聽｝（古漢語中｛聽｝｛聲｝｛聖｝亦密切相關）。說見：陳劍《說“規”等字並論一些特別的形聲字意符》。
聖	LEŊ	聽	聽	他定	透青開四去	thengh	l̥ˤeŋh	
聖	LEŊ	聖	聖	式正	書清開三去	sjiaengh	l̥eŋh	
聖	LEŊ	檉 蟶	檉 蟶	丑貞	徹清開三平	trhiaeng	l̥reŋ	
廷	LEŊ	綎 䩠	綎 䩠	他丁	透青開四平	theng		
廷	LEŊ	珽 脡 侹 頲 𡈼 䦐 <𨳝>	珽 脡 侹 頲 𡈼 䦐 𨳝	他鼎	透青開四上	thengq	l̥ˤeŋʔ	
廷	LEŊ	侹	侹	他定	透青開四去	thengh		
廷	LEŊ	庭 鼮 莛 筳 霆 綎 娗 挺 蜓 廷 㹶 𧓴	庭 鼮 莛 筳 霆 綎 娗 挺 蜓 廷 㹶 𧓴	特丁	定青開四平	deng	lˤeŋ	
廷	LEŊ	挺 艇 鋌 梃 娗 霆 莛 涏 蜓 誔	挺 艇 鋌 梃 娗 霆 莛 涏 蜓 誔	徒鼎	定青開四上	dengq	lˤeŋʔ	
廷	LEŊ	廷	廷	徒徑	定青開四去	dengh		
廷	LEŊ	蜓	蜓	徒典	定先開四上	denq		
廷	LEŊ	涏	涏	堂練	定先開四去	denh		
嬴	LEŊ	嬴 㜲 瀛 籝 贏 䕦 攍	嬴 㜲 瀛 籝 贏 䕦 攍	以成	以清開三平	jiaeng	leŋ	·嬴，《說文》：「嬴，少昊氏之姓也。从女，羸省聲。」·贏，《說文》：「贏，有餘賈利也。從貝，𣎆聲。」段玉裁注：「按惟『羸』『驘』字可云『𣎆』聲。『贏』字當云『從貝、𣎆』。𣎆者、多肉之獸也。故以會意。《女部》『嬴』當云『贏』省聲。今本多誤。以成切。十一部。」傳世「𣎆」聲諸字有兩類讀音：①來組歌部ROI；②以組耕部LEŊ，其得音來源不詳。今分爲兩聲系。
盈	LEŊ	䋼	䋼	他丁	透青開四平	theng		
盈	LEŊ	盈 楹 𤟣 𨜏 𦝚	盈 楹 𤟣 𨜏 𦝚	以成	以清開三平	jiaeng	leŋ	
呈	LEŊ	桯 鞓 𦀚	桯 鞓 𦀚	他丁	透青開四平	theng	l̥ˤeŋ	
呈	LEŊ	徎	徎	他鼎	透青開四上	thengq		
呈	LEŊ	挰	挰	直庚	澄庚開二平	draeng		
呈	LEŊ	鋥	鋥	除更	澄庚開二去	draengh		
呈	LEŊ	桯	桯	戸經	匣青開四平	gheng		
呈	LEŊ	逞 裎 悜 睈	逞 裎 悜 睈	丑郢	徹清開三上	trhiaengq	l̥reŋʔ	
呈	LEŊ	郢 浧	郢 浧	以整	以清開三上	jiaengq	leŋʔ	
呈	LEŊ	呈 程 酲 珵 䇸 裎	呈 程 酲 珵 䇸 裎	直貞	澄清開三平	driaeng	lreŋ	
呈	LEŊ	徎 塣	徎 塣	丈井	澄清開三上	driaengq		
呈	LEŊ	呈	呈	直正	澄清開三去	driaengh	lreŋh	
殸	KLEŊ	馨	馨	呼刑	曉青開四平	heng	hlˤeŋ	
殸	KLEŊ	𣍆	𣍆	奴丁	泥青開四平	neng	nˤeŋ	
殸	KLEŊ	𣍆	𣍆	赤之	昌青開四去	**		·𣍆，告假，又作「寧」。《廣雅·釋詁三》：「𣍆，告也。」王念孫疏證：「𣍆者，謁之告也。亦通作寧。」原本《玉篇》有乃経、乃之二反，後一之韻讀法與其字形不合，其「之」當爲「㝎（定）」之訛，本讀青韻去聲，《玉篇》乃定切、《廣韻》又音乃定切不誤。此誤早行，《裴韻》據收入《脂韻》女脂切，《切韻》系所收之韻讀法（《王一》赤之反、《王三》尺之反、《廣韻》赤之切）蓋亦如此誤，唯其昌母仍費解，待考。
殸	KLEŊ	謦	謦	去挺	溪青開四上	khengq		
殸	KLEŊ	罄 磬 殸 𨆪 鑋	罄 磬 殸 𨆪 鑋	苦定	溪青開四去	khengh	kʰɫˤeŋh	
殸	KLEŊ	䡰 殸	䡰 殸	口莖	溪耕開二平	kheeng		
殸	KLEŊ	聲	聲	書盈	書清開三平	sjiaeng	l̥eŋ	
殸	KLEŊ	韾	韾	挹淫	影侵開三A平	qim		
殸	KLEŊ	𪔰	𪔰	于禁	云侵開三B去	yimh		
甹	PEŊ	俜 甹 𢖊	俜 甹 𢖊	普丁	滂青四平	pheng	pʰˤeŋ	·甹，可能與「平」有諧聲關係。從西周金文辭例看，「甹」古音當在幫組P-，傳世聲系何以諧以組詞待考。
甹	PEŊ	聘 娉 俜	聘 娉 俜	匹正	滂清三A去	phiaengh	pʰeŋh	
甹	LEŊ	𠷓	𠷓	呼刑	曉青開四平	heng	hlˤeŋ	·𠷓，語助詞，又作「甹」、「馨」，《說文》：「𠷓，聲也。从只，甹聲。讀若聲。」徐鍇《繫傳》作「讀若馨」。
甹	LEŊ	梬	梬	以整	以清開三上	jiaengq	leŋʔ	
甹	LEŊ	騁	騁	丑郢	徹清開三上	trhiaengq	l̥reŋʔ	
狄	LEK	逖 𠜓 悐	逖 𠜓 悐	他歷	透錫開四入	thek	l̥ˤek	
狄	LEK	荻 狄 𩷎 梑	荻 狄 𩷎 梑	徒歷	定錫開四入	dek	lˤek	
易	LEK	逷 剔 惕 䯜 踢 𩮜	逷 剔 惕 䯜 踢 𩮜	他歷	透錫開四入	thek	l̥ˤek	
易	LEK	錫 裼 緆 𪎥	錫 裼 緆 𪎥	先擊	心錫開四入	sek	ɬˤek	
易	LEK	𤟍	𤟍	陟革	知麥開二入	treek		·𤟍，《說文》：「𤟍，犬張耳皃。从犬、易聲。」《名義》竹軛反；《玉篇》竹厄切；《王三》陟革反；《裴韻》陟革反；《廣韻》陟革切。
易	LEK	睗 晹 𩮜	睗 晹 𩮜	施隻	書昔開三入	sjiaek		
易	LEK	易 痬 蜴 埸 𡱿	易 痬 蜴 埸 𡱿	羊益	以昔開三入	jiaek	lek	
易	LEK	易 㑥 敡	易 㑥 敡	以豉	以支開三去	jieh	lekh	
易	LEK	賜 𧀩 儩	賜 𧀩 儩	斯義	心支開三去	sieh	ɬekh	
易	LEK	鬄 䯜	鬄 䯜	思積	心昔開三入	siaek		
易	LEK	𩛿	𩛿	徐盈	邪清開三平	ziaeng		
易	LEK	舓	舓	神帋	船支開三上	zjieq		
兆	LEU LAU	洮 挑	洮 挑	土刀	透豪開一平	thaw		
兆	LEU LAU	祧 佻 挑 朓 恌 𣂁 庣 銚 趒 聎	祧 佻 挑 朓 恌 𣂁 庣 銚 趒 聎	吐彫	透蕭開四平	thew	l̥ˤeu	
兆	LEU LAU	朓 䠷	朓 䠷	土了	透蕭開四上	thewq		
兆	LEU LAU	眺 覜 趒 咷 頫 絩	眺 覜 趒 咷 頫 絩	他弔	透蕭開四去	thewh	l̥ˤeuh	
兆	LEU LAU	咷 桃 逃 鼗 鞉 駣	咷 桃 逃 鼗 鞉 駣	徒刀	定豪開一平	daw	lˤau	
兆	LEU LAU	駣 𨱵	駣 𨱵	徒晧	定豪開一上	dawq		
兆	LEU LAU	𨱵	𨱵	徒到	定豪開一去	dawh		
兆	LEU LAU	跳	跳	徒聊	定蕭開四平	dew		
兆	LEU LAU	佻 趒 鮡	佻 趒 鮡	徒聊	定蕭開四平	dew	lˤeu	
兆	LEU LAU	窕 𤕷 𤱩 誂 挑	窕 𤕷 𤱩 誂 挑	徒了	定蕭開四上	dewq	lˤeuʔ	
兆	LEU LAU	銚	銚	徒弔	定蕭開四去	dewh		
兆	LEU LAU	䄻	䄻	直交	澄肴開二平	draew		
兆	LEU LAU	𨱵	𨱵	奴晧	泥豪開一上	nawq		
兆	LEU LAU	𨱵	𨱵	那到	泥豪開一去	nawh		
兆	LEU LAU	䂪	䂪	苦皎	溪蕭開四上	khewq		
兆	LEU LAU	𦾺 珧 銚 姚 恌 洮 烑 餆	𦾺 珧 銚 姚 恌 洮 烑 餆	餘昭	以宵開三平	jiew	l[a]u	
兆	LEU LAU	筄 艞	筄 艞	弋照	以宵開三去	jiewh		
兆	LEU LAU	脁	脁	丑召	徹宵開三去	trhiewh		
兆	LEU LAU	晁	晁	直遙	澄宵開三平	driew		
兆	LEU LAU	兆 旐 狣 䍮 鮡 駣 垗 𠧞	兆 旐 狣 䍮 鮡 駣 垗 𠧞	治小	澄宵開三上	driewq	lr[a]uʔ	
交	KREU PREUK	窔	窔	烏叫	影蕭開四去	qewh	ʔˤeuh	
交	KREU PREUK	咬	咬	於交	影肴開二平	qaew		
交	KREU PREUK	皎 恔 晈 䘨	皎 恔 晈 䘨	古了	見蕭開四上	kewq	kˤeuʔ	
交	KREU PREUK	交 蛟 茭 鵁 鮫 咬 郊 䍊 䢒 䉰 𥹜 鉸 佼 詨	交 蛟 茭 鵁 鮫 咬 郊 䍊 䢒 䉰 𥹜 鉸 佼 詨	古肴	見肴開二平	kaew	krˤeu	
交	KREU PREUK	絞 狡 佼 䕧 筊 𢯴 鉸 姣 烄 䉰	絞 狡 佼 䕧 筊 𢯴 鉸 姣 烄 䉰	古巧	見肴開二上	kaewq	krˤeuʔ	
交	KREU PREUK	校 鉸 較 珓	校 鉸 較 珓	古孝	見肴開二去	kaewh	krˤeu	
交	KREU PREUK	烄	烄	古到	見豪開一去	kawh		
交	KREU PREUK	跤 骹 䂭 頝	跤 骹 䂭 頝	口交	溪肴開二平	khaew	kʰrˤeu	
交	KREU PREUK	䍊	䍊	苦擊	溪錫開四入	khek		
交	KREU PREUK	洨 筊 姣 㬵 𨠦	洨 筊 姣 㬵 𨠦	胡茅	匣肴開二平	ghaew	ɡrˤeu	
交	KREU PREUK	䕧 佼 䉰	䕧 佼 䉰	下巧	匣肴開二上	ghaewq	ɡrˤeuʔ	
交	KREU PREUK	效 効 校 傚 詨	效 効 校 傚 詨	胡敎	匣肴開二去	ghaewh	ɡrˤeuh	
交	KREU PREUK	詨	詨	呼敎	曉肴開二去	haewh	hrˤeuh	
交	KREU PREUK	齩	齩	五巧	疑肴開二上	ngaewq	ŋrˤeuʔ	
交	KREU PREUK	駮 𩐟	駮 𩐟	北角	幫覺二入	poeuk	prˤeuk	
交	KREU PREUK	礮	礮	匹皃	滂肴二去	phaewh		
交	KREU PREUK	㼎	㼎	蒲角	並覺二入	boeuk	brˤeuk	
㿟	—	㿟	㿟	古了	見蕭開四上	kewq		·㿟，白也，｛皎｝之後起會意字。
皛	—	皛 㵿	皛 㵿	胡了	匣蕭開四上	ghewq		
翟	LEUK	趯 䢰 籊	趯 䢰 籊	他歷	透錫開四入	thek	l̥ˤeuk	
翟	LEUK	糶 粜	糶 粜	他弔	透蕭開四去	thewh		·粜，「糶」之省形分化字。
翟	LEUK	䌦	䌦	徒到	定豪開一去	dawh		
翟	LEUK	籊 翟 糴 籴 䌦 䊮	籊 翟 糴 籴 䌦 䊮	徒歷	定錫開四入	dek	lˤeuk	·籴，「糴」之省形分化字。
翟	LEUK	嬥	嬥	徒聊	定蕭開四平	dew		
翟	LEUK	嬥	嬥	徒了	定蕭開四上	dewq		
翟	LEUK	藋 嬥	藋 嬥	徒弔	定蕭開四去	dewh		
翟	LEUK	㪬	㪬	敕角	徹覺二入	trhoeuk		
翟	LEUK	𣤩	𣤩	丑歷	透錫開四入	thek		
翟	LEUK	擢 濯 嬥 𧃔 㺟 蠗 鸐 𩆸 㪬	擢 濯 嬥 𧃔 㺟 蠗 鸐 𩆸 㪬	直角	澄覺二入	droeuk	lrˤeuk	
翟	LEUK	櫂 濯	櫂 濯	直敎	澄肴開二去	draewh	lrˤeukh	
翟	LEUK	翟	翟	瑒伯	澄陌開二入	draek		
翟	LEUK	躍 𩱲 㿑	躍 𩱲 㿑	以灼	以藥開三入	jyak	leuk	
翟	LEUK	燿 耀 曜	燿 耀 曜	弋照	以宵開三去	jiewh	leukh	
龠	LEUK	爚	爚	書藥	書藥開三入	sjyak		
龠	LEUK	禴 蘥 鑰 瀹 𤅢 爚 龠 籥 𢅹 𥌺 鸙 𤒀 <䶳> 𧕋 䟑	禴 蘥 鑰 瀹 𤅢 爚 龠 籥 𢅹 𥌺 鸙 𤒀 䶳 𧕋 䟑	以灼	以藥開三入	jyak	leuk	·𤒀，仰也，《玉篇》作「䶳」，「𤎭」蓋「龠」之訛形。
龠	LEUK	𧢢 𥌺 讑	𧢢 𥌺 讑	弋照	以宵開三去	jiewh		
𠨲	—	𠩃	𠩃	以灼	以藥開三入	jyak		·𠨲，《說文》：「𠨲，岸上見也。从厂，从之省。讀若躍。」陳劍先生疑其「屮」係「止」之流變，「𠨲」本以「止」在「厂」上表示跳躍之義，爲｛躍｝之表意字，故讀若躍，見：裘錫圭《説从“𡴎”聲的从“貝”與从“辵”之字》引陳劍說。
舌²	LEM	䄼 栝 銛	䄼 栝 銛	他玷	透添開四上	themq	l̥ˤemʔ	·銛，與古活切、「𠯑」聲之「銛」爲同形字。
舌²	LEM	狧	狧	吐盍	透盍開一入	thap		
舌²	LEM	甜 恬 湉 𦳇	甜 恬 湉 𦳇	徒兼	定添開四平	dem	lˤem	
舌²	LEM	銛	銛	息廉	心鹽開三平	siem	ɬem	·銛，與古活切、「𠯑」聲之「銛」爲同形字。
枼	LEP LAP	鰈 魼 <鰈>	鰈 魼 鰈	吐盍	透盍開一入	thap		·魼，爲「鰈」之俗省字，中古「枼」上部俗作「去」之形。
枼	LEP LAP	蝶 䑜	蝶 䑜	他協	透怗開四入	thep		
枼	LEP LAP	牒 喋 蹀 諜 堞 䥡 𥷕 牃 褋 惵 蝶 𠗨 揲 𪑧 䁋	牒 喋 蹀 諜 堞 䥡 𥷕 牃 褋 惵 蝶 𠗨 揲 𪑧 䁋	徒協	定怗開四入	dep	lˤep	
枼	LEP LAP	𠗨 喋 𧃹	𠗨 喋 𧃹	丈甲	澄狎開二入	draep		
枼	LEP LAP	弽 䁋 偞	弽 䁋 偞	呼牒	曉怗開四入	hep		
枼	LEP LAP	㰥	㰥	呼計	曉齊開四去	hejh		
枼	LEP LAP	屧 屟 韘 鞢 䕈	屧 屟 韘 鞢 䕈	蘇協	心怗開四入	sep	ɬˤep	
枼	LEP LAP	䢡	䢡	先頰	心怗開四入	sep		
枼	LEP LAP	煠 渫	煠 渫	七洽	崇洽開二入	dzreep		
枼	LEP LAP	喋	喋	丁愜	端怗開四入	tep		
枼	LEP LAP	𪑧	𪑧	盧協	來怗開四入	lep		
枼	LEP LAP	葉 弽 韘	葉 弽 韘	書涉	書葉開三入	sjiep	l̥ap	
枼	LEP LAP	世 貰	世 貰	舒制	書祭開三去	sjiejh	l̥aph	
枼	LEP LAP	跇 䚢	跇 䚢	丑例	徹祭開三去	trhiejh		
枼	LEP LAP	䚢	䚢	丑列	徹薛開三入	trhiet		
枼	LEP LAP	煠 䈎	煠 䈎	丑輒	徹葉開三入	trhiep		
枼	LEP LAP	葉 楪 揲 鍱 偞 枼 煠 䈎 殜	葉 楪 揲 鍱 偞 枼 煠 䈎 殜	與涉	以葉開三入	jiep	l[a]p	
枼	LEP LAP	勩 泄 枻 詍 靾 跇 袣 抴 㵩 呭	勩 泄 枻 詍 靾 跇 袣 抴 㵩 呭	餘制	以祭開三去	jiejh	l[a]ph	
枼	LEP LAP	殜 𩐱	殜 𩐱	余業	以業開三入	jyop		
枼	LEP LAP	抴	抴	羊列	以薛開三入	jiet		
枼	LEP LAP	勩	勩	羊至	以脂開三去	jih		
枼	LEP LAP	䐑 殜	䐑 殜	直葉	澄葉開三入	driep		
枼	LEP LAP	紲 緤 泄 渫 媟 齛 𣽒 疶	紲 緤 泄 渫 媟 齛 𣽒 疶	私列	心薛開三入	siet		
枼	LEP LAP	揲	揲	食列	船薛開三入	zjiet		
枼	LEP LAP	迣	迣	征例	章祭開三去	tjiejh		
